time,decibel
2026-07-13T18:32:48.692,42.5
2026-07-13T18:32:49.095,42.3
2026-07-13T18:32:49.498,47.1
2026-07-13T18:32:49.901,50.2
2026-07-13T18:32:50.304,50.1
2026-07-13T18:32:50.707,49.6
2026-07-13T18:32:51.110,48.1
2026-07-13T18:32:51.513,42.3
2026-07-13T18:32:51.916,42.3
2026-07-13T18:32:52.319,42.3
2026-07-13T18:32:52.722,42.2
2026-07-13T18:32:53.125,42.4
2026-07-13T18:32:53.528,42.2
2026-07-13T18:32:53.931,46.1
2026-07-13T18:32:54.333,45.0
2026-07-13T18:32:54.737,44.5
2026-07-13T18:32:55.139,44.1
2026-07-13T18:32:55.542,48.5
2026-07-13T18:32:55.945,48.6
2026-07-13T18:32:56.348,47.3
2026-07-13T18:32:56.751,46.5
2026-07-13T18:32:57.154,45.4
2026-07-13T18:32:57.557,44.7
2026-07-13T18:32:57.960,44.1
2026-07-13T18:32:58.363,42.2
2026-07-13T18:32:58.766,42.3
2026-07-13T18:32:59.169,42.2
2026-07-13T18:32:59.572,42.2
2026-07-13T18:32:59.975,42.4
2026-07-13T18:33:00.378,46.7
2026-07-13T18:33:00.781,53.2
2026-07-13T18:33:01.184,52.3
2026-07-13T18:33:01.587,50.2
2026-07-13T18:33:01.990,48.3
2026-07-13T18:33:02.393,45.6
2026-07-13T18:33:02.796,45.2
2026-07-13T18:33:03.199,42.9
2026-07-13T18:33:03.601,42.7
2026-07-13T18:33:04.005,42.8
2026-07-13T18:33:04.407,50.2
2026-07-13T18:33:04.810,50.9
2026-07-13T18:33:05.213,50.5
2026-07-13T18:33:05.616,49.8
2026-07-13T18:33:06.019,49.8
2026-07-13T18:33:06.422,48.1
2026-07-13T18:33:06.825,46.8
2026-07-13T18:33:07.228,45.6
2026-07-13T18:33:07.631,42.3
2026-07-13T18:33:08.034,42.4
2026-07-13T18:33:08.437,42.3
2026-07-13T18:33:08.840,42.3
2026-07-13T18:33:09.243,42.5
2026-07-13T18:33:09.646,42.4
2026-07-13T18:33:10.049,42.9
2026-07-13T18:33:10.452,43.1
2026-07-13T18:33:10.855,42.9
2026-07-13T18:33:11.258,60.0
2026-07-13T18:33:11.661,57.9
2026-07-13T18:33:12.064,54.9
2026-07-13T18:33:12.467,56.8
2026-07-13T18:33:12.870,55.8
2026-07-13T18:33:13.273,54.1
2026-07-13T18:33:13.675,51.6
2026-07-13T18:33:14.078,42.2
2026-07-13T18:33:14.481,43.1
2026-07-13T18:33:14.884,51.5
2026-07-13T18:33:15.287,49.5
2026-07-13T18:33:15.690,47.9
2026-07-13T18:33:16.093,46.6
2026-07-13T18:33:16.496,42.2
2026-07-13T18:33:16.899,43.3
2026-07-13T18:33:17.302,48.1
2026-07-13T18:33:17.705,55.6
2026-07-13T18:33:18.108,54.8
2026-07-13T18:33:18.511,52.2
2026-07-13T18:33:18.914,50.1
2026-07-13T18:33:19.317,42.0
2026-07-13T18:33:19.720,42.1
2026-07-13T18:33:20.123,42.3
2026-07-13T18:33:20.526,42.0
2026-07-13T18:33:20.929,42.1
2026-07-13T18:33:21.332,42.3
2026-07-13T18:33:21.735,42.4
2026-07-13T18:33:22.138,42.1
2026-07-13T18:33:22.541,42.3
2026-07-13T18:33:22.944,42.2
2026-07-13T18:33:23.347,42.4
2026-07-13T18:33:23.750,43.8
2026-07-13T18:33:24.153,46.6
2026-07-13T18:33:24.556,45.6
2026-07-13T18:33:24.959,45.1
2026-07-13T18:33:25.361,44.4
2026-07-13T18:33:25.764,50.0
2026-07-13T18:33:26.167,48.5
2026-07-13T18:33:26.570,47.3
2026-07-13T18:33:26.973,46.3
2026-07-13T18:33:27.376,42.1
2026-07-13T18:33:27.779,42.2
2026-07-13T18:33:28.182,42.0
2026-07-13T18:33:28.585,41.9
2026-07-13T18:33:28.988,42.4
2026-07-13T18:33:29.391,42.4
2026-07-13T18:33:29.794,51.5
2026-07-13T18:33:30.197,49.5
2026-07-13T18:33:30.600,47.9
2026-07-13T18:33:31.003,46.4
2026-07-13T18:33:31.406,41.9
2026-07-13T18:33:31.809,42.2
2026-07-13T18:33:32.212,42.1
2026-07-13T18:33:32.615,42.1
2026-07-13T18:33:33.018,42.0
2026-07-13T18:33:33.421,42.6
2026-07-13T18:33:33.824,46.3
2026-07-13T18:33:34.227,45.4
2026-07-13T18:33:34.630,44.6
2026-07-13T18:33:35.033,45.4
2026-07-13T18:33:35.436,44.9
2026-07-13T18:33:35.839,44.2
2026-07-13T18:33:36.242,43.5
2026-07-13T18:33:36.644,42.6
2026-07-13T18:33:37.047,42.3
2026-07-13T18:33:37.450,42.9
2026-07-13T18:33:37.853,42.4
2026-07-13T18:33:38.256,42.4
2026-07-13T18:33:38.659,42.1
2026-07-13T18:33:39.062,44.0
2026-07-13T18:33:39.465,43.6
2026-07-13T18:33:39.868,43.2
2026-07-13T18:33:40.271,43.4
2026-07-13T18:33:40.674,43.3
2026-07-13T18:33:41.077,43.0
2026-07-13T18:33:41.480,42.6
2026-07-13T18:33:41.883,42.7
2026-07-13T18:33:42.286,43.3
2026-07-13T18:33:42.689,48.1
2026-07-13T18:33:43.092,47.0
2026-07-13T18:33:43.495,45.8
2026-07-13T18:33:43.898,46.0
2026-07-13T18:33:44.301,48.0
2026-07-13T18:33:44.704,52.0
2026-07-13T18:33:45.107,51.4
2026-07-13T18:33:45.510,50.3
2026-07-13T18:33:45.913,48.5
2026-07-13T18:33:46.316,43.0
2026-07-13T18:33:46.719,43.0
2026-07-13T18:33:47.122,44.3
2026-07-13T18:33:47.525,51.3
2026-07-13T18:33:47.928,49.4
2026-07-13T18:33:48.331,48.2
2026-07-13T18:33:48.734,47.5
2026-07-13T18:33:49.137,42.2
2026-07-13T18:33:49.540,42.5
2026-07-13T18:33:49.943,42.3
2026-07-13T18:33:50.346,42.1
2026-07-13T18:33:50.748,42.0
2026-07-13T18:33:51.152,42.0
2026-07-13T18:33:51.554,48.1
2026-07-13T18:33:51.957,50.0
2026-07-13T18:33:52.360,50.2
2026-07-13T18:33:52.763,49.3
2026-07-13T18:33:53.166,49.6
2026-07-13T18:33:53.570,48.4
2026-07-13T18:33:53.972,46.9
2026-07-13T18:33:54.375,46.0
2026-07-13T18:33:54.778,43.0
2026-07-13T18:33:55.181,42.7
2026-07-13T18:33:55.584,43.0
2026-07-13T18:33:55.987,43.9
2026-07-13T18:33:56.390,43.4
2026-07-13T18:33:56.793,43.7
2026-07-13T18:33:57.196,44.1
2026-07-13T18:33:57.599,44.2
2026-07-13T18:33:58.002,44.3
2026-07-13T18:33:58.405,43.9
2026-07-13T18:33:58.808,43.3
2026-07-13T18:33:59.211,42.9
2026-07-13T18:33:59.614,42.1
2026-07-13T18:34:00.017,42.2
2026-07-13T18:34:00.420,42.0
2026-07-13T18:34:00.823,42.0
2026-07-13T18:34:01.226,42.2
2026-07-13T18:34:01.629,42.3
2026-07-13T18:34:02.032,42.1
2026-07-13T18:34:02.435,42.1
2026-07-13T18:34:02.839,42.4
2026-07-13T18:34:03.241,42.0
2026-07-13T18:34:03.644,48.2
2026-07-13T18:34:04.047,46.7
2026-07-13T18:34:04.450,45.5
2026-07-13T18:34:04.853,44.8
2026-07-13T18:34:05.256,42.3
2026-07-13T18:34:05.659,42.3
2026-07-13T18:34:06.062,42.3
2026-07-13T18:34:06.465,46.9
2026-07-13T18:34:06.868,50.8
2026-07-13T18:34:07.271,49.3
2026-07-13T18:34:07.674,48.0
2026-07-13T18:34:08.077,46.7
2026-07-13T18:34:08.480,42.4
2026-07-13T18:34:08.883,42.1
2026-07-13T18:34:09.286,42.2
2026-07-13T18:34:09.689,45.9
2026-07-13T18:34:10.092,44.8
2026-07-13T18:34:10.495,44.1
2026-07-13T18:34:10.898,43.7
2026-07-13T18:34:11.301,42.9
2026-07-13T18:34:11.704,42.3
2026-07-13T18:34:12.107,42.1
2026-07-13T18:34:12.510,43.5
2026-07-13T18:34:12.912,45.8
2026-07-13T18:34:13.315,45.4
2026-07-13T18:34:13.718,45.1
2026-07-13T18:34:14.121,47.3
2026-07-13T18:34:14.524,46.3
2026-07-13T18:34:14.927,45.4
2026-07-13T18:34:15.330,44.5
2026-07-13T18:34:15.733,42.2
2026-07-13T18:34:16.136,42.2
2026-07-13T18:34:16.539,42.5
2026-07-13T18:34:16.942,76.8
2026-07-13T18:34:17.345,69.7
2026-07-13T18:34:17.748,63.9
2026-07-13T18:34:18.151,59.3
2026-07-13T18:34:18.554,42.3
2026-07-13T18:34:18.957,42.1
2026-07-13T18:34:19.360,42.6
2026-07-13T18:34:19.763,44.9
2026-07-13T18:34:20.166,45.5
2026-07-13T18:34:20.569,44.9
2026-07-13T18:34:20.972,44.3
2026-07-13T18:34:21.375,44.3
2026-07-13T18:34:21.778,44.4
2026-07-13T18:34:22.181,44.0
2026-07-13T18:34:22.584,43.6
2026-07-13T18:34:22.987,43.1
2026-07-13T18:34:23.390,42.3
2026-07-13T18:34:23.793,42.8
2026-07-13T18:34:24.196,42.5
2026-07-13T18:34:24.599,44.8
2026-07-13T18:34:25.002,44.3
2026-07-13T18:34:25.405,45.6
2026-07-13T18:34:25.808,45.4
2026-07-13T18:34:26.211,44.7
2026-07-13T18:34:26.614,44.0
2026-07-13T18:34:27.017,42.2
2026-07-13T18:34:27.420,42.2
2026-07-13T18:34:27.823,50.1
2026-07-13T18:34:28.226,51.5
2026-07-13T18:34:28.629,51.2
2026-07-13T18:34:29.032,49.4
2026-07-13T18:34:29.435,47.9
2026-07-13T18:34:29.838,42.2
2026-07-13T18:34:30.241,42.3
2026-07-13T18:34:30.644,43.0
2026-07-13T18:34:31.047,42.6
2026-07-13T18:34:31.450,42.2
2026-07-13T18:34:31.853,44.0
2026-07-13T18:34:32.256,43.5
2026-07-13T18:34:32.659,51.5
2026-07-13T18:34:33.062,51.9
2026-07-13T18:34:33.465,51.4
2026-07-13T18:34:33.868,50.9
2026-07-13T18:34:34.271,50.5
2026-07-13T18:34:34.674,44.7
2026-07-13T18:34:35.077,42.9
2026-07-13T18:34:35.480,59.0
2026-07-13T18:34:35.883,55.3
2026-07-13T18:34:36.287,52.7
2026-07-13T18:34:36.689,51.4
2026-07-13T18:34:37.092,54.0
2026-07-13T18:34:37.495,57.7
2026-07-13T18:34:37.898,56.1
2026-07-13T18:34:38.301,55.2
2026-07-13T18:34:38.704,53.4
2026-07-13T18:34:39.107,43.4
2026-07-13T18:34:39.510,43.9
2026-07-13T18:34:39.913,44.3
2026-07-13T18:34:40.316,46.9
2026-07-13T18:34:40.719,49.7
2026-07-13T18:34:41.122,55.0
2026-07-13T18:34:41.525,54.2
2026-07-13T18:34:41.927,63.6
2026-07-13T18:34:42.331,62.8
2026-07-13T18:34:42.733,58.5
2026-07-13T18:34:43.136,55.0
2026-07-13T18:34:43.539,41.9
2026-07-13T18:34:43.942,53.3
2026-07-13T18:34:44.345,63.1
2026-07-13T18:34:44.748,62.1
2026-07-13T18:34:45.151,60.9
2026-07-13T18:34:45.554,57.9
2026-07-13T18:34:45.957,47.7
2026-07-13T18:34:46.360,41.9
2026-07-13T18:34:46.763,41.9
2026-07-13T18:34:47.166,41.8
2026-07-13T18:34:47.569,42.2
2026-07-13T18:34:47.972,49.0
2026-07-13T18:34:48.375,48.0
2026-07-13T18:34:48.778,46.9
2026-07-13T18:34:49.181,46.0
2026-07-13T18:34:49.584,42.5
2026-07-13T18:34:49.987,42.3
2026-07-13T18:34:50.390,43.0
2026-07-13T18:34:50.793,42.7
2026-07-13T18:34:51.196,42.3
2026-07-13T18:34:51.599,42.4
2026-07-13T18:34:52.002,42.6
2026-07-13T18:34:52.405,45.6
2026-07-13T18:34:52.808,45.2
2026-07-13T18:34:53.211,50.4
2026-07-13T18:34:53.614,52.3
2026-07-13T18:34:54.017,51.7
2026-07-13T18:34:54.420,51.2
2026-07-13T18:34:54.823,49.6
2026-07-13T18:34:55.228,42.5
2026-07-13T18:34:55.629,42.8
2026-07-13T18:34:56.032,42.4
2026-07-13T18:34:56.435,42.3
2026-07-13T18:34:56.838,42.2
2026-07-13T18:34:57.241,42.7
2026-07-13T18:34:57.644,42.7
2026-07-13T18:34:58.047,43.6
2026-07-13T18:34:58.450,46.3
2026-07-13T18:34:58.853,48.7
2026-07-13T18:34:59.256,47.7
2026-07-13T18:34:59.659,46.7
2026-07-13T18:35:00.061,45.9
2026-07-13T18:35:00.464,43.3
2026-07-13T18:35:00.867,43.1
2026-07-13T18:35:01.270,43.6
2026-07-13T18:35:01.673,43.5
2026-07-13T18:35:02.076,45.7
2026-07-13T18:35:02.479,44.8
2026-07-13T18:35:02.882,44.3
2026-07-13T18:35:03.285,43.8
2026-07-13T18:35:03.688,43.3
2026-07-13T18:35:04.091,43.1
2026-07-13T18:35:04.494,46.1
2026-07-13T18:35:04.897,46.7
2026-07-13T18:35:05.300,45.8
2026-07-13T18:35:05.703,45.0
2026-07-13T18:35:06.106,44.2
2026-07-13T18:35:06.509,42.7
2026-07-13T18:35:06.912,42.5
2026-07-13T18:35:07.315,42.4
2026-07-13T18:35:07.718,42.9
2026-07-13T18:35:08.121,42.8
2026-07-13T18:35:08.524,42.7
2026-07-13T18:35:08.927,42.7
2026-07-13T18:35:09.330,43.5
2026-07-13T18:35:09.733,45.1
2026-07-13T18:35:10.136,48.9
2026-07-13T18:35:10.539,48.2
2026-07-13T18:35:10.942,47.2
2026-07-13T18:35:11.345,46.0
2026-07-13T18:35:11.748,42.5
2026-07-13T18:35:12.151,42.5
2026-07-13T18:35:12.554,42.4
2026-07-13T18:35:12.957,42.3
2026-07-13T18:35:13.360,43.0
2026-07-13T18:35:13.763,42.9
2026-07-13T18:35:14.166,42.8
2026-07-13T18:35:14.569,45.5
2026-07-13T18:35:14.972,44.8
2026-07-13T18:35:15.375,44.3
2026-07-13T18:35:15.778,44.9
2026-07-13T18:35:16.181,50.5
2026-07-13T18:35:16.584,50.9
2026-07-13T18:35:16.987,52.9
2026-07-13T18:35:17.390,52.1
2026-07-13T18:35:17.793,54.0
2026-07-13T18:35:18.196,53.1
2026-07-13T18:35:18.599,54.9
2026-07-13T18:35:19.002,54.4
2026-07-13T18:35:19.405,55.7
2026-07-13T18:35:19.808,54.3
2026-07-13T18:35:20.211,53.0
2026-07-13T18:35:20.614,51.5
2026-07-13T18:35:21.017,47.6
2026-07-13T18:35:21.420,45.7
2026-07-13T18:35:21.823,49.3
2026-07-13T18:35:22.226,48.5
2026-07-13T18:35:22.629,48.7
2026-07-13T18:35:23.032,48.0
2026-07-13T18:35:23.435,46.9
2026-07-13T18:35:23.838,46.3
2026-07-13T18:35:24.241,43.6
2026-07-13T18:35:24.644,43.3
2026-07-13T18:35:25.046,45.4
2026-07-13T18:35:25.450,45.0
2026-07-13T18:35:25.852,44.4
2026-07-13T18:35:26.255,43.7
2026-07-13T18:35:26.658,50.9
2026-07-13T18:35:27.062,49.4
2026-07-13T18:35:27.464,49.0
2026-07-13T18:35:27.867,47.6
2026-07-13T18:35:28.270,42.7
2026-07-13T18:35:28.674,42.5
2026-07-13T18:35:29.076,42.0
2026-07-13T18:35:29.479,42.5
2026-07-13T18:35:29.882,42.9
2026-07-13T18:35:30.286,42.5
2026-07-13T18:35:30.688,42.4
2026-07-13T18:35:31.091,59.4
2026-07-13T18:35:31.494,57.6
2026-07-13T18:35:31.897,57.0
2026-07-13T18:35:32.300,55.4
2026-07-13T18:35:32.703,52.5
2026-07-13T18:35:33.106,45.4
2026-07-13T18:35:33.509,53.1
2026-07-13T18:35:33.912,53.0
2026-07-13T18:35:34.315,50.7
2026-07-13T18:35:34.718,49.0
2026-07-13T18:35:35.121,49.8
2026-07-13T18:35:35.524,60.5
2026-07-13T18:35:35.927,61.0
2026-07-13T18:35:36.330,57.3
2026-07-13T18:35:36.733,54.1
2026-07-13T18:35:37.136,51.8
2026-07-13T18:35:37.539,42.2
2026-07-13T18:35:37.942,42.2
2026-07-13T18:35:38.345,42.3
2026-07-13T18:35:38.748,42.2
2026-07-13T18:35:39.151,42.2
2026-07-13T18:35:39.554,42.1
2026-07-13T18:35:39.957,52.2
2026-07-13T18:35:40.360,50.0
2026-07-13T18:35:40.763,53.5
2026-07-13T18:35:41.166,53.2
2026-07-13T18:35:41.569,52.6
2026-07-13T18:35:41.972,50.9
2026-07-13T18:35:42.375,56.7
2026-07-13T18:35:42.778,55.5
2026-07-13T18:35:43.181,59.2
2026-07-13T18:35:43.584,58.6
2026-07-13T18:35:43.987,57.9
2026-07-13T18:35:44.390,56.5
2026-07-13T18:35:44.793,44.3
2026-07-13T18:35:45.196,42.2
2026-07-13T18:35:45.599,43.9
2026-07-13T18:35:46.002,43.7
2026-07-13T18:35:46.405,53.4
2026-07-13T18:35:46.808,51.1
2026-07-13T18:35:47.211,49.2
2026-07-13T18:35:47.614,47.7
2026-07-13T18:35:48.017,53.2
2026-07-13T18:35:48.420,52.8
2026-07-13T18:35:48.823,51.5
2026-07-13T18:35:49.226,50.9
2026-07-13T18:35:49.629,42.4
2026-07-13T18:35:50.032,53.6
2026-07-13T18:35:50.435,51.3
2026-07-13T18:35:50.838,49.4
2026-07-13T18:35:51.241,48.0
2026-07-13T18:35:51.644,51.4
2026-07-13T18:35:52.047,50.0
2026-07-13T18:35:52.450,49.5
2026-07-13T18:35:52.853,49.3
2026-07-13T18:35:53.256,42.9
2026-07-13T18:35:53.659,42.1
2026-07-13T18:35:54.062,42.1
2026-07-13T18:35:54.465,42.4
2026-07-13T18:35:54.868,42.4
2026-07-13T18:35:55.271,46.0
2026-07-13T18:35:55.674,48.2
2026-07-13T18:35:56.077,46.9
2026-07-13T18:35:56.480,45.8
2026-07-13T18:35:56.883,50.4
2026-07-13T18:35:57.286,51.5
2026-07-13T18:35:57.689,49.5
2026-07-13T18:35:58.092,48.1
2026-07-13T18:35:58.495,47.6
2026-07-13T18:35:58.898,50.4
2026-07-13T18:35:59.301,49.1
2026-07-13T18:35:59.704,47.4
2026-07-13T18:36:00.107,46.2
2026-07-13T18:36:00.510,42.4
2026-07-13T18:36:00.913,43.6
2026-07-13T18:36:01.316,43.4
2026-07-13T18:36:01.719,43.2
2026-07-13T18:36:02.122,42.9
2026-07-13T18:36:02.525,42.2
2026-07-13T18:36:02.928,42.4
2026-07-13T18:36:03.331,42.2
2026-07-13T18:36:03.734,42.4
2026-07-13T18:36:04.137,42.1
2026-07-13T18:36:04.540,42.1
2026-07-13T18:36:04.943,42.1
2026-07-13T18:36:05.346,42.2
2026-07-13T18:36:05.749,42.2
2026-07-13T18:36:06.152,42.4
2026-07-13T18:36:06.555,42.1
2026-07-13T18:36:06.958,42.1
2026-07-13T18:36:07.361,42.0
2026-07-13T18:36:07.764,41.9
2026-07-13T18:36:08.167,42.0
2026-07-13T18:36:08.570,42.5
2026-07-13T18:36:08.973,42.1
2026-07-13T18:36:09.376,42.1
2026-07-13T18:36:09.779,42.4
2026-07-13T18:36:10.182,42.1
2026-07-13T18:36:10.585,42.2
2026-07-13T18:36:10.988,42.1
2026-07-13T18:36:11.391,54.0
2026-07-13T18:36:11.794,56.1
2026-07-13T18:36:12.197,53.4
2026-07-13T18:36:12.600,51.0
2026-07-13T18:36:13.003,49.0
2026-07-13T18:36:13.406,45.5
2026-07-13T18:36:13.809,42.8
2026-07-13T18:36:14.212,52.0
2026-07-13T18:36:14.615,50.3
2026-07-13T18:36:15.018,48.3
2026-07-13T18:36:15.421,46.9
2026-07-13T18:36:15.824,43.8
2026-07-13T18:36:16.227,52.9
2026-07-13T18:36:16.630,50.5
2026-07-13T18:36:17.033,48.8
2026-07-13T18:36:17.436,47.4
2026-07-13T18:36:17.839,47.2
2026-07-13T18:36:18.242,45.4
2026-07-13T18:36:18.645,42.4
2026-07-13T18:36:19.048,44.4
2026-07-13T18:36:19.451,51.2
2026-07-13T18:36:19.854,51.7
2026-07-13T18:36:20.257,49.8
2026-07-13T18:36:20.660,47.9
2026-07-13T18:36:21.063,46.6
2026-07-13T18:36:21.466,43.0
2026-07-13T18:36:21.869,59.3
2026-07-13T18:36:22.272,57.4
2026-07-13T18:36:22.675,54.3
2026-07-13T18:36:23.078,51.9
2026-07-13T18:36:23.480,41.8
2026-07-13T18:36:23.883,49.2
2026-07-13T18:36:24.286,55.3
2026-07-13T18:36:24.689,60.3
2026-07-13T18:36:25.092,59.1
2026-07-13T18:36:25.495,55.8
2026-07-13T18:36:25.898,53.1
2026-07-13T18:36:26.301,42.1
2026-07-13T18:36:26.704,42.3
2026-07-13T18:36:27.107,42.1
2026-07-13T18:36:27.510,50.5
2026-07-13T18:36:27.913,50.3
2026-07-13T18:36:28.316,49.1
2026-07-13T18:36:28.719,47.7
2026-07-13T18:36:29.122,42.1
2026-07-13T18:36:29.525,42.5
2026-07-13T18:36:29.928,42.3
2026-07-13T18:36:30.331,42.3
2026-07-13T18:36:30.734,45.1
2026-07-13T18:36:31.137,49.5
2026-07-13T18:36:31.540,48.8
2026-07-13T18:36:31.943,47.5
2026-07-13T18:36:32.346,46.6
2026-07-13T18:36:32.749,46.4
2026-07-13T18:36:33.152,42.1
2026-07-13T18:36:33.555,42.1
2026-07-13T18:36:33.958,42.2
2026-07-13T18:36:34.361,42.0
2026-07-13T18:36:34.764,42.2
2026-07-13T18:36:35.167,42.3
2026-07-13T18:36:35.570,50.8
2026-07-13T18:36:35.973,50.4
2026-07-13T18:36:36.376,50.2
2026-07-13T18:36:36.779,49.7
2026-07-13T18:36:37.182,43.7
2026-07-13T18:36:37.585,56.6
2026-07-13T18:36:37.988,56.1
2026-07-13T18:36:38.391,56.0
2026-07-13T18:36:38.794,55.5
2026-07-13T18:36:39.197,53.2
2026-07-13T18:36:39.600,51.0
2026-07-13T18:36:40.003,53.5
2026-07-13T18:36:40.406,51.3
2026-07-13T18:36:40.809,50.0
2026-07-13T18:36:41.212,48.4
2026-07-13T18:36:41.615,42.0
2026-07-13T18:36:42.018,42.1
2026-07-13T18:36:42.421,42.2
2026-07-13T18:36:42.824,42.1
2026-07-13T18:36:43.227,47.4
2026-07-13T18:36:43.630,47.7
2026-07-13T18:36:44.033,48.3
2026-07-13T18:36:44.436,47.5
2026-07-13T18:36:44.839,46.2
2026-07-13T18:36:45.242,45.2
2026-07-13T18:36:45.645,45.5
2026-07-13T18:36:46.048,45.0
2026-07-13T18:36:46.451,53.2
2026-07-13T18:36:46.854,52.1
2026-07-13T18:36:47.257,50.2
2026-07-13T18:36:47.660,48.6
2026-07-13T18:36:48.063,42.2
2026-07-13T18:36:48.466,42.7
2026-07-13T18:36:48.869,42.6
2026-07-13T18:36:49.272,42.2
2026-07-13T18:36:49.675,42.5
2026-07-13T18:36:50.078,43.6
2026-07-13T18:36:50.481,43.2
2026-07-13T18:36:50.884,42.7
2026-07-13T18:36:51.287,42.4
2026-07-13T18:36:51.690,42.3
2026-07-13T18:36:52.093,41.9
2026-07-13T18:36:52.496,42.4
2026-07-13T18:36:52.899,42.2
2026-07-13T18:36:53.302,41.8
2026-07-13T18:36:53.707,42.0
2026-07-13T18:36:54.108,41.8
2026-07-13T18:36:54.511,42.7
2026-07-13T18:36:54.914,50.3
2026-07-13T18:36:55.317,50.4
2026-07-13T18:36:55.720,49.2
2026-07-13T18:36:56.123,47.9
2026-07-13T18:36:56.526,46.7
2026-07-13T18:36:56.929,46.2
2026-07-13T18:36:57.332,42.6
2026-07-13T18:36:57.735,43.4
2026-07-13T18:36:58.138,43.3
2026-07-13T18:36:58.541,42.9
2026-07-13T18:36:58.944,42.5
2026-07-13T18:36:59.347,42.8
2026-07-13T18:36:59.750,43.1
2026-07-13T18:37:00.153,43.4
2026-07-13T18:37:00.556,44.1
2026-07-13T18:37:00.959,45.6
2026-07-13T18:37:01.362,49.9
2026-07-13T18:37:01.765,49.6
2026-07-13T18:37:02.167,50.2
2026-07-13T18:37:02.570,50.5
2026-07-13T18:37:02.973,51.4
2026-07-13T18:37:03.376,51.4
2026-07-13T18:37:03.779,51.7
2026-07-13T18:37:04.183,52.7
2026-07-13T18:37:04.585,52.5
2026-07-13T18:37:04.988,52.8
2026-07-13T18:37:05.391,53.0
2026-07-13T18:37:05.794,53.1
2026-07-13T18:37:06.197,53.3
2026-07-13T18:37:06.600,53.4
2026-07-13T18:37:07.003,53.2
2026-07-13T18:37:07.406,53.2
2026-07-13T18:37:07.809,53.3
2026-07-13T18:37:08.212,53.6
2026-07-13T18:37:08.615,53.8
2026-07-13T18:37:09.018,53.6
2026-07-13T18:37:09.421,53.3
2026-07-13T18:37:09.824,53.8
2026-07-13T18:37:10.227,53.4
2026-07-13T18:37:10.630,53.3
2026-07-13T18:37:11.033,53.4
2026-07-13T18:37:11.436,53.1
2026-07-13T18:37:11.839,53.3
2026-07-13T18:37:12.242,53.0
2026-07-13T18:37:12.645,53.3
2026-07-13T18:37:13.048,52.9
2026-07-13T18:37:13.451,53.0
2026-07-13T18:37:13.854,52.9
2026-07-13T18:37:14.257,53.0
2026-07-13T18:37:14.660,52.7
2026-07-13T18:37:15.063,52.5
2026-07-13T18:37:15.466,52.4
2026-07-13T18:37:15.869,52.5
2026-07-13T18:37:16.272,52.5
2026-07-13T18:37:16.675,52.3
2026-07-13T18:37:17.078,52.1
2026-07-13T18:37:17.481,52.3
2026-07-13T18:37:17.884,52.0
2026-07-13T18:37:18.287,51.6
2026-07-13T18:37:18.689,51.4
2026-07-13T18:37:19.092,51.2
2026-07-13T18:37:19.495,50.7
2026-07-13T18:37:19.898,50.5
2026-07-13T18:37:20.301,50.2
2026-07-13T18:37:20.704,50.1
2026-07-13T18:37:21.107,50.0
2026-07-13T18:37:21.510,49.0
2026-07-13T18:37:21.913,50.0
2026-07-13T18:37:22.316,51.5
2026-07-13T18:37:22.719,50.3
2026-07-13T18:37:23.122,49.9
2026-07-13T18:37:23.525,51.3
2026-07-13T18:37:23.928,52.8
2026-07-13T18:37:24.331,52.4
2026-07-13T18:37:24.734,51.8
2026-07-13T18:37:25.137,50.6
2026-07-13T18:37:25.540,46.7
2026-07-13T18:37:25.943,46.5
2026-07-13T18:37:26.346,51.0
2026-07-13T18:37:26.749,50.5
2026-07-13T18:37:27.152,49.5
2026-07-13T18:37:27.555,48.4
2026-07-13T18:37:27.958,44.0
2026-07-13T18:37:28.361,43.6
2026-07-13T18:37:28.764,44.1
2026-07-13T18:37:29.167,44.9
2026-07-13T18:37:29.570,47.1
2026-07-13T18:37:29.973,46.1
2026-07-13T18:37:30.376,45.4
2026-07-13T18:37:30.779,44.6
2026-07-13T18:37:31.182,43.0
2026-07-13T18:37:31.585,43.3
2026-07-13T18:37:31.988,43.0
2026-07-13T18:37:32.390,42.9
2026-07-13T18:37:32.793,43.0
2026-07-13T18:37:33.196,42.8
2026-07-13T18:37:33.599,42.6
2026-07-13T18:37:34.002,43.1
2026-07-13T18:37:34.405,43.0
2026-07-13T18:37:34.808,43.4
2026-07-13T18:37:35.211,43.7
2026-07-13T18:37:35.614,43.7
2026-07-13T18:37:36.017,43.6
2026-07-13T18:37:36.420,43.4
2026-07-13T18:37:36.823,43.3
2026-07-13T18:37:37.226,43.4
2026-07-13T18:37:37.629,43.7
2026-07-13T18:37:38.032,43.6
2026-07-13T18:37:38.435,43.6
2026-07-13T18:37:38.838,43.5
2026-07-13T18:37:39.241,43.5
2026-07-13T18:37:39.644,43.7
2026-07-13T18:37:40.047,43.7
2026-07-13T18:37:40.450,43.6
2026-07-13T18:37:40.853,44.4
2026-07-13T18:37:41.256,44.4
2026-07-13T18:37:41.659,44.3
2026-07-13T18:37:42.062,44.1
2026-07-13T18:37:42.465,44.8
2026-07-13T18:37:42.868,44.4
2026-07-13T18:37:43.271,44.1
2026-07-13T18:37:43.674,44.3
2026-07-13T18:37:44.077,44.2
2026-07-13T18:37:44.480,44.5
2026-07-13T18:37:44.883,44.3
2026-07-13T18:37:45.288,44.2
2026-07-13T18:37:45.689,44.3
2026-07-13T18:37:46.092,45.3
2026-07-13T18:37:46.495,45.9
2026-07-13T18:37:46.898,47.5
2026-07-13T18:37:47.301,49.1
2026-07-13T18:37:47.704,50.6
2026-07-13T18:37:48.107,52.2
2026-07-13T18:37:48.510,53.0
2026-07-13T18:37:48.913,53.1
2026-07-13T18:37:49.316,52.9
2026-07-13T18:37:49.719,52.5
2026-07-13T18:37:50.122,50.9
2026-07-13T18:37:50.525,44.0
2026-07-13T18:37:50.928,43.2
2026-07-13T18:37:51.331,42.8
2026-07-13T18:37:51.734,44.6
2026-07-13T18:37:52.137,44.0
2026-07-13T18:37:52.540,43.6
2026-07-13T18:37:52.943,44.2
2026-07-13T18:37:53.346,44.4
2026-07-13T18:37:53.749,44.0
2026-07-13T18:37:54.152,43.7
2026-07-13T18:37:54.555,43.4
2026-07-13T18:37:54.958,42.4
2026-07-13T18:37:55.361,42.1
2026-07-13T18:37:55.764,42.3
2026-07-13T18:37:56.167,42.6
2026-07-13T18:37:56.570,42.3
2026-07-13T18:37:56.973,42.6
2026-07-13T18:37:57.376,42.7
2026-07-13T18:37:57.779,43.2
2026-07-13T18:37:58.182,42.9
2026-07-13T18:37:58.585,43.3
2026-07-13T18:37:58.988,43.2
2026-07-13T18:37:59.391,42.7
2026-07-13T18:37:59.794,42.6
2026-07-13T18:38:00.197,42.4
2026-07-13T18:38:00.600,42.1
2026-07-13T18:38:01.003,42.2
2026-07-13T18:38:01.406,42.3
2026-07-13T18:38:01.809,42.5
2026-07-13T18:38:02.212,42.4
2026-07-13T18:38:02.615,42.2
2026-07-13T18:38:03.018,42.2
2026-07-13T18:38:03.421,42.3
2026-07-13T18:38:03.824,42.2
2026-07-13T18:38:04.227,42.1
2026-07-13T18:38:04.630,42.5
2026-07-13T18:38:05.033,42.3
2026-07-13T18:38:05.436,42.4
2026-07-13T18:38:05.839,42.2
2026-07-13T18:38:06.242,42.4
2026-07-13T18:38:06.645,42.1
2026-07-13T18:38:07.048,42.0
2026-07-13T18:38:07.451,42.1
2026-07-13T18:38:07.854,42.2
2026-07-13T18:38:08.256,42.4
2026-07-13T18:38:08.660,42.3
2026-07-13T18:38:09.062,43.8
2026-07-13T18:38:09.465,44.7
2026-07-13T18:38:09.869,44.1
2026-07-13T18:38:10.272,43.5
2026-07-13T18:38:10.675,43.2
2026-07-13T18:38:11.078,42.4
2026-07-13T18:38:11.481,42.0
2026-07-13T18:38:11.883,42.2
2026-07-13T18:38:12.287,42.2
2026-07-13T18:38:12.690,42.3
2026-07-13T18:38:13.093,42.1
2026-07-13T18:38:13.496,42.2
2026-07-13T18:38:13.898,42.2
2026-07-13T18:38:14.302,41.8
2026-07-13T18:38:14.704,42.0
2026-07-13T18:38:15.108,42.3
2026-07-13T18:38:15.511,41.9
2026-07-13T18:38:15.914,42.0
2026-07-13T18:38:16.317,42.0
2026-07-13T18:38:16.720,42.4
2026-07-13T18:38:17.123,42.2
2026-07-13T18:38:17.526,42.2
2026-07-13T18:38:17.929,42.0
2026-07-13T18:38:18.332,42.2
2026-07-13T18:38:18.735,42.5
2026-07-13T18:38:19.138,42.3
2026-07-13T18:38:19.541,42.2
2026-07-13T18:38:19.944,41.9
2026-07-13T18:38:20.347,42.2
2026-07-13T18:38:20.750,41.9
2026-07-13T18:38:21.153,42.1
2026-07-13T18:38:21.556,41.9
2026-07-13T18:38:21.959,41.7
2026-07-13T18:38:22.362,42.1
2026-07-13T18:38:22.765,42.9
2026-07-13T18:38:23.168,42.5
2026-07-13T18:38:23.571,42.4
2026-07-13T18:38:23.974,42.1
2026-07-13T18:38:24.377,42.2
2026-07-13T18:38:24.780,41.9
2026-07-13T18:38:25.183,42.2
2026-07-13T18:38:25.586,42.1
2026-07-13T18:38:25.989,42.1
2026-07-13T18:38:26.392,42.1
2026-07-13T18:38:26.795,41.9
2026-07-13T18:38:27.198,41.8
2026-07-13T18:38:27.601,43.0
2026-07-13T18:38:28.004,42.5
2026-07-13T18:38:28.407,42.1
2026-07-13T18:38:28.810,42.4
2026-07-13T18:38:29.213,44.9
2026-07-13T18:38:29.616,44.1
2026-07-13T18:38:30.019,43.4
2026-07-13T18:38:30.422,42.8
2026-07-13T18:38:30.825,42.3
2026-07-13T18:38:31.228,42.5
2026-07-13T18:38:31.631,42.1
2026-07-13T18:38:32.034,42.4
2026-07-13T18:38:32.437,42.2
2026-07-13T18:38:32.840,42.3
2026-07-13T18:38:33.243,42.8
2026-07-13T18:38:33.646,42.4
2026-07-13T18:38:34.049,42.3
2026-07-13T18:38:34.452,42.0
2026-07-13T18:38:34.855,42.0
2026-07-13T18:38:35.258,41.9
2026-07-13T18:38:35.661,42.1
2026-07-13T18:38:36.064,42.0
2026-07-13T18:38:36.467,42.2
2026-07-13T18:38:36.870,42.1
2026-07-13T18:38:37.273,42.5
2026-07-13T18:38:37.676,42.1
2026-07-13T18:38:38.079,42.1
2026-07-13T18:38:38.482,42.1
2026-07-13T18:38:38.885,42.3
2026-07-13T18:38:39.288,42.0
2026-07-13T18:38:39.691,42.2
2026-07-13T18:38:40.094,42.4
2026-07-13T18:38:40.497,42.1
2026-07-13T18:38:40.900,42.1
2026-07-13T18:38:41.303,42.2
2026-07-13T18:38:41.706,42.2
2026-07-13T18:38:42.109,42.3
2026-07-13T18:38:42.512,42.0
2026-07-13T18:38:42.915,42.7
2026-07-13T18:38:43.318,42.6
2026-07-13T18:38:43.721,42.2
2026-07-13T18:38:44.124,42.3
2026-07-13T18:38:44.526,42.0
2026-07-13T18:38:44.929,42.3
2026-07-13T18:38:45.333,42.3
2026-07-13T18:38:45.736,42.2
2026-07-13T18:38:46.138,42.2
2026-07-13T18:38:46.542,42.2
2026-07-13T18:38:46.945,42.4
2026-07-13T18:38:47.347,42.4
2026-07-13T18:38:47.750,42.3
2026-07-13T18:38:48.153,42.3
2026-07-13T18:38:48.556,42.1
2026-07-13T18:38:48.959,42.2
2026-07-13T18:38:49.363,42.1
2026-07-13T18:38:49.766,46.6
2026-07-13T18:38:50.169,45.7
2026-07-13T18:38:50.572,44.9
2026-07-13T18:38:50.975,44.2
2026-07-13T18:38:51.378,41.9
2026-07-13T18:38:51.781,41.9
2026-07-13T18:38:52.184,42.0
2026-07-13T18:38:52.587,42.5
2026-07-13T18:38:52.990,42.1
2026-07-13T18:38:53.393,42.2
2026-07-13T18:38:53.796,42.0
2026-07-13T18:38:54.199,42.1
2026-07-13T18:38:54.602,42.2
2026-07-13T18:38:55.005,42.2
2026-07-13T18:38:55.408,42.1
2026-07-13T18:38:55.811,42.1
2026-07-13T18:38:56.214,42.0
2026-07-13T18:38:56.617,41.9
2026-07-13T18:38:57.020,42.2
2026-07-13T18:38:57.423,42.3
2026-07-13T18:38:57.826,42.1
2026-07-13T18:38:58.228,42.1
2026-07-13T18:38:58.631,42.3
2026-07-13T18:38:59.034,43.2
2026-07-13T18:38:59.437,43.5
2026-07-13T18:38:59.840,43.5
2026-07-13T18:39:00.243,44.0
2026-07-13T18:39:00.646,44.2
2026-07-13T18:39:01.049,44.7
2026-07-13T18:39:01.452,44.2
2026-07-13T18:39:01.855,43.9
2026-07-13T18:39:02.258,43.3
2026-07-13T18:39:02.661,42.6
2026-07-13T18:39:03.064,43.6
2026-07-13T18:39:03.467,43.2
2026-07-13T18:39:03.870,42.9
2026-07-13T18:39:04.273,43.4
2026-07-13T18:39:04.676,43.0
2026-07-13T18:39:05.079,43.3
2026-07-13T18:39:05.482,42.9
2026-07-13T18:39:05.885,42.6
2026-07-13T18:39:06.288,42.2
2026-07-13T18:39:06.691,41.9
2026-07-13T18:39:07.094,42.4
2026-07-13T18:39:07.497,42.3
2026-07-13T18:39:07.900,42.1
2026-07-13T18:39:08.303,42.4
2026-07-13T18:39:08.706,42.3
2026-07-13T18:39:09.109,42.4
2026-07-13T18:39:09.512,44.6
2026-07-13T18:39:09.915,50.1
2026-07-13T18:39:10.318,49.5
2026-07-13T18:39:10.721,48.1
2026-07-13T18:39:11.124,47.1
2026-07-13T18:39:11.527,42.4
2026-07-13T18:39:11.930,42.0
2026-07-13T18:39:12.333,41.9
2026-07-13T18:39:12.736,42.1
2026-07-13T18:39:13.139,42.3
2026-07-13T18:39:13.542,42.3
2026-07-13T18:39:13.945,42.9
2026-07-13T18:39:14.348,47.4
2026-07-13T18:39:14.751,48.9
2026-07-13T18:39:15.154,47.3
2026-07-13T18:39:15.557,46.0
2026-07-13T18:39:15.960,45.5
2026-07-13T18:39:16.363,51.8
2026-07-13T18:39:16.766,50.8
2026-07-13T18:39:17.169,49.1
2026-07-13T18:39:17.572,47.7
2026-07-13T18:39:17.975,42.5
2026-07-13T18:39:18.378,43.0
2026-07-13T18:39:18.781,43.2
2026-07-13T18:39:19.184,44.5
2026-07-13T18:39:19.587,45.4
2026-07-13T18:39:19.990,47.0
2026-07-13T18:39:20.393,48.3
2026-07-13T18:39:20.796,50.0
2026-07-13T18:39:21.199,50.5
2026-07-13T18:39:21.602,51.0
2026-07-13T18:39:22.005,51.6
2026-07-13T18:39:22.408,51.7
2026-07-13T18:39:22.811,52.4
2026-07-13T18:39:23.214,52.3
2026-07-13T18:39:23.617,52.7
2026-07-13T18:39:24.020,52.9
2026-07-13T18:39:24.423,53.0
2026-07-13T18:39:24.826,53.2
2026-07-13T18:39:25.229,53.3
2026-07-13T18:39:25.632,53.3
2026-07-13T18:39:26.035,53.4
2026-07-13T18:39:26.438,53.5
2026-07-13T18:39:26.841,53.7
2026-07-13T18:39:27.244,53.6
2026-07-13T18:39:27.647,53.5
2026-07-13T18:39:28.050,53.4
2026-07-13T18:39:28.453,53.6
2026-07-13T18:39:28.856,53.4
2026-07-13T18:39:29.259,53.5
2026-07-13T18:39:29.662,53.4
2026-07-13T18:39:30.065,53.3
2026-07-13T18:39:30.468,53.1
2026-07-13T18:39:30.871,53.2
2026-07-13T18:39:31.274,52.8
2026-07-13T18:39:31.677,53.1
2026-07-13T18:39:32.080,52.8
2026-07-13T18:39:32.483,52.7
2026-07-13T18:39:32.886,53.1
2026-07-13T18:39:33.289,52.8
2026-07-13T18:39:33.692,52.7
2026-07-13T18:39:34.095,52.9
2026-07-13T18:39:34.498,52.5
2026-07-13T18:39:34.901,52.6
2026-07-13T18:39:35.304,52.6
2026-07-13T18:39:35.707,52.2
2026-07-13T18:39:36.110,52.3
2026-07-13T18:39:36.513,52.0
2026-07-13T18:39:36.916,51.9
2026-07-13T18:39:37.319,51.5
2026-07-13T18:39:37.722,51.1
2026-07-13T18:39:38.124,51.4
2026-07-13T18:39:38.528,51.2
2026-07-13T18:39:38.931,50.9
2026-07-13T18:39:39.334,50.6
2026-07-13T18:39:39.737,50.0
2026-07-13T18:39:40.140,49.1
2026-07-13T18:39:40.543,48.0
2026-07-13T18:39:40.946,47.6
2026-07-13T18:39:41.349,47.5
2026-07-13T18:39:41.752,46.8
2026-07-13T18:39:42.154,46.6
2026-07-13T18:39:42.557,45.9
2026-07-13T18:39:42.960,46.0
2026-07-13T18:39:43.364,45.6
2026-07-13T18:39:43.766,45.4
2026-07-13T18:39:44.169,45.2
2026-07-13T18:39:44.573,44.6
2026-07-13T18:39:44.975,44.0
2026-07-13T18:39:45.378,43.9
2026-07-13T18:39:45.781,43.4
2026-07-13T18:39:46.185,43.5
2026-07-13T18:39:46.588,43.4
2026-07-13T18:39:46.990,43.0
2026-07-13T18:39:47.393,42.6
2026-07-13T18:39:47.796,42.7
2026-07-13T18:39:48.199,42.6
2026-07-13T18:39:48.602,42.4
2026-07-13T18:39:49.005,42.7
2026-07-13T18:39:49.408,42.4
2026-07-13T18:39:49.812,42.0
2026-07-13T18:39:50.215,42.0
2026-07-13T18:39:50.618,41.8
2026-07-13T18:39:51.021,41.8
2026-07-13T18:39:51.424,41.9
2026-07-13T18:39:51.827,44.0
2026-07-13T18:39:52.230,43.5
2026-07-13T18:39:52.633,43.1
2026-07-13T18:39:53.036,42.7
2026-07-13T18:39:53.439,42.1
2026-07-13T18:39:53.842,41.9
2026-07-13T18:39:54.245,42.3
2026-07-13T18:39:54.648,47.4
2026-07-13T18:39:55.050,46.2
2026-07-13T18:39:55.454,45.5
2026-07-13T18:39:55.856,44.7
2026-07-13T18:39:56.259,42.8
2026-07-13T18:39:56.662,42.1
2026-07-13T18:39:57.065,42.1
2026-07-13T18:39:57.468,44.0
2026-07-13T18:39:57.871,43.7
2026-07-13T18:39:58.274,43.6
2026-07-13T18:39:58.677,43.1
2026-07-13T18:39:59.080,42.0
2026-07-13T18:39:59.483,41.8
2026-07-13T18:39:59.886,41.9
2026-07-13T18:40:00.289,42.2
2026-07-13T18:40:00.692,41.9
2026-07-13T18:40:01.095,42.1
2026-07-13T18:40:01.498,42.1
2026-07-13T18:40:01.901,41.8
2026-07-13T18:40:02.304,42.2
2026-07-13T18:40:02.707,41.9
2026-07-13T18:40:03.110,42.2
2026-07-13T18:40:03.513,52.2
2026-07-13T18:40:03.916,50.2
2026-07-13T18:40:04.319,48.5
2026-07-13T18:40:04.722,47.0
2026-07-13T18:40:05.125,43.1
2026-07-13T18:40:05.528,46.3
2026-07-13T18:40:05.931,45.5
2026-07-13T18:40:06.334,46.7
2026-07-13T18:40:06.737,50.4
2026-07-13T18:40:07.140,49.2
2026-07-13T18:40:07.543,50.2
2026-07-13T18:40:07.946,49.1
2026-07-13T18:40:08.349,47.9
2026-07-13T18:40:08.752,46.9
2026-07-13T18:40:09.155,42.7
2026-07-13T18:40:09.558,42.9
2026-07-13T18:40:09.961,42.6
2026-07-13T18:40:10.364,42.3
2026-07-13T18:40:10.767,42.8
2026-07-13T18:40:11.170,42.7
2026-07-13T18:40:11.572,42.6
2026-07-13T18:40:11.975,42.2
2026-07-13T18:40:12.378,42.6
2026-07-13T18:40:12.781,42.4
2026-07-13T18:40:13.184,42.7
2026-07-13T18:40:13.587,43.3
2026-07-13T18:40:13.990,42.8
2026-07-13T18:40:14.393,42.7
2026-07-13T18:40:14.796,42.4
2026-07-13T18:40:15.199,42.3
2026-07-13T18:40:15.602,42.3
2026-07-13T18:40:16.005,41.9
2026-07-13T18:40:16.408,42.3
2026-07-13T18:40:16.811,42.3
2026-07-13T18:40:17.214,42.7
2026-07-13T18:40:17.617,42.6
2026-07-13T18:40:18.020,42.4
2026-07-13T18:40:18.423,42.6
2026-07-13T18:40:18.826,42.5
2026-07-13T18:40:19.229,42.4
2026-07-13T18:40:19.632,42.0
2026-07-13T18:40:20.035,42.2
2026-07-13T18:40:20.438,42.1
2026-07-13T18:40:20.841,41.9
2026-07-13T18:40:21.244,42.0
2026-07-13T18:40:21.647,42.6
2026-07-13T18:40:22.050,42.2
2026-07-13T18:40:22.453,42.1
2026-07-13T18:40:22.856,41.9
2026-07-13T18:40:23.259,42.0
2026-07-13T18:40:23.662,42.6
2026-07-13T18:40:24.065,42.4
2026-07-13T18:40:24.468,42.2
2026-07-13T18:40:24.871,42.2
2026-07-13T18:40:25.274,42.0
2026-07-13T18:40:25.677,42.1
2026-07-13T18:40:26.080,41.9
2026-07-13T18:40:26.483,42.2
2026-07-13T18:40:26.886,42.4
2026-07-13T18:40:27.289,42.3
2026-07-13T18:40:27.691,42.2
2026-07-13T18:40:28.094,42.1
2026-07-13T18:40:28.497,42.0
2026-07-13T18:40:28.900,42.1
2026-07-13T18:40:29.303,41.9
2026-07-13T18:40:29.706,42.2
2026-07-13T18:40:30.109,42.0
2026-07-13T18:40:30.512,41.9
2026-07-13T18:40:30.915,42.0
2026-07-13T18:40:31.318,41.7
2026-07-13T18:40:31.721,42.0
2026-07-13T18:40:32.124,41.7
2026-07-13T18:40:32.527,41.9
2026-07-13T18:40:32.930,41.9
2026-07-13T18:40:33.333,41.8
2026-07-13T18:40:33.736,42.0
2026-07-13T18:40:34.139,42.1
2026-07-13T18:40:34.542,41.7
2026-07-13T18:40:34.945,41.9
2026-07-13T18:40:35.348,42.0
2026-07-13T18:40:35.751,42.2
2026-07-13T18:40:36.154,42.0
2026-07-13T18:40:36.557,42.1
2026-07-13T18:40:36.960,42.0
2026-07-13T18:40:37.363,42.4
2026-07-13T18:40:37.766,42.4
2026-07-13T18:40:38.169,42.1
2026-07-13T18:40:38.572,41.8
2026-07-13T18:40:38.975,42.1
2026-07-13T18:40:39.377,42.3
2026-07-13T18:40:39.780,42.3
2026-07-13T18:40:40.183,42.2
2026-07-13T18:40:40.586,42.1
2026-07-13T18:40:40.989,42.3
2026-07-13T18:40:41.392,42.3
2026-07-13T18:40:41.795,42.6
2026-07-13T18:40:42.198,42.5
2026-07-13T18:40:42.601,42.6
2026-07-13T18:40:43.004,43.8
2026-07-13T18:40:43.407,43.2
2026-07-13T18:40:43.810,43.0
2026-07-13T18:40:44.213,42.6
2026-07-13T18:40:44.616,42.1
2026-07-13T18:40:45.019,42.1
2026-07-13T18:40:45.422,42.2
2026-07-13T18:40:45.825,41.9
2026-07-13T18:40:46.228,42.1
2026-07-13T18:40:46.631,42.0
2026-07-13T18:40:47.034,42.2
2026-07-13T18:40:47.437,42.2
2026-07-13T18:40:47.840,42.6
2026-07-13T18:40:48.243,42.4
2026-07-13T18:40:48.646,42.5
2026-07-13T18:40:49.049,42.7
2026-07-13T18:40:49.452,42.4
2026-07-13T18:40:49.855,42.6
2026-07-13T18:40:50.258,42.7
2026-07-13T18:40:50.661,42.7
2026-07-13T18:40:51.064,43.4
2026-07-13T18:40:51.467,43.0
2026-07-13T18:40:51.869,43.2
2026-07-13T18:40:52.272,47.8
2026-07-13T18:40:52.676,51.9
2026-07-13T18:40:53.078,56.1
2026-07-13T18:40:53.481,54.9
2026-07-13T18:40:53.884,53.9
2026-07-13T18:40:54.287,52.2
2026-07-13T18:40:54.690,43.3
2026-07-13T18:40:55.093,43.0
2026-07-13T18:40:55.496,42.9
2026-07-13T18:40:55.899,43.8
2026-07-13T18:40:56.302,48.5
2026-07-13T18:40:56.705,48.2
2026-07-13T18:40:57.108,46.8
2026-07-13T18:40:57.511,45.9
2026-07-13T18:40:57.914,43.0
2026-07-13T18:40:58.317,42.9
2026-07-13T18:40:58.720,44.1
2026-07-13T18:40:59.123,46.3
2026-07-13T18:40:59.526,45.6
2026-07-13T18:40:59.929,44.7
2026-07-13T18:41:00.332,44.0
2026-07-13T18:41:00.735,42.6
2026-07-13T18:41:01.138,50.3
2026-07-13T18:41:01.541,48.6
2026-07-13T18:41:01.943,47.4
2026-07-13T18:41:02.347,46.5
2026-07-13T18:41:02.749,43.8
2026-07-13T18:41:03.152,45.8
2026-07-13T18:41:03.555,45.3
2026-07-13T18:41:03.958,45.0
2026-07-13T18:41:04.361,44.4
2026-07-13T18:41:04.764,42.9
2026-07-13T18:41:05.167,42.6
2026-07-13T18:41:05.570,42.8
2026-07-13T18:41:05.973,42.8
2026-07-13T18:41:06.376,42.9
2026-07-13T18:41:06.779,43.3
2026-07-13T18:41:07.182,43.0
2026-07-13T18:41:07.585,42.8
2026-07-13T18:41:07.988,42.7
2026-07-13T18:41:08.391,41.8
2026-07-13T18:41:08.794,42.1
2026-07-13T18:41:09.197,41.9
2026-07-13T18:41:09.600,41.7
2026-07-13T18:41:10.003,41.9
2026-07-13T18:41:10.406,42.1
2026-07-13T18:41:10.809,42.0
2026-07-13T18:41:11.212,42.0
2026-07-13T18:41:11.615,42.2
2026-07-13T18:41:12.018,42.1
2026-07-13T18:41:12.421,42.3
2026-07-13T18:41:12.824,42.2
2026-07-13T18:41:13.227,42.8
2026-07-13T18:41:13.630,42.7
2026-07-13T18:41:14.033,42.4
2026-07-13T18:41:14.436,42.2
2026-07-13T18:41:14.839,41.5
2026-07-13T18:41:15.242,42.1
2026-07-13T18:41:15.645,42.7
2026-07-13T18:41:16.048,42.4
2026-07-13T18:41:16.451,43.8
2026-07-13T18:41:16.854,43.4
2026-07-13T18:41:17.257,42.8
2026-07-13T18:41:17.660,42.4
2026-07-13T18:41:18.063,42.2
2026-07-13T18:41:18.466,42.6
2026-07-13T18:41:18.869,42.8
2026-07-13T18:41:19.272,43.4
2026-07-13T18:41:19.675,44.2
2026-07-13T18:41:20.078,45.4
2026-07-13T18:41:20.481,47.1
2026-07-13T18:41:20.884,49.2
2026-07-13T18:41:21.287,50.5
2026-07-13T18:41:21.690,50.9
2026-07-13T18:41:22.093,51.5
2026-07-13T18:41:22.496,51.9
2026-07-13T18:41:22.899,52.1
2026-07-13T18:41:23.302,52.5
2026-07-13T18:41:23.705,52.7
2026-07-13T18:41:24.108,52.8
2026-07-13T18:41:24.511,53.1
2026-07-13T18:41:24.914,52.8
2026-07-13T18:41:25.317,53.1
2026-07-13T18:41:25.720,53.3
2026-07-13T18:41:26.123,53.6
2026-07-13T18:41:26.526,53.5
2026-07-13T18:41:26.929,53.5
2026-07-13T18:41:27.332,53.4
2026-07-13T18:41:27.735,54.2
2026-07-13T18:41:28.138,61.0
2026-07-13T18:41:28.541,59.7
2026-07-13T18:41:28.944,58.6
2026-07-13T18:41:29.347,57.6
2026-07-13T18:41:29.750,53.7
2026-07-13T18:41:30.153,53.2
2026-07-13T18:41:30.556,53.4
2026-07-13T18:41:30.959,53.3
2026-07-13T18:41:31.362,53.2
2026-07-13T18:41:31.765,53.3
2026-07-13T18:41:32.168,53.4
2026-07-13T18:41:32.571,53.0
2026-07-13T18:41:32.974,53.0
2026-07-13T18:41:33.377,52.8
2026-07-13T18:41:33.780,52.8
2026-07-13T18:41:34.183,52.8
2026-07-13T18:41:34.586,52.4
2026-07-13T18:41:34.989,52.3
2026-07-13T18:41:35.392,52.2
2026-07-13T18:41:35.795,51.9
2026-07-13T18:41:36.198,51.8
2026-07-13T18:41:36.601,51.8
2026-07-13T18:41:37.004,51.7
2026-07-13T18:41:37.407,51.6
2026-07-13T18:41:37.810,51.5
2026-07-13T18:41:38.213,51.0
2026-07-13T18:41:38.616,50.7
2026-07-13T18:41:39.019,50.4
2026-07-13T18:41:39.422,50.3
2026-07-13T18:41:39.825,50.5
2026-07-13T18:41:40.228,50.5
2026-07-13T18:41:40.631,54.9
2026-07-13T18:41:41.034,54.1
2026-07-13T18:41:41.437,53.6
2026-07-13T18:41:41.840,53.2
2026-07-13T18:41:42.243,50.0
2026-07-13T18:41:42.646,47.8
2026-07-13T18:41:43.049,47.2
2026-07-13T18:41:43.452,46.5
2026-07-13T18:41:43.855,46.2
2026-07-13T18:41:44.258,46.2
2026-07-13T18:41:44.661,50.4
2026-07-13T18:41:45.064,52.4
2026-07-13T18:41:45.467,51.7
2026-07-13T18:41:45.870,50.0
2026-07-13T18:41:46.273,48.7
2026-07-13T18:41:46.676,44.2
2026-07-13T18:41:47.079,57.4
2026-07-13T18:41:47.482,56.4
2026-07-13T18:41:47.885,55.1
2026-07-13T18:41:48.288,54.5
2026-07-13T18:41:48.691,51.7
2026-07-13T18:41:49.094,43.5
2026-07-13T18:41:49.497,43.5
2026-07-13T18:41:49.900,43.7
2026-07-13T18:41:50.303,44.1
2026-07-13T18:41:50.706,44.0
2026-07-13T18:41:51.109,51.7
2026-07-13T18:41:51.512,53.3
2026-07-13T18:41:51.915,52.9
2026-07-13T18:41:52.318,51.5
2026-07-13T18:41:52.721,49.8
2026-07-13T18:41:53.124,48.6
2026-07-13T18:41:53.527,44.9
2026-07-13T18:41:53.930,43.6
2026-07-13T18:41:54.333,43.4
2026-07-13T18:41:54.736,43.6
2026-07-13T18:41:55.139,43.3
2026-07-13T18:41:55.542,43.0
2026-07-13T18:41:55.945,43.1
2026-07-13T18:41:56.347,43.0
2026-07-13T18:41:56.750,43.0
2026-07-13T18:41:57.153,43.0
2026-07-13T18:41:57.556,42.8
2026-07-13T18:41:57.959,42.8
2026-07-13T18:41:58.362,42.7
2026-07-13T18:41:58.765,42.5
2026-07-13T18:41:59.168,42.9
2026-07-13T18:41:59.571,42.8
2026-07-13T18:41:59.974,42.9
2026-07-13T18:42:00.378,42.8
2026-07-13T18:42:00.781,42.6
2026-07-13T18:42:01.184,42.4
2026-07-13T18:42:01.587,42.1
2026-07-13T18:42:01.990,42.1
2026-07-13T18:42:02.393,42.2
2026-07-13T18:42:02.796,42.1
2026-07-13T18:42:03.199,42.0
2026-07-13T18:42:03.602,42.3
2026-07-13T18:42:04.005,42.2
2026-07-13T18:42:04.408,42.2
2026-07-13T18:42:04.811,42.5
2026-07-13T18:42:05.214,42.4
2026-07-13T18:42:05.617,42.3
2026-07-13T18:42:06.020,41.9
2026-07-13T18:42:06.423,42.1
2026-07-13T18:42:06.826,42.0
2026-07-13T18:42:07.229,42.0
2026-07-13T18:42:07.632,42.0
2026-07-13T18:42:08.035,42.0
2026-07-13T18:42:08.438,41.9
2026-07-13T18:42:08.841,41.9
2026-07-13T18:42:09.244,42.1
2026-07-13T18:42:09.647,42.3
2026-07-13T18:42:10.050,41.9
2026-07-13T18:42:10.453,41.9
2026-07-13T18:42:10.856,42.1
2026-07-13T18:42:11.259,42.0
2026-07-13T18:42:11.662,41.9
2026-07-13T18:42:12.065,42.1
2026-07-13T18:42:12.468,41.9
2026-07-13T18:42:12.871,42.1
2026-07-13T18:42:13.274,42.2
2026-07-13T18:42:13.677,43.7
2026-07-13T18:42:14.080,43.3
2026-07-13T18:42:14.483,44.9
2026-07-13T18:42:14.886,44.5
2026-07-13T18:42:15.289,43.8
2026-07-13T18:42:15.692,43.4
2026-07-13T18:42:16.095,43.7
2026-07-13T18:42:16.498,43.4
2026-07-13T18:42:16.901,43.2
2026-07-13T18:42:17.304,42.9
2026-07-13T18:42:17.707,45.9
2026-07-13T18:42:18.110,51.0
2026-07-13T18:42:18.513,49.0
2026-07-13T18:42:18.916,47.4
2026-07-13T18:42:19.319,46.3
2026-07-13T18:42:19.722,44.0
2026-07-13T18:42:20.125,45.8
2026-07-13T18:42:20.528,45.2
2026-07-13T18:42:20.931,44.6
2026-07-13T18:42:21.334,44.2
2026-07-13T18:42:21.737,42.1
2026-07-13T18:42:22.140,42.3
2026-07-13T18:42:22.543,42.3
2026-07-13T18:42:22.946,41.9
2026-07-13T18:42:23.349,42.3
2026-07-13T18:42:23.752,42.2
2026-07-13T18:42:24.155,42.2
2026-07-13T18:42:24.558,42.5
2026-07-13T18:42:24.961,42.7
2026-07-13T18:42:25.364,43.2
2026-07-13T18:42:25.767,43.5
2026-07-13T18:42:26.170,45.1
2026-07-13T18:42:26.573,44.5
2026-07-13T18:42:26.976,43.9
2026-07-13T18:42:27.379,43.5
2026-07-13T18:42:27.782,42.8
2026-07-13T18:42:28.185,42.8
2026-07-13T18:42:28.588,43.0
2026-07-13T18:42:28.991,42.9
2026-07-13T18:42:29.394,42.7
2026-07-13T18:42:29.797,42.6
2026-07-13T18:42:30.200,43.4
2026-07-13T18:42:30.603,43.4
2026-07-13T18:42:31.006,43.0
2026-07-13T18:42:31.409,43.3
2026-07-13T18:42:31.812,43.3
2026-07-13T18:42:32.215,42.9
2026-07-13T18:42:32.618,42.6
2026-07-13T18:42:33.021,43.0
2026-07-13T18:42:33.424,43.1
2026-07-13T18:42:33.827,42.8
2026-07-13T18:42:34.230,43.1
2026-07-13T18:42:34.633,42.8
2026-07-13T18:42:35.036,42.8
2026-07-13T18:42:35.439,42.7
2026-07-13T18:42:35.842,42.7
2026-07-13T18:42:36.245,42.7
2026-07-13T18:42:36.648,42.6
2026-07-13T18:42:37.051,42.5
2026-07-13T18:42:37.454,42.2
2026-07-13T18:42:37.857,42.8
2026-07-13T18:42:38.260,42.8
2026-07-13T18:42:38.663,42.4
2026-07-13T18:42:39.066,42.7
2026-07-13T18:42:39.469,42.7
2026-07-13T18:42:39.872,42.6
2026-07-13T18:42:40.275,42.5
2026-07-13T18:42:40.678,42.9
2026-07-13T18:42:41.081,42.8
2026-07-13T18:42:41.484,45.6
2026-07-13T18:42:41.887,53.7
2026-07-13T18:42:42.292,51.4
2026-07-13T18:42:42.693,50.9
2026-07-13T18:42:43.096,52.1
2026-07-13T18:42:43.499,51.7
2026-07-13T18:42:43.902,50.5
2026-07-13T18:42:44.305,48.9
2026-07-13T18:42:44.708,50.1
2026-07-13T18:42:45.111,53.3
2026-07-13T18:42:45.514,51.0
2026-07-13T18:42:45.917,49.2
2026-07-13T18:42:46.320,54.7
2026-07-13T18:42:46.723,53.9
2026-07-13T18:42:47.126,51.6
2026-07-13T18:42:47.529,49.7
2026-07-13T18:42:47.932,42.7
2026-07-13T18:42:48.335,51.6
2026-07-13T18:42:48.738,55.9
2026-07-13T18:42:49.141,55.7
2026-07-13T18:42:49.544,52.9
2026-07-13T18:42:49.947,50.9
2026-07-13T18:42:50.350,42.5
2026-07-13T18:42:50.753,52.6
2026-07-13T18:42:51.156,51.3
2026-07-13T18:42:51.559,49.4
2026-07-13T18:42:51.962,47.8
2026-07-13T18:42:52.365,42.8
2026-07-13T18:42:52.768,49.8
2026-07-13T18:42:53.171,53.8
2026-07-13T18:42:53.574,53.3
2026-07-13T18:42:53.977,51.1
2026-07-13T18:42:54.380,49.5
2026-07-13T18:42:54.783,42.9
2026-07-13T18:42:55.186,42.8
2026-07-13T18:42:55.589,50.0
2026-07-13T18:42:55.992,48.8
2026-07-13T18:42:56.395,48.1
2026-07-13T18:42:56.798,54.3
2026-07-13T18:42:57.201,54.0
2026-07-13T18:42:57.604,52.2
2026-07-13T18:42:58.007,53.3
2026-07-13T18:42:58.410,52.7
2026-07-13T18:42:58.813,51.3
2026-07-13T18:42:59.216,54.4
2026-07-13T18:42:59.620,52.0
2026-07-13T18:43:00.022,49.9
2026-07-13T18:43:00.426,48.4
2026-07-13T18:43:00.829,43.2
2026-07-13T18:43:01.232,43.7
2026-07-13T18:43:01.635,43.5
2026-07-13T18:43:02.038,44.1
2026-07-13T18:43:02.441,50.5
2026-07-13T18:43:02.844,49.5
2026-07-13T18:43:03.247,48.4
2026-07-13T18:43:03.650,47.2
2026-07-13T18:43:04.053,44.8
2026-07-13T18:43:04.456,44.4
2026-07-13T18:43:04.859,43.6
2026-07-13T18:43:05.262,43.7
2026-07-13T18:43:05.665,43.8
2026-07-13T18:43:06.068,44.3
2026-07-13T18:43:06.471,44.1
2026-07-13T18:43:06.874,43.9
2026-07-13T18:43:07.277,43.5
2026-07-13T18:43:07.680,43.2
2026-07-13T18:43:08.083,48.4
2026-07-13T18:43:08.486,48.1
2026-07-13T18:43:08.889,59.5
2026-07-13T18:43:09.292,58.2
2026-07-13T18:43:09.695,56.5
2026-07-13T18:43:10.098,53.9
2026-07-13T18:43:10.501,43.6
2026-07-13T18:43:10.904,45.2
2026-07-13T18:43:11.307,48.0
2026-07-13T18:43:11.710,46.9
2026-07-13T18:43:12.113,45.9
2026-07-13T18:43:12.516,45.9
2026-07-13T18:43:12.919,45.5
2026-07-13T18:43:13.322,45.0
2026-07-13T18:43:13.725,44.6
2026-07-13T18:43:14.128,42.7
2026-07-13T18:43:14.531,43.7
2026-07-13T18:43:14.934,43.4
2026-07-13T18:43:15.337,43.2
2026-07-13T18:43:15.740,42.7
2026-07-13T18:43:16.143,43.1
2026-07-13T18:43:16.546,42.7
2026-07-13T18:43:16.949,42.6
2026-07-13T18:43:17.352,42.6
2026-07-13T18:43:17.755,43.0
2026-07-13T18:43:18.158,42.6
2026-07-13T18:43:18.561,42.7
2026-07-13T18:43:18.964,43.2
2026-07-13T18:43:19.367,43.1
2026-07-13T18:43:19.770,42.7
2026-07-13T18:43:20.173,42.8
2026-07-13T18:43:20.576,43.2
2026-07-13T18:43:20.979,43.5
2026-07-13T18:43:21.382,44.5
2026-07-13T18:43:21.785,45.8
2026-07-13T18:43:22.188,47.2
2026-07-13T18:43:22.591,48.5
2026-07-13T18:43:22.994,50.1
2026-07-13T18:43:23.397,50.6
2026-07-13T18:43:23.800,52.1
2026-07-13T18:43:24.203,53.9
2026-07-13T18:43:24.606,53.4
2026-07-13T18:43:25.009,53.7
2026-07-13T18:43:25.412,54.6
2026-07-13T18:43:25.815,54.3
2026-07-13T18:43:26.218,54.0
2026-07-13T18:43:26.621,53.5
2026-07-13T18:43:27.024,55.1
2026-07-13T18:43:27.427,54.7
2026-07-13T18:43:27.830,54.2
2026-07-13T18:43:28.233,54.1
2026-07-13T18:43:28.636,57.1
2026-07-13T18:43:29.039,56.4
2026-07-13T18:43:29.442,55.5
2026-07-13T18:43:29.845,55.9
2026-07-13T18:43:30.248,55.6
2026-07-13T18:43:30.651,54.9
2026-07-13T18:43:31.054,54.5
2026-07-13T18:43:31.457,53.8
2026-07-13T18:43:31.860,57.5
2026-07-13T18:43:32.263,56.7
2026-07-13T18:43:32.666,56.0
2026-07-13T18:43:33.069,55.6
2026-07-13T18:43:33.472,53.0
2026-07-13T18:43:33.875,53.3
2026-07-13T18:43:34.278,57.5
2026-07-13T18:43:34.681,56.6
2026-07-13T18:43:35.084,55.9
2026-07-13T18:43:35.487,54.9
2026-07-13T18:43:35.890,52.8
2026-07-13T18:43:36.293,52.8
2026-07-13T18:43:36.696,52.4
2026-07-13T18:43:37.099,52.2
2026-07-13T18:43:37.502,51.9
2026-07-13T18:43:37.905,51.6
2026-07-13T18:43:38.308,51.4
2026-07-13T18:43:38.711,51.3
2026-07-13T18:43:39.114,57.9
2026-07-13T18:43:39.517,57.6
2026-07-13T18:43:39.920,56.5
2026-07-13T18:43:40.323,55.2
2026-07-13T18:43:40.726,50.3
2026-07-13T18:43:41.129,49.8
2026-07-13T18:43:41.532,49.8
2026-07-13T18:43:41.935,53.2
2026-07-13T18:43:42.338,52.2
2026-07-13T18:43:42.741,51.1
2026-07-13T18:43:43.144,50.1
2026-07-13T18:43:43.547,45.7
2026-07-13T18:43:43.950,45.0
2026-07-13T18:43:44.353,44.4
2026-07-13T18:43:44.756,44.4
2026-07-13T18:43:45.159,47.0
2026-07-13T18:43:45.562,50.0
2026-07-13T18:43:45.964,48.8
2026-07-13T18:43:46.368,47.8
2026-07-13T18:43:46.770,46.7
2026-07-13T18:43:47.173,50.0
2026-07-13T18:43:47.576,54.0
2026-07-13T18:43:47.979,52.3
2026-07-13T18:43:48.382,50.8
2026-07-13T18:43:48.785,50.0
2026-07-13T18:43:49.188,43.0
2026-07-13T18:43:49.591,43.0
2026-07-13T18:43:49.994,50.0
2026-07-13T18:43:50.397,50.4
2026-07-13T18:43:50.800,49.4
2026-07-13T18:43:51.203,48.0
2026-07-13T18:43:51.606,46.7
2026-07-13T18:43:52.009,42.4
2026-07-13T18:43:52.412,42.5
2026-07-13T18:43:52.815,42.6
2026-07-13T18:43:53.218,42.4
2026-07-13T18:43:53.621,42.8
2026-07-13T18:43:54.024,42.7
2026-07-13T18:43:54.427,42.7
2026-07-13T18:43:54.830,50.7
2026-07-13T18:43:55.233,50.2
2026-07-13T18:43:55.636,49.0
2026-07-13T18:43:56.039,47.5
2026-07-13T18:43:56.442,42.8
2026-07-13T18:43:56.845,42.7
2026-07-13T18:43:57.248,42.6
2026-07-13T18:43:57.651,42.8
2026-07-13T18:43:58.054,42.8
2026-07-13T18:43:58.457,55.0
2026-07-13T18:43:58.860,60.1
2026-07-13T18:43:59.263,60.9
2026-07-13T18:43:59.666,60.4
2026-07-13T18:44:00.069,61.4
2026-07-13T18:44:00.472,60.1
2026-07-13T18:44:00.875,56.5
2026-07-13T18:44:01.278,53.8
2026-07-13T18:44:01.681,42.9
2026-07-13T18:44:02.084,59.0
2026-07-13T18:44:02.487,57.4
2026-07-13T18:44:02.890,56.0
2026-07-13T18:44:03.293,61.4
2026-07-13T18:44:03.696,61.4
2026-07-13T18:44:04.099,58.1
2026-07-13T18:44:04.502,57.0
2026-07-13T18:44:04.905,54.4
2026-07-13T18:44:05.308,42.8
2026-07-13T18:44:05.711,42.9
2026-07-13T18:44:06.114,55.3
2026-07-13T18:44:06.517,52.5
2026-07-13T18:44:06.920,50.3
2026-07-13T18:44:07.323,48.6
2026-07-13T18:44:07.726,42.8
2026-07-13T18:44:08.129,63.1
2026-07-13T18:44:08.532,60.4
2026-07-13T18:44:08.935,60.2
2026-07-13T18:44:09.338,57.9
2026-07-13T18:44:09.741,44.7
2026-07-13T18:44:10.144,59.6
2026-07-13T18:44:10.547,58.5
2026-07-13T18:44:10.950,56.8
2026-07-13T18:44:11.353,56.1
2026-07-13T18:44:11.756,60.0
2026-07-13T18:44:12.159,59.5
2026-07-13T18:44:12.562,58.0
2026-07-13T18:44:12.965,56.2
2026-07-13T18:44:13.368,52.9
2026-07-13T18:44:13.771,49.2
2026-07-13T18:44:14.174,43.4
2026-07-13T18:44:14.577,50.9
2026-07-13T18:44:14.980,49.5
2026-07-13T18:44:15.383,56.4
2026-07-13T18:44:15.786,58.0
2026-07-13T18:44:16.189,56.8
2026-07-13T18:44:16.592,55.5
2026-07-13T18:44:16.995,60.2
2026-07-13T18:44:17.398,59.7
2026-07-13T18:44:17.801,56.2
2026-07-13T18:44:18.204,53.2
2026-07-13T18:44:18.607,42.5
2026-07-13T18:44:19.010,42.5
2026-07-13T18:44:19.413,53.1
2026-07-13T18:44:19.816,55.6
2026-07-13T18:44:20.219,54.2
2026-07-13T18:44:20.622,51.6
2026-07-13T18:44:21.025,49.8
2026-07-13T18:44:21.428,61.5
2026-07-13T18:44:21.831,61.5
2026-07-13T18:44:22.234,59.7
2026-07-13T18:44:22.637,58.5
2026-07-13T18:44:23.040,60.1
2026-07-13T18:44:23.443,56.6
2026-07-13T18:44:23.846,53.9
2026-07-13T18:44:24.249,51.7
2026-07-13T18:44:24.652,43.7
2026-07-13T18:44:25.055,49.1
2026-07-13T18:44:25.458,49.3
2026-07-13T18:44:25.861,50.4
2026-07-13T18:44:26.264,48.8
2026-07-13T18:44:26.667,48.4
2026-07-13T18:44:27.070,47.2
2026-07-13T18:44:27.473,45.1
2026-07-13T18:44:27.876,60.5
2026-07-13T18:44:28.279,59.7
2026-07-13T18:44:28.682,58.9
2026-07-13T18:44:29.085,57.4
2026-07-13T18:44:29.488,52.5
2026-07-13T18:44:29.891,51.4
2026-07-13T18:44:30.294,43.7
2026-07-13T18:44:30.697,43.7
2026-07-13T18:44:31.100,45.8
2026-07-13T18:44:31.503,50.6
2026-07-13T18:44:31.906,48.8
2026-07-13T18:44:32.309,47.6
2026-07-13T18:44:32.712,56.9
2026-07-13T18:44:33.115,55.9
2026-07-13T18:44:33.518,53.4
2026-07-13T18:44:33.921,51.4
2026-07-13T18:44:34.324,42.7
2026-07-13T18:44:34.727,42.7
2026-07-13T18:44:35.130,50.3
2026-07-13T18:44:35.533,53.9
2026-07-13T18:44:35.936,52.3
2026-07-13T18:44:36.339,50.6
2026-07-13T18:44:36.742,49.1
2026-07-13T18:44:37.145,42.7
2026-07-13T18:44:37.548,60.5
2026-07-13T18:44:37.951,59.9
2026-07-13T18:44:38.354,58.4
2026-07-13T18:44:38.757,58.0
2026-07-13T18:44:39.160,43.8
2026-07-13T18:44:39.563,44.8
2026-07-13T18:44:39.966,44.5
2026-07-13T18:44:40.369,44.6
2026-07-13T18:44:40.772,50.1
2026-07-13T18:44:41.174,53.0
2026-07-13T18:44:41.577,60.0
2026-07-13T18:44:41.980,57.9
2026-07-13T18:44:42.383,55.9
2026-07-13T18:44:42.786,53.1
2026-07-13T18:44:43.189,44.1
2026-07-13T18:44:43.592,52.3
2026-07-13T18:44:43.995,53.0
2026-07-13T18:44:44.398,52.7
2026-07-13T18:44:44.801,56.7
2026-07-13T18:44:45.204,53.7
2026-07-13T18:44:45.607,51.5
2026-07-13T18:44:46.010,55.2
2026-07-13T18:44:46.413,57.7
2026-07-13T18:44:46.816,58.8
2026-07-13T18:44:47.219,58.3
2026-07-13T18:44:47.622,56.3
2026-07-13T18:44:48.025,53.6
2026-07-13T18:44:48.428,45.6
2026-07-13T18:44:48.831,45.3
2026-07-13T18:44:49.234,49.0
2026-07-13T18:44:49.637,53.1
2026-07-13T18:44:50.040,51.4
2026-07-13T18:44:50.443,49.8
2026-07-13T18:44:50.846,48.9
2026-07-13T18:44:51.249,46.2
2026-07-13T18:44:51.652,42.7
2026-07-13T18:44:52.055,42.6
2026-07-13T18:44:52.458,42.6
2026-07-13T18:44:52.861,42.7
2026-07-13T18:44:53.264,42.4
2026-07-13T18:44:53.667,42.3
2026-07-13T18:44:54.070,42.5
2026-07-13T18:44:54.473,52.0
2026-07-13T18:44:54.876,56.1
2026-07-13T18:44:55.279,55.0
2026-07-13T18:44:55.682,52.4
2026-07-13T18:44:56.085,50.3
2026-07-13T18:44:56.488,42.7
2026-07-13T18:44:56.891,42.8
2026-07-13T18:44:57.294,42.4
2026-07-13T18:44:57.697,42.5
2026-07-13T18:44:58.100,42.6
2026-07-13T18:44:58.503,42.7
2026-07-13T18:44:58.906,42.7
2026-07-13T18:44:59.309,42.3
2026-07-13T18:44:59.712,42.7
2026-07-13T18:45:00.115,42.4
2026-07-13T18:45:00.518,42.7
2026-07-13T18:45:00.921,42.6
2026-07-13T18:45:01.324,42.2
2026-07-13T18:45:01.727,42.4
2026-07-13T18:45:02.130,42.4
2026-07-13T18:45:02.533,42.5
2026-07-13T18:45:02.936,42.5
2026-07-13T18:45:03.339,42.9
2026-07-13T18:45:03.742,42.6
2026-07-13T18:45:04.145,42.6
2026-07-13T18:45:04.548,42.8
2026-07-13T18:45:04.951,42.7
2026-07-13T18:45:05.354,42.3
2026-07-13T18:45:05.757,42.7
2026-07-13T18:45:06.160,42.7
2026-07-13T18:45:06.563,43.0
2026-07-13T18:45:06.966,42.8
2026-07-13T18:45:07.369,42.7
2026-07-13T18:45:07.772,42.7
2026-07-13T18:45:08.175,42.5
2026-07-13T18:45:08.578,42.8
2026-07-13T18:45:08.981,42.9
2026-07-13T18:45:09.384,42.9
2026-07-13T18:45:09.787,42.8
2026-07-13T18:45:10.190,42.9
2026-07-13T18:45:10.593,42.8
2026-07-13T18:45:10.996,42.8
2026-07-13T18:45:11.399,43.0
2026-07-13T18:45:11.802,42.9
2026-07-13T18:45:12.205,42.7
2026-07-13T18:45:12.608,43.0
2026-07-13T18:45:13.011,43.3
2026-07-13T18:45:13.414,43.3
2026-07-13T18:45:13.817,43.2
2026-07-13T18:45:14.220,43.2
2026-07-13T18:45:14.623,43.1
2026-07-13T18:45:15.026,43.4
2026-07-13T18:45:15.429,43.3
2026-07-13T18:45:15.832,43.3
2026-07-13T18:45:16.235,43.2
2026-07-13T18:45:16.638,43.5
2026-07-13T18:45:17.041,43.3
2026-07-13T18:45:17.444,42.9
2026-07-13T18:45:17.847,43.0
2026-07-13T18:45:18.250,42.8
2026-07-13T18:45:18.653,42.9
2026-07-13T18:45:19.056,42.9
2026-07-13T18:45:19.459,42.9
2026-07-13T18:45:19.862,42.7
2026-07-13T18:45:20.265,42.6
2026-07-13T18:45:20.668,42.4
2026-07-13T18:45:21.071,42.6
2026-07-13T18:45:21.474,42.5
2026-07-13T18:45:21.877,42.6
2026-07-13T18:45:22.280,43.0
2026-07-13T18:45:22.683,43.1
2026-07-13T18:45:23.086,42.9
2026-07-13T18:45:23.489,42.6
2026-07-13T18:45:23.892,42.6
2026-07-13T18:45:24.295,42.6
2026-07-13T18:45:24.698,42.8
2026-07-13T18:45:25.101,42.8
2026-07-13T18:45:25.504,42.5
2026-07-13T18:45:25.907,42.6
2026-07-13T18:45:26.310,42.4
2026-07-13T18:45:26.713,42.6
2026-07-13T18:45:27.116,42.8
2026-07-13T18:45:27.519,42.7
2026-07-13T18:45:27.922,42.4
2026-07-13T18:45:28.325,42.5
2026-07-13T18:45:28.728,42.3
2026-07-13T18:45:29.131,42.6
2026-07-13T18:45:29.534,42.6
2026-07-13T18:45:29.937,42.8
2026-07-13T18:45:30.340,42.7
2026-07-13T18:45:30.743,42.5
2026-07-13T18:45:31.146,42.3
2026-07-13T18:45:31.549,42.5
2026-07-13T18:45:31.952,42.4
2026-07-13T18:45:32.355,42.7
2026-07-13T18:45:32.758,42.5
2026-07-13T18:45:33.161,42.7
2026-07-13T18:45:33.564,42.5
2026-07-13T18:45:33.967,42.5
2026-07-13T18:45:34.370,42.6
2026-07-13T18:45:34.773,42.6
2026-07-13T18:45:35.176,42.7
2026-07-13T18:45:35.579,42.7
2026-07-13T18:45:35.982,42.7
2026-07-13T18:45:36.385,42.5
2026-07-13T18:45:36.788,42.7
2026-07-13T18:45:37.191,42.3
2026-07-13T18:45:37.594,42.4
2026-07-13T18:45:37.997,42.3
2026-07-13T18:45:38.400,42.6
2026-07-13T18:45:38.803,42.4
2026-07-13T18:45:39.206,42.3
2026-07-13T18:45:39.609,42.6
2026-07-13T18:45:40.012,42.3
2026-07-13T18:45:40.415,42.4
2026-07-13T18:45:40.818,42.6
2026-07-13T18:45:41.221,42.5
2026-07-13T18:45:41.624,42.7
2026-07-13T18:45:42.027,42.5
2026-07-13T18:45:42.430,42.3
2026-07-13T18:45:42.833,42.4
2026-07-13T18:45:43.236,42.7
2026-07-13T18:45:43.639,42.8
2026-07-13T18:45:44.042,42.6
2026-07-13T18:45:44.445,43.0
2026-07-13T18:45:44.848,42.7
2026-07-13T18:45:45.251,42.6
2026-07-13T18:45:45.654,42.3
2026-07-13T18:45:46.057,42.6
2026-07-13T18:45:46.460,42.6
2026-07-13T18:45:46.863,42.5
2026-07-13T18:45:47.266,42.6
2026-07-13T18:45:47.669,42.6
2026-07-13T18:45:48.072,42.7
2026-07-13T18:45:48.475,44.9
2026-07-13T18:45:48.878,44.3
2026-07-13T18:45:49.281,44.0
2026-07-13T18:45:49.684,43.6
2026-07-13T18:45:50.087,42.6
2026-07-13T18:45:50.490,42.6
2026-07-13T18:45:50.893,42.6
2026-07-13T18:45:51.296,42.6
2026-07-13T18:45:51.699,42.6
2026-07-13T18:45:52.102,42.8
2026-07-13T18:45:52.505,42.7
2026-07-13T18:45:52.908,42.8
2026-07-13T18:45:53.311,42.5
2026-07-13T18:45:53.714,42.8
2026-07-13T18:45:54.117,42.8
2026-07-13T18:45:54.520,42.6
2026-07-13T18:45:54.923,42.8
2026-07-13T18:45:55.326,42.8
2026-07-13T18:45:55.729,42.6
2026-07-13T18:45:56.132,42.7
2026-07-13T18:45:56.535,42.5
2026-07-13T18:45:56.938,42.8
2026-07-13T18:45:57.341,42.5
2026-07-13T18:45:57.744,42.6
2026-07-13T18:45:58.147,43.3
2026-07-13T18:45:58.550,44.7
2026-07-13T18:45:58.953,44.7
2026-07-13T18:45:59.356,46.2
2026-07-13T18:45:59.759,46.8
2026-07-13T18:46:00.162,46.5
2026-07-13T18:46:00.565,45.9
2026-07-13T18:46:00.968,45.2
2026-07-13T18:46:01.371,43.1
2026-07-13T18:46:01.774,42.9
2026-07-13T18:46:02.177,43.0
2026-07-13T18:46:02.580,42.9
2026-07-13T18:46:02.983,42.6
2026-07-13T18:46:03.386,44.0
2026-07-13T18:46:03.789,56.5
2026-07-13T18:46:04.192,53.6
2026-07-13T18:46:04.595,51.3
2026-07-13T18:46:04.998,49.6
2026-07-13T18:46:05.401,42.9
2026-07-13T18:46:05.804,42.9
2026-07-13T18:46:06.206,42.9
2026-07-13T18:46:06.609,43.6
2026-07-13T18:46:07.012,43.8
2026-07-13T18:46:07.415,43.5
2026-07-13T18:46:07.818,45.6
2026-07-13T18:46:08.221,44.8
2026-07-13T18:46:08.624,44.2
2026-07-13T18:46:09.027,43.7
2026-07-13T18:46:09.430,42.6
2026-07-13T18:46:09.833,43.0
2026-07-13T18:46:10.236,43.0
2026-07-13T18:46:10.639,42.6
2026-07-13T18:46:11.042,42.8
2026-07-13T18:46:11.445,43.0
2026-07-13T18:46:11.848,43.4
2026-07-13T18:46:12.251,43.4
2026-07-13T18:46:12.654,43.4
2026-07-13T18:46:13.057,44.6
2026-07-13T18:46:13.460,46.0
2026-07-13T18:46:13.863,46.4
2026-07-13T18:46:14.266,45.8
2026-07-13T18:46:14.669,45.0
2026-07-13T18:46:15.072,44.6
2026-07-13T18:46:15.475,43.5
2026-07-13T18:46:15.877,43.4
2026-07-13T18:46:16.280,45.6
2026-07-13T18:46:16.683,45.0
2026-07-13T18:46:17.086,44.5
2026-07-13T18:46:17.489,44.4
2026-07-13T18:46:17.892,44.2
2026-07-13T18:46:18.295,43.0
2026-07-13T18:46:18.698,42.9
2026-07-13T18:46:19.101,42.9
2026-07-13T18:46:19.504,42.8
2026-07-13T18:46:19.907,42.8
2026-07-13T18:46:20.310,42.8
2026-07-13T18:46:20.713,43.1
2026-07-13T18:46:21.116,42.9
2026-07-13T18:46:21.519,43.0
2026-07-13T18:46:21.922,43.2
2026-07-13T18:46:22.325,42.9
2026-07-13T18:46:22.728,43.1
2026-07-13T18:46:23.131,43.0
2026-07-13T18:46:23.534,43.4
2026-07-13T18:46:23.937,43.3
2026-07-13T18:46:24.340,43.7
2026-07-13T18:46:24.742,43.6
2026-07-13T18:46:25.145,43.2
2026-07-13T18:46:25.548,43.6
2026-07-13T18:46:25.951,43.3
2026-07-13T18:46:26.354,43.3
2026-07-13T18:46:26.757,43.0
2026-07-13T18:46:27.160,42.8
2026-07-13T18:46:27.563,43.4
2026-07-13T18:46:27.966,43.2
2026-07-13T18:46:28.369,43.5
2026-07-13T18:46:28.772,43.5
2026-07-13T18:46:29.175,43.1
2026-07-13T18:46:29.578,43.7
2026-07-13T18:46:29.981,43.3
2026-07-13T18:46:30.384,43.0
2026-07-13T18:46:30.787,42.6
2026-07-13T18:46:31.190,42.6
2026-07-13T18:46:31.593,42.7
2026-07-13T18:46:31.996,44.0
2026-07-13T18:46:32.399,44.5
2026-07-13T18:46:32.802,43.9
2026-07-13T18:46:33.205,43.5
2026-07-13T18:46:33.607,43.3
2026-07-13T18:46:34.010,42.8
2026-07-13T18:46:34.413,42.7
2026-07-13T18:46:34.816,42.5
2026-07-13T18:46:35.219,42.7
2026-07-13T18:46:35.622,42.6
2026-07-13T18:46:36.025,42.4
2026-07-13T18:46:36.428,42.5
2026-07-13T18:46:36.831,42.9
2026-07-13T18:46:37.234,42.7
2026-07-13T18:46:37.637,42.7
2026-07-13T18:46:38.040,42.6
2026-07-13T18:46:38.443,42.6
2026-07-13T18:46:38.846,42.9
2026-07-13T18:46:39.249,44.5
2026-07-13T18:46:39.652,43.9
2026-07-13T18:46:40.055,43.5
2026-07-13T18:46:40.458,43.3
2026-07-13T18:46:40.861,44.1
2026-07-13T18:46:41.264,44.1
2026-07-13T18:46:41.667,43.8
2026-07-13T18:46:42.070,43.3
2026-07-13T18:46:42.473,42.9
2026-07-13T18:46:42.876,42.8
2026-07-13T18:46:43.279,42.7
2026-07-13T18:46:43.682,42.8
2026-07-13T18:46:44.085,42.4
2026-07-13T18:46:44.488,43.1
2026-07-13T18:46:44.891,42.8
2026-07-13T18:46:45.294,43.1
2026-07-13T18:46:45.697,43.1
2026-07-13T18:46:46.100,43.1
2026-07-13T18:46:46.503,42.7
2026-07-13T18:46:46.906,42.7
2026-07-13T18:46:47.309,42.9
2026-07-13T18:46:47.712,42.9
2026-07-13T18:46:48.115,43.0
2026-07-13T18:46:48.518,43.1
2026-07-13T18:46:48.921,42.9
2026-07-13T18:46:49.324,42.9
2026-07-13T18:46:49.727,42.8
2026-07-13T18:46:50.130,43.0
2026-07-13T18:46:50.533,43.2
2026-07-13T18:46:50.936,43.3
2026-07-13T18:46:51.339,44.4
2026-07-13T18:46:51.742,43.8
2026-07-13T18:46:52.145,44.1
2026-07-13T18:46:52.548,43.6
2026-07-13T18:46:52.951,43.3
2026-07-13T18:46:53.354,43.9
2026-07-13T18:46:53.757,43.6
2026-07-13T18:46:54.160,43.3
2026-07-13T18:46:54.563,43.1
2026-07-13T18:46:54.966,42.6
2026-07-13T18:46:55.369,42.7
2026-07-13T18:46:55.772,42.9
2026-07-13T18:46:56.175,43.9
2026-07-13T18:46:56.578,43.5
2026-07-13T18:46:56.981,43.3
2026-07-13T18:46:57.384,43.2
2026-07-13T18:46:57.787,42.9
2026-07-13T18:46:58.190,43.1
2026-07-13T18:46:58.593,43.0
2026-07-13T18:46:58.996,42.6
2026-07-13T18:46:59.399,42.6
2026-07-13T18:46:59.802,42.6
2026-07-13T18:47:00.205,42.6
2026-07-13T18:47:00.608,43.0
2026-07-13T18:47:01.011,43.3
2026-07-13T18:47:01.414,43.2
2026-07-13T18:47:01.817,42.7
2026-07-13T18:47:02.220,43.2
2026-07-13T18:47:02.623,42.8
2026-07-13T18:47:03.026,42.7
2026-07-13T18:47:03.429,42.7
2026-07-13T18:47:03.832,42.6
2026-07-13T18:47:04.235,42.6
2026-07-13T18:47:04.638,42.5
2026-07-13T18:47:05.041,43.2
2026-07-13T18:47:05.444,43.1
2026-07-13T18:47:05.847,42.9
2026-07-13T18:47:06.250,42.6
2026-07-13T18:47:06.653,42.6
2026-07-13T18:47:07.056,42.6
2026-07-13T18:47:07.459,42.8
2026-07-13T18:47:07.862,42.9
2026-07-13T18:47:08.265,42.8
2026-07-13T18:47:08.668,42.6
2026-07-13T18:47:09.071,42.6
2026-07-13T18:47:09.474,42.5
2026-07-13T18:47:09.877,42.6
2026-07-13T18:47:10.280,42.7
2026-07-13T18:47:10.683,42.6
2026-07-13T18:47:11.086,42.7
2026-07-13T18:47:11.489,43.0
2026-07-13T18:47:11.892,42.7
2026-07-13T18:47:12.295,42.9
2026-07-13T18:47:12.698,42.8
2026-07-13T18:47:13.101,42.6
2026-07-13T18:47:13.504,42.6
2026-07-13T18:47:13.907,43.0
2026-07-13T18:47:14.310,43.0
2026-07-13T18:47:14.713,42.9
2026-07-13T18:47:15.116,42.8
2026-07-13T18:47:15.519,43.1
2026-07-13T18:47:15.922,43.1
2026-07-13T18:47:16.325,43.0
2026-07-13T18:47:16.728,42.9
2026-07-13T18:47:17.131,43.0
2026-07-13T18:47:17.534,43.0
2026-07-13T18:47:17.937,43.0
2026-07-13T18:47:18.340,43.1
2026-07-13T18:47:18.743,44.6
2026-07-13T18:47:19.146,44.4
2026-07-13T18:47:19.549,44.0
2026-07-13T18:47:19.952,45.7
2026-07-13T18:47:20.355,45.9
2026-07-13T18:47:20.758,46.6
2026-07-13T18:47:21.160,47.1
2026-07-13T18:47:21.564,48.7
2026-07-13T18:47:21.966,50.2
2026-07-13T18:47:22.370,50.2
2026-07-13T18:47:22.773,50.7
2026-07-13T18:47:23.175,51.0
2026-07-13T18:47:23.578,51.3
2026-07-13T18:47:23.981,51.6
2026-07-13T18:47:24.384,51.7
2026-07-13T18:47:24.787,52.1
2026-07-13T18:47:25.190,52.0
2026-07-13T18:47:25.593,52.2
2026-07-13T18:47:25.996,52.3
2026-07-13T18:47:26.399,52.3
2026-07-13T18:47:26.802,52.3
2026-07-13T18:47:27.205,52.3
2026-07-13T18:47:27.608,52.4
2026-07-13T18:47:28.011,52.3
2026-07-13T18:47:28.414,52.5
2026-07-13T18:47:28.817,52.4
2026-07-13T18:47:29.220,52.4
2026-07-13T18:47:29.623,52.5
2026-07-13T18:47:30.026,54.4
2026-07-13T18:47:30.429,56.2
2026-07-13T18:47:30.832,55.1
2026-07-13T18:47:31.235,54.4
2026-07-13T18:47:31.638,54.0
2026-07-13T18:47:32.041,52.4
2026-07-13T18:47:32.444,51.9
2026-07-13T18:47:32.847,52.2
2026-07-13T18:47:33.250,52.0
2026-07-13T18:47:33.653,51.9
2026-07-13T18:47:34.056,51.8
2026-07-13T18:47:34.459,51.4
2026-07-13T18:47:34.862,51.6
2026-07-13T18:47:35.265,51.3
2026-07-13T18:47:35.668,51.1
2026-07-13T18:47:36.071,51.3
2026-07-13T18:47:36.474,51.1
2026-07-13T18:47:36.877,50.9
2026-07-13T18:47:37.280,50.7
2026-07-13T18:47:37.683,50.6
2026-07-13T18:47:38.086,50.5
2026-07-13T18:47:38.489,50.0
2026-07-13T18:47:38.892,49.8
2026-07-13T18:47:39.295,49.8
2026-07-13T18:47:39.698,49.4
2026-07-13T18:47:40.101,49.0
2026-07-13T18:47:40.504,49.1
2026-07-13T18:47:40.907,48.5
2026-07-13T18:47:41.310,48.0
2026-07-13T18:47:41.712,47.4
2026-07-13T18:47:42.115,45.8
2026-07-13T18:47:42.518,46.8
2026-07-13T18:47:42.921,46.4
2026-07-13T18:47:43.324,45.9
2026-07-13T18:47:43.727,45.7
2026-07-13T18:47:44.130,44.8
2026-07-13T18:47:44.533,44.7
2026-07-13T18:47:44.936,44.7
2026-07-13T18:47:45.339,44.8
2026-07-13T18:47:45.742,44.5
2026-07-13T18:47:46.145,44.5
2026-07-13T18:47:46.548,44.2
2026-07-13T18:47:46.951,44.0
2026-07-13T18:47:47.354,43.9
2026-07-13T18:47:47.757,44.2
2026-07-13T18:47:48.160,43.9
2026-07-13T18:47:48.563,43.7
2026-07-13T18:47:48.966,43.4
2026-07-13T18:47:49.369,43.5
2026-07-13T18:47:49.772,43.5
2026-07-13T18:47:50.175,43.1
2026-07-13T18:47:50.578,43.8
2026-07-13T18:47:50.981,43.6
2026-07-13T18:47:51.384,43.2
2026-07-13T18:47:51.787,42.8
2026-07-13T18:47:52.190,42.9
2026-07-13T18:47:52.593,42.6
2026-07-13T18:47:52.996,42.9
2026-07-13T18:47:53.399,43.0
2026-07-13T18:47:53.802,43.0
2026-07-13T18:47:54.205,43.0
2026-07-13T18:47:54.608,42.7
2026-07-13T18:47:55.011,42.8
2026-07-13T18:47:55.414,42.8
2026-07-13T18:47:55.817,43.2
2026-07-13T18:47:56.220,43.7
2026-07-13T18:47:56.622,43.5
2026-07-13T18:47:57.025,43.9
2026-07-13T18:47:57.428,45.4
2026-07-13T18:47:57.831,44.7
2026-07-13T18:47:58.234,44.2
2026-07-13T18:47:58.637,43.8
2026-07-13T18:47:59.040,43.2
2026-07-13T18:47:59.443,43.1
2026-07-13T18:47:59.846,43.3
2026-07-13T18:48:00.249,43.6
2026-07-13T18:48:00.652,43.4
2026-07-13T18:48:01.055,43.5
2026-07-13T18:48:01.458,43.8
2026-07-13T18:48:01.861,43.9
2026-07-13T18:48:02.264,44.1
2026-07-13T18:48:02.667,43.9
2026-07-13T18:48:03.070,43.9
2026-07-13T18:48:03.473,43.5
2026-07-13T18:48:03.876,43.3
2026-07-13T18:48:04.279,43.2
2026-07-13T18:48:04.682,43.1
2026-07-13T18:48:05.085,44.4
2026-07-13T18:48:05.488,44.1
2026-07-13T18:48:05.891,43.9
2026-07-13T18:48:06.294,43.6
2026-07-13T18:48:06.697,43.3
2026-07-13T18:48:07.100,43.2
2026-07-13T18:48:07.503,42.8
2026-07-13T18:48:07.906,43.0
2026-07-13T18:48:08.309,42.6
2026-07-13T18:48:08.712,42.9
2026-07-13T18:48:09.115,43.1
2026-07-13T18:48:09.518,43.0
2026-07-13T18:48:09.921,43.5
2026-07-13T18:48:10.324,43.2
2026-07-13T18:48:10.727,43.4
2026-07-13T18:48:11.130,43.1
2026-07-13T18:48:11.533,43.0
2026-07-13T18:48:11.936,44.7
2026-07-13T18:48:12.339,44.3
2026-07-13T18:48:12.742,43.9
2026-07-13T18:48:13.145,43.6
2026-07-13T18:48:13.548,43.1
2026-07-13T18:48:13.951,43.7
2026-07-13T18:48:14.354,43.5
2026-07-13T18:48:14.757,44.1
2026-07-13T18:48:15.160,44.4
2026-07-13T18:48:15.563,44.9
2026-07-13T18:48:15.966,44.8
2026-07-13T18:48:16.369,44.4
2026-07-13T18:48:16.772,50.2
2026-07-13T18:48:17.175,50.6
2026-07-13T18:48:17.578,51.3
2026-07-13T18:48:17.981,50.9
2026-07-13T18:48:18.384,49.0
2026-07-13T18:48:18.787,47.6
2026-07-13T18:48:19.190,43.9
2026-07-13T18:48:19.593,49.4
2026-07-13T18:48:19.996,48.8
2026-07-13T18:48:20.399,52.3
2026-07-13T18:48:20.802,51.2
2026-07-13T18:48:21.205,50.8
2026-07-13T18:48:21.608,50.5
2026-07-13T18:48:22.011,48.9
2026-07-13T18:48:22.414,45.4
2026-07-13T18:48:22.817,44.4
2026-07-13T18:48:23.220,44.9
2026-07-13T18:48:23.623,47.4
2026-07-13T18:48:24.026,46.5
2026-07-13T18:48:24.429,45.9
2026-07-13T18:48:24.832,45.8
2026-07-13T18:48:25.235,49.6
2026-07-13T18:48:25.637,49.4
2026-07-13T18:48:26.040,51.2
2026-07-13T18:48:26.443,49.9
2026-07-13T18:48:26.846,49.1
2026-07-13T18:48:27.249,47.8
2026-07-13T18:48:27.652,43.8
2026-07-13T18:48:28.055,50.3
2026-07-13T18:48:28.458,51.4
2026-07-13T18:48:28.861,53.2
2026-07-13T18:48:29.264,52.7
2026-07-13T18:48:29.667,52.4
2026-07-13T18:48:30.070,56.3
2026-07-13T18:48:30.473,55.2
2026-07-13T18:48:30.876,54.1
2026-07-13T18:48:31.279,53.3
2026-07-13T18:48:31.682,52.1
2026-07-13T18:48:32.085,51.6
2026-07-13T18:48:32.488,45.9
2026-07-13T18:48:32.891,50.0
2026-07-13T18:48:33.294,50.2
2026-07-13T18:48:33.697,49.7
2026-07-13T18:48:34.100,50.3
2026-07-13T18:48:34.503,49.9
2026-07-13T18:48:34.906,49.7
2026-07-13T18:48:35.309,50.2
2026-07-13T18:48:35.711,49.4
2026-07-13T18:48:36.114,50.4
2026-07-13T18:48:36.517,49.4
2026-07-13T18:48:36.920,49.2
2026-07-13T18:48:37.323,56.6
2026-07-13T18:48:37.726,54.8
2026-07-13T18:48:38.129,53.6
2026-07-13T18:48:38.532,52.9
2026-07-13T18:48:38.935,47.6
2026-07-13T18:48:39.338,47.2
2026-07-13T18:48:39.741,47.3
2026-07-13T18:48:40.144,47.5
2026-07-13T18:48:40.547,49.4
2026-07-13T18:48:40.950,49.2
2026-07-13T18:48:41.353,50.1
2026-07-13T18:48:41.756,49.3
2026-07-13T18:48:42.159,48.6
2026-07-13T18:48:42.562,48.1
2026-07-13T18:48:42.965,45.3
2026-07-13T18:48:43.368,47.4
2026-07-13T18:48:43.771,51.6
2026-07-13T18:48:44.174,51.3
2026-07-13T18:48:44.577,50.8
2026-07-13T18:48:44.980,49.9
2026-07-13T18:48:45.383,44.8
2026-07-13T18:48:45.786,43.5
2026-07-13T18:48:46.189,43.7
2026-07-13T18:48:46.592,44.0
2026-07-13T18:48:46.995,50.8
2026-07-13T18:48:47.398,53.6
2026-07-13T18:48:47.801,55.1
2026-07-13T18:48:48.204,54.7
2026-07-13T18:48:48.606,53.3
2026-07-13T18:48:49.009,52.1
2026-07-13T18:48:49.412,46.0
2026-07-13T18:48:49.815,47.1
2026-07-13T18:48:50.218,60.4
2026-07-13T18:48:50.621,60.9
2026-07-13T18:48:51.024,58.7
2026-07-13T18:48:51.427,56.1
2026-07-13T18:48:51.830,55.4
2026-07-13T18:48:52.233,51.9
2026-07-13T18:48:52.636,51.8
2026-07-13T18:48:53.039,44.4
2026-07-13T18:48:53.442,42.9
2026-07-13T18:48:53.845,45.5
2026-07-13T18:48:54.248,45.1
2026-07-13T18:48:54.651,49.2
2026-07-13T18:48:55.054,48.0
2026-07-13T18:48:55.457,51.6
2026-07-13T18:48:55.860,51.2
2026-07-13T18:48:56.263,50.7
2026-07-13T18:48:56.666,50.3
2026-07-13T18:48:57.069,57.5
2026-07-13T18:48:57.472,60.5
2026-07-13T18:48:57.875,58.4
2026-07-13T18:48:58.278,56.5
2026-07-13T18:48:58.681,55.3
2026-07-13T18:48:59.084,54.4
2026-07-13T18:48:59.487,58.4
2026-07-13T18:48:59.890,60.1
2026-07-13T18:49:00.293,59.7
2026-07-13T18:49:00.696,57.6
2026-07-13T18:49:01.099,55.4
2026-07-13T18:49:01.502,70.0
2026-07-13T18:49:01.905,66.8
2026-07-13T18:49:02.308,64.8
2026-07-13T18:49:02.711,62.3
2026-07-13T18:49:03.114,47.9
2026-07-13T18:49:03.517,44.4
2026-07-13T18:49:03.920,45.1
2026-07-13T18:49:04.323,44.5
2026-07-13T18:49:04.726,46.9
2026-07-13T18:49:05.129,56.7
2026-07-13T18:49:05.532,58.5
2026-07-13T18:49:05.935,56.7
2026-07-13T18:49:06.338,55.4
2026-07-13T18:49:06.741,53.4
2026-07-13T18:49:07.144,49.4
2026-07-13T18:49:07.547,50.2
2026-07-13T18:49:07.950,50.0
2026-07-13T18:49:08.353,50.8
2026-07-13T18:49:08.756,49.7
2026-07-13T18:49:09.159,50.0
2026-07-13T18:49:09.562,49.2
2026-07-13T18:49:09.965,52.6
2026-07-13T18:49:10.368,52.4
2026-07-13T18:49:10.771,52.1
2026-07-13T18:49:11.174,51.1
2026-07-13T18:49:11.577,51.9
2026-07-13T18:49:11.980,50.2
2026-07-13T18:49:12.383,48.9
2026-07-13T18:49:12.786,48.0
2026-07-13T18:49:13.189,43.7
2026-07-13T18:49:13.592,43.1
2026-07-13T18:49:13.995,44.2
2026-07-13T18:49:14.397,46.6
2026-07-13T18:49:14.801,46.0
2026-07-13T18:49:15.203,45.7
2026-07-13T18:49:15.606,45.5
2026-07-13T18:49:16.009,47.4
2026-07-13T18:49:16.412,48.1
2026-07-13T18:49:16.815,48.9
2026-07-13T18:49:17.218,50.3
2026-07-13T18:49:17.621,51.0
2026-07-13T18:49:18.024,51.5
2026-07-13T18:49:18.427,52.1
2026-07-13T18:49:18.830,51.9
2026-07-13T18:49:19.233,53.6
2026-07-13T18:49:19.636,53.5
2026-07-13T18:49:20.039,53.3
2026-07-13T18:49:20.442,53.3
2026-07-13T18:49:20.845,53.1
2026-07-13T18:49:21.248,53.2
2026-07-13T18:49:21.651,55.2
2026-07-13T18:49:22.054,54.5
2026-07-13T18:49:22.457,56.6
2026-07-13T18:49:22.860,55.9
2026-07-13T18:49:23.263,55.4
2026-07-13T18:49:23.666,55.3
2026-07-13T18:49:24.069,53.5
2026-07-13T18:49:24.472,54.4
2026-07-13T18:49:24.875,53.8
2026-07-13T18:49:25.278,53.4
2026-07-13T18:49:25.681,53.1
2026-07-13T18:49:26.084,52.6
2026-07-13T18:49:26.487,52.5
2026-07-13T18:49:26.890,52.6
2026-07-13T18:49:27.293,54.5
2026-07-13T18:49:27.696,54.2
2026-07-13T18:49:28.099,53.8
2026-07-13T18:49:28.502,54.2
2026-07-13T18:49:28.905,55.3
2026-07-13T18:49:29.308,54.5
2026-07-13T18:49:29.711,54.4
2026-07-13T18:49:30.114,54.0
2026-07-13T18:49:30.517,52.0
2026-07-13T18:49:30.920,52.0
2026-07-13T18:49:31.323,52.2
2026-07-13T18:49:31.726,52.1
2026-07-13T18:49:32.129,51.6
2026-07-13T18:49:32.532,51.3
2026-07-13T18:49:32.935,52.0
2026-07-13T18:49:33.338,51.4
2026-07-13T18:49:33.741,51.2
2026-07-13T18:49:34.144,51.0
2026-07-13T18:49:34.547,49.9
2026-07-13T18:49:34.950,49.4
2026-07-13T18:49:35.353,48.9
2026-07-13T18:49:35.756,48.2
2026-07-13T18:49:36.159,47.7
2026-07-13T18:49:36.562,47.2
2026-07-13T18:49:36.965,46.4
2026-07-13T18:49:37.368,45.6
2026-07-13T18:49:37.771,50.0
2026-07-13T18:49:38.174,49.2
2026-07-13T18:49:38.577,48.5
2026-07-13T18:49:38.980,47.8
2026-07-13T18:49:39.383,45.7
2026-07-13T18:49:39.786,47.9
2026-07-13T18:49:40.189,47.7
2026-07-13T18:49:40.592,47.1
2026-07-13T18:49:40.995,46.7
2026-07-13T18:49:41.398,44.2
2026-07-13T18:49:41.801,44.2
2026-07-13T18:49:42.204,45.1
2026-07-13T18:49:42.607,45.4
2026-07-13T18:49:43.010,45.0
2026-07-13T18:49:43.413,44.6
2026-07-13T18:49:43.816,44.4
2026-07-13T18:49:44.219,60.1
2026-07-13T18:49:44.622,57.9
2026-07-13T18:49:45.025,55.1
2026-07-13T18:49:45.428,53.1
2026-07-13T18:49:45.831,44.9
2026-07-13T18:49:46.234,46.0
2026-07-13T18:49:46.637,45.3
2026-07-13T18:49:47.040,44.6
2026-07-13T18:49:47.443,44.1
2026-07-13T18:49:47.846,43.0
2026-07-13T18:49:48.249,43.0
2026-07-13T18:49:48.652,43.1
2026-07-13T18:49:49.055,43.3
2026-07-13T18:49:49.458,45.7
2026-07-13T18:49:49.861,45.1
2026-07-13T18:49:50.264,46.5
2026-07-13T18:49:50.667,46.0
2026-07-13T18:49:51.070,50.6
2026-07-13T18:49:51.473,50.5
2026-07-13T18:49:51.876,49.4
2026-07-13T18:49:52.279,48.5
2026-07-13T18:49:52.682,49.8
2026-07-13T18:49:53.085,48.5
2026-07-13T18:49:53.488,48.7
2026-07-13T18:49:53.891,52.1
2026-07-13T18:49:54.294,50.0
2026-07-13T18:49:54.697,48.4
2026-07-13T18:49:55.100,47.4
2026-07-13T18:49:55.503,43.3
2026-07-13T18:49:55.906,49.7
2026-07-13T18:49:56.309,49.8
2026-07-13T18:49:56.712,49.5
2026-07-13T18:49:57.115,48.3
2026-07-13T18:49:57.518,47.4
2026-07-13T18:49:57.921,45.0
2026-07-13T18:49:58.324,49.8
2026-07-13T18:49:58.727,53.0
2026-07-13T18:49:59.130,52.4
2026-07-13T18:49:59.533,51.0
2026-07-13T18:49:59.936,49.4
2026-07-13T18:50:00.339,43.1
2026-07-13T18:50:00.742,43.0
2026-07-13T18:50:01.145,42.7
2026-07-13T18:50:01.548,44.8
2026-07-13T18:50:01.951,44.4
2026-07-13T18:50:02.354,50.2
2026-07-13T18:50:02.756,49.5
2026-07-13T18:50:03.159,51.2
2026-07-13T18:50:03.562,49.9
2026-07-13T18:50:03.965,53.6
2026-07-13T18:50:04.368,59.7
2026-07-13T18:50:04.771,57.1
2026-07-13T18:50:05.174,54.6
2026-07-13T18:50:05.577,52.2
2026-07-13T18:50:05.980,45.4
2026-07-13T18:50:06.383,48.0
2026-07-13T18:50:06.786,49.9
2026-07-13T18:50:07.189,48.6
2026-07-13T18:50:07.592,47.1
2026-07-13T18:50:07.995,46.1
2026-07-13T18:50:08.398,42.7
2026-07-13T18:50:08.801,43.7
2026-07-13T18:50:09.204,47.0
2026-07-13T18:50:09.607,48.0
2026-07-13T18:50:10.010,51.8
2026-07-13T18:50:10.413,50.2
2026-07-13T18:50:10.816,49.4
2026-07-13T18:50:11.219,48.3
2026-07-13T18:50:11.622,46.3
2026-07-13T18:50:12.025,45.1
2026-07-13T18:50:12.428,46.2
2026-07-13T18:50:12.831,47.7
2026-07-13T18:50:13.234,48.8
2026-07-13T18:50:13.637,50.5
2026-07-13T18:50:14.040,50.3
2026-07-13T18:50:14.443,50.1
2026-07-13T18:50:14.846,50.1
2026-07-13T18:50:15.248,52.0
2026-07-13T18:50:15.652,53.6
2026-07-13T18:50:16.054,54.4
2026-07-13T18:50:16.457,53.4
2026-07-13T18:50:16.860,51.3
2026-07-13T18:50:17.263,49.9
2026-07-13T18:50:17.666,44.7
2026-07-13T18:50:18.069,45.1
2026-07-13T18:50:18.472,48.1
2026-07-13T18:50:18.875,50.7
2026-07-13T18:50:19.278,50.4
2026-07-13T18:50:19.681,50.1
2026-07-13T18:50:20.084,49.7
2026-07-13T18:50:20.487,48.8
2026-07-13T18:50:20.890,47.8
2026-07-13T18:50:21.293,47.6
2026-07-13T18:50:21.696,46.6
2026-07-13T18:50:22.099,45.0
2026-07-13T18:50:22.502,63.2
2026-07-13T18:50:22.905,59.5
2026-07-13T18:50:23.308,56.0
2026-07-13T18:50:23.711,53.3
2026-07-13T18:50:24.114,49.3
2026-07-13T18:50:24.517,45.3
2026-07-13T18:50:24.920,62.5
2026-07-13T18:50:25.323,62.3
2026-07-13T18:50:25.726,59.1
2026-07-13T18:50:26.129,56.1
2026-07-13T18:50:26.532,45.1
2026-07-13T18:50:26.935,60.3
2026-07-13T18:50:27.338,60.5
2026-07-13T18:50:27.741,59.9
2026-07-13T18:50:28.144,62.9
2026-07-13T18:50:28.546,62.2
2026-07-13T18:50:28.949,58.5
2026-07-13T18:50:29.352,55.8
2026-07-13T18:50:29.755,44.9
2026-07-13T18:50:30.158,44.0
2026-07-13T18:50:30.561,42.9
2026-07-13T18:50:30.964,43.7
2026-07-13T18:50:31.367,46.4
2026-07-13T18:50:31.770,48.9
2026-07-13T18:50:32.173,48.0
2026-07-13T18:50:32.576,54.8
2026-07-13T18:50:32.979,63.9
2026-07-13T18:50:33.382,62.9
2026-07-13T18:50:33.785,61.1
2026-07-13T18:50:34.188,58.9
2026-07-13T18:50:34.591,54.4
2026-07-13T18:50:34.994,50.2
2026-07-13T18:50:35.397,51.3
2026-07-13T18:50:35.800,50.9
2026-07-13T18:50:36.203,49.5
2026-07-13T18:50:36.606,48.2
2026-07-13T18:50:37.009,48.1
2026-07-13T18:50:37.412,48.5
2026-07-13T18:50:37.815,47.7
2026-07-13T18:50:38.218,47.1
2026-07-13T18:50:38.621,46.6
2026-07-13T18:50:39.024,50.4
2026-07-13T18:50:39.427,50.5
2026-07-13T18:50:39.830,50.4
2026-07-13T18:50:40.232,51.3
2026-07-13T18:50:40.635,59.7
2026-07-13T18:50:41.038,60.4
2026-07-13T18:50:41.441,72.2
2026-07-13T18:50:41.844,69.2
2026-07-13T18:50:42.247,67.4
2026-07-13T18:50:42.650,65.2
2026-07-13T18:50:43.053,53.5
2026-07-13T18:50:43.456,52.7
2026-07-13T18:50:43.859,60.1
2026-07-13T18:50:44.262,59.2
2026-07-13T18:50:44.665,57.2
2026-07-13T18:50:45.068,61.4
2026-07-13T18:50:45.471,60.3
2026-07-13T18:50:45.874,58.4
2026-07-13T18:50:46.277,56.6
2026-07-13T18:50:46.680,52.5
2026-07-13T18:50:47.083,52.5
2026-07-13T18:50:47.486,51.8
2026-07-13T18:50:47.889,51.4
2026-07-13T18:50:48.292,52.9
2026-07-13T18:50:48.695,54.8
2026-07-13T18:50:49.098,54.2
2026-07-13T18:50:49.501,53.6
2026-07-13T18:50:49.904,57.6
2026-07-13T18:50:50.307,56.7
2026-07-13T18:50:50.710,55.4
2026-07-13T18:50:51.113,54.7
2026-07-13T18:50:51.516,47.7
2026-07-13T18:50:51.919,46.1
2026-07-13T18:50:52.322,46.7
2026-07-13T18:50:52.725,51.0
2026-07-13T18:50:53.128,52.4
2026-07-13T18:50:53.531,52.4
2026-07-13T18:50:53.934,52.0
2026-07-13T18:50:54.337,51.4
2026-07-13T18:50:54.740,51.2
2026-07-13T18:50:55.143,50.7
2026-07-13T18:50:55.546,51.8
2026-07-13T18:50:55.949,55.3
2026-07-13T18:50:56.352,61.4
2026-07-13T18:50:56.755,63.2
2026-07-13T18:50:57.158,61.4
2026-07-13T18:50:57.561,60.4
2026-07-13T18:50:57.964,59.1
2026-07-13T18:50:58.367,54.7
2026-07-13T18:50:58.770,60.9
2026-07-13T18:50:59.173,60.6
2026-07-13T18:50:59.576,58.9
2026-07-13T18:50:59.979,58.1
2026-07-13T18:51:00.382,53.7
2026-07-13T18:51:00.785,53.7
2026-07-13T18:51:01.188,65.6
2026-07-13T18:51:01.591,65.0
2026-07-13T18:51:01.994,63.9
2026-07-13T18:51:02.397,64.5
2026-07-13T18:51:02.800,63.7
2026-07-13T18:51:03.203,61.9
2026-07-13T18:51:03.606,60.0
2026-07-13T18:51:04.009,53.0
2026-07-13T18:51:04.412,53.0
2026-07-13T18:51:04.815,52.9
2026-07-13T18:51:05.218,52.7
2026-07-13T18:51:05.621,53.0
2026-07-13T18:51:06.024,53.4
2026-07-13T18:51:06.427,53.2
2026-07-13T18:51:06.830,53.2
2026-07-13T18:51:07.233,53.5
2026-07-13T18:51:07.636,53.8
2026-07-13T18:51:08.039,53.6
2026-07-13T18:51:08.442,53.2
2026-07-13T18:51:08.845,52.8
2026-07-13T18:51:09.248,55.7
2026-07-13T18:51:09.651,57.3
2026-07-13T18:51:10.054,56.2
2026-07-13T18:51:10.456,55.4
2026-07-13T18:51:10.859,54.9
2026-07-13T18:51:11.262,52.3
2026-07-13T18:51:11.665,52.9
2026-07-13T18:51:12.068,52.4
2026-07-13T18:51:12.471,51.6
2026-07-13T18:51:12.874,51.0
2026-07-13T18:51:13.277,49.8
2026-07-13T18:51:13.680,49.2
2026-07-13T18:51:14.083,49.3
2026-07-13T18:51:14.486,48.9
2026-07-13T18:51:14.889,50.3
2026-07-13T18:51:15.293,50.1
2026-07-13T18:51:15.695,50.4
2026-07-13T18:51:16.098,50.1
2026-07-13T18:51:16.501,49.6
2026-07-13T18:51:16.904,50.9
2026-07-13T18:51:17.307,50.3
2026-07-13T18:51:17.710,49.4
2026-07-13T18:51:18.113,48.8
2026-07-13T18:51:18.515,46.0
2026-07-13T18:51:18.918,45.8
2026-07-13T18:51:19.321,45.7
2026-07-13T18:51:19.724,46.4
2026-07-13T18:51:20.127,46.3
2026-07-13T18:51:20.530,46.2
2026-07-13T18:51:20.933,46.1
2026-07-13T18:51:21.336,46.3
2026-07-13T18:51:21.739,45.9
2026-07-13T18:51:22.142,46.9
2026-07-13T18:51:22.545,50.1
2026-07-13T18:51:22.948,58.6
2026-07-13T18:51:23.351,58.8
2026-07-13T18:51:23.754,58.2
2026-07-13T18:51:24.157,56.3
2026-07-13T18:51:24.560,53.8
2026-07-13T18:51:24.963,45.5
2026-07-13T18:51:25.366,45.4
2026-07-13T18:51:25.769,46.0
2026-07-13T18:51:26.172,45.8
2026-07-13T18:51:26.575,48.0
2026-07-13T18:51:26.978,51.7
2026-07-13T18:51:27.381,50.5
2026-07-13T18:51:27.784,49.4
2026-07-13T18:51:28.187,50.2
2026-07-13T18:51:28.590,55.1
2026-07-13T18:51:28.993,58.7
2026-07-13T18:51:29.396,56.6
2026-07-13T18:51:29.799,54.3
2026-07-13T18:51:30.202,53.3
2026-07-13T18:51:30.605,50.6
2026-07-13T18:51:31.008,51.3
2026-07-13T18:51:31.411,50.8
2026-07-13T18:51:31.813,50.6
2026-07-13T18:51:32.217,50.3
2026-07-13T18:51:32.619,50.4
2026-07-13T18:51:33.022,50.2
2026-07-13T18:51:33.425,51.5
2026-07-13T18:51:33.828,52.1
2026-07-13T18:51:34.231,53.9
2026-07-13T18:51:34.634,53.3
2026-07-13T18:51:35.037,53.0
2026-07-13T18:51:35.440,52.7
2026-07-13T18:51:35.843,53.0
2026-07-13T18:51:36.246,53.6
2026-07-13T18:51:36.649,53.5
2026-07-13T18:51:37.052,53.5
2026-07-13T18:51:37.455,55.1
2026-07-13T18:51:37.858,54.3
2026-07-13T18:51:38.261,53.3
2026-07-13T18:51:38.664,71.2
2026-07-13T18:51:39.067,67.4
2026-07-13T18:51:39.470,65.9
2026-07-13T18:51:39.873,63.3
2026-07-13T18:51:40.276,50.9
2026-07-13T18:51:40.679,49.9
2026-07-13T18:51:41.082,50.2
2026-07-13T18:51:41.485,50.1
2026-07-13T18:51:41.888,49.6
2026-07-13T18:51:42.291,49.4
2026-07-13T18:51:42.694,50.5
2026-07-13T18:51:43.097,50.4
2026-07-13T18:51:43.500,50.1
2026-07-13T18:51:43.903,50.6
2026-07-13T18:51:44.306,50.3
2026-07-13T18:51:44.709,51.2
2026-07-13T18:51:45.112,51.3
2026-07-13T18:51:45.515,51.0
2026-07-13T18:51:45.918,50.6
2026-07-13T18:51:46.321,51.0
2026-07-13T18:51:46.724,50.8
2026-07-13T18:51:47.127,50.9
2026-07-13T18:51:47.530,50.9
2026-07-13T18:51:47.933,50.6
2026-07-13T18:51:48.336,50.7
2026-07-13T18:51:48.739,50.7
2026-07-13T18:51:49.142,51.0
2026-07-13T18:51:49.545,51.4
2026-07-13T18:51:49.948,51.4
2026-07-13T18:51:50.351,51.2
2026-07-13T18:51:50.754,51.3
2026-07-13T18:51:51.157,51.6
2026-07-13T18:51:51.560,51.2
2026-07-13T18:51:51.963,50.8
2026-07-13T18:51:52.366,51.3
2026-07-13T18:51:52.769,51.2
2026-07-13T18:51:53.172,50.8
2026-07-13T18:51:53.575,50.8
2026-07-13T18:51:53.978,50.7
2026-07-13T18:51:54.381,50.5
2026-07-13T18:51:54.784,50.6
2026-07-13T18:51:55.187,50.3
2026-07-13T18:51:55.590,50.3
2026-07-13T18:51:55.993,50.3
2026-07-13T18:51:56.396,50.2
2026-07-13T18:51:56.799,50.3
2026-07-13T18:51:57.202,50.3
2026-07-13T18:51:57.605,50.1
2026-07-13T18:51:58.008,50.2
2026-07-13T18:51:58.411,50.2
2026-07-13T18:51:58.814,50.1
2026-07-13T18:51:59.217,50.1
2026-07-13T18:51:59.620,50.2
2026-07-13T18:52:00.023,50.8
2026-07-13T18:52:00.426,50.8
2026-07-13T18:52:00.829,51.2
2026-07-13T18:52:01.232,51.1
2026-07-13T18:52:01.635,51.2
2026-07-13T18:52:02.038,50.9
2026-07-13T18:52:02.441,51.3
2026-07-13T18:52:02.844,51.7
2026-07-13T18:52:03.247,51.8
2026-07-13T18:52:03.650,53.2
2026-07-13T18:52:04.052,53.6
2026-07-13T18:52:04.456,53.7
2026-07-13T18:52:04.858,54.7
2026-07-13T18:52:05.261,55.3
2026-07-13T18:52:05.665,54.9
2026-07-13T18:52:06.067,54.4
2026-07-13T18:52:06.470,54.0
2026-07-13T18:52:06.873,52.0
2026-07-13T18:52:07.276,53.9
2026-07-13T18:52:07.679,53.4
2026-07-13T18:52:08.082,52.9
2026-07-13T18:52:08.485,52.5
2026-07-13T18:52:08.888,52.2
2026-07-13T18:52:09.292,53.3
2026-07-13T18:52:09.694,53.6
2026-07-13T18:52:10.097,53.3
2026-07-13T18:52:10.500,52.9
2026-07-13T18:52:10.903,53.2
2026-07-13T18:52:11.306,54.5
2026-07-13T18:52:11.709,56.7
2026-07-13T18:52:12.112,55.9
2026-07-13T18:52:12.515,55.0
2026-07-13T18:52:12.918,54.2
2026-07-13T18:52:13.321,51.2
2026-07-13T18:52:13.724,50.8
2026-07-13T18:52:14.127,51.4
2026-07-13T18:52:14.530,51.3
2026-07-13T18:52:14.933,50.9
2026-07-13T18:52:15.336,50.8
2026-07-13T18:52:15.739,53.3
2026-07-13T18:52:16.141,52.8
2026-07-13T18:52:16.544,52.4
2026-07-13T18:52:16.947,51.9
2026-07-13T18:52:17.350,50.2
2026-07-13T18:52:17.753,50.4
2026-07-13T18:52:18.156,50.0
2026-07-13T18:52:18.559,51.9
2026-07-13T18:52:18.962,51.7
2026-07-13T18:52:19.365,51.3
2026-07-13T18:52:19.768,51.1
2026-07-13T18:52:20.171,48.3
2026-07-13T18:52:20.574,50.1
2026-07-13T18:52:20.977,50.1
2026-07-13T18:52:21.380,51.1
2026-07-13T18:52:21.783,53.2
2026-07-13T18:52:22.186,52.8
2026-07-13T18:52:22.589,51.7
2026-07-13T18:52:22.992,50.3
2026-07-13T18:52:23.395,47.2
2026-07-13T18:52:23.798,48.1
2026-07-13T18:52:24.201,52.6
2026-07-13T18:52:24.604,52.9
2026-07-13T18:52:25.006,52.3
2026-07-13T18:52:25.409,56.1
2026-07-13T18:52:25.812,55.8
2026-07-13T18:52:26.215,54.4
2026-07-13T18:52:26.618,53.8
2026-07-13T18:52:27.021,50.0
2026-07-13T18:52:27.424,49.0
2026-07-13T18:52:27.827,43.9
2026-07-13T18:52:28.230,45.7
2026-07-13T18:52:28.633,48.8
2026-07-13T18:52:29.036,47.5
2026-07-13T18:52:29.439,46.5
2026-07-13T18:52:29.842,45.7
2026-07-13T18:52:30.245,43.3
2026-07-13T18:52:30.648,46.0
2026-07-13T18:52:31.051,45.8
2026-07-13T18:52:31.454,45.2
2026-07-13T18:52:31.857,44.7
2026-07-13T18:52:32.260,42.7
2026-07-13T18:52:32.663,42.9
2026-07-13T18:52:33.066,50.8
2026-07-13T18:52:33.469,49.4
2026-07-13T18:52:33.872,48.8
2026-07-13T18:52:34.274,47.9
2026-07-13T18:52:34.677,44.7
2026-07-13T18:52:35.080,50.8
2026-07-13T18:52:35.483,55.1
2026-07-13T18:52:35.886,54.2
2026-07-13T18:52:36.289,52.2
2026-07-13T18:52:36.692,50.4
2026-07-13T18:52:37.095,42.7
2026-07-13T18:52:37.498,43.2
2026-07-13T18:52:37.901,42.9
2026-07-13T18:52:38.304,43.3
2026-07-13T18:52:38.707,43.7
2026-07-13T18:52:39.110,43.3
2026-07-13T18:52:39.513,43.1
2026-07-13T18:52:39.916,43.0
2026-07-13T18:52:40.319,42.9
2026-07-13T18:52:40.722,42.9
2026-07-13T18:52:41.125,43.2
2026-07-13T18:52:41.528,43.2
2026-07-13T18:52:41.931,43.0
2026-07-13T18:52:42.334,42.9
2026-07-13T18:52:42.737,43.5
2026-07-13T18:52:43.140,44.1
2026-07-13T18:52:43.543,44.1
2026-07-13T18:52:43.946,44.1
2026-07-13T18:52:44.349,43.7
2026-07-13T18:52:44.751,44.3
2026-07-13T18:52:45.154,44.0
2026-07-13T18:52:45.557,43.7
2026-07-13T18:52:45.960,43.5
2026-07-13T18:52:46.363,45.1
2026-07-13T18:52:46.766,44.8
2026-07-13T18:52:47.169,44.3
2026-07-13T18:52:47.572,43.9
2026-07-13T18:52:47.975,42.7
2026-07-13T18:52:48.378,42.5
2026-07-13T18:52:48.781,42.4
2026-07-13T18:52:49.184,42.8
2026-07-13T18:52:49.587,42.4
2026-07-13T18:52:49.990,42.4
2026-07-13T18:52:50.393,42.1
2026-07-13T18:52:50.796,42.3
2026-07-13T18:52:51.199,42.3
2026-07-13T18:52:51.602,42.3
2026-07-13T18:52:52.005,42.7
2026-07-13T18:52:52.408,42.5
2026-07-13T18:52:52.811,42.7
2026-07-13T18:52:53.214,42.4
2026-07-13T18:52:53.617,42.5
2026-07-13T18:52:54.020,42.3
2026-07-13T18:52:54.422,42.5
2026-07-13T18:52:54.825,42.7
2026-07-13T18:52:55.228,42.6
2026-07-13T18:52:55.631,44.0
2026-07-13T18:52:56.034,43.9
2026-07-13T18:52:56.437,44.4
2026-07-13T18:52:56.840,44.8
2026-07-13T18:52:57.243,44.4
2026-07-13T18:52:57.646,52.3
2026-07-13T18:52:58.049,64.3
2026-07-13T18:52:58.452,62.6
2026-07-13T18:52:58.855,59.1
2026-07-13T18:52:59.258,55.6
2026-07-13T18:52:59.661,47.0
2026-07-13T18:53:00.064,51.5
2026-07-13T18:53:00.467,50.7
2026-07-13T18:53:00.870,79.1
2026-07-13T18:53:01.273,76.3
2026-07-13T18:53:01.676,70.1
2026-07-13T18:53:02.079,65.1
2026-07-13T18:53:02.482,45.6
2026-07-13T18:53:02.885,45.1
2026-07-13T18:53:03.288,45.3
2026-07-13T18:53:03.691,46.6
2026-07-13T18:53:04.094,50.5
2026-07-13T18:53:04.496,49.5
2026-07-13T18:53:04.899,50.3
2026-07-13T18:53:05.302,58.8
2026-07-13T18:53:05.705,57.2
2026-07-13T18:53:06.108,55.9
2026-07-13T18:53:06.511,62.2
2026-07-13T18:53:06.914,59.7
2026-07-13T18:53:07.317,58.2
2026-07-13T18:53:07.720,57.3
2026-07-13T18:53:08.123,45.4
2026-07-13T18:53:08.526,44.7
2026-07-13T18:53:08.929,45.7
2026-07-13T18:53:09.332,45.5
2026-07-13T18:53:09.735,45.0
2026-07-13T18:53:10.138,47.3
2026-07-13T18:53:10.541,46.9
2026-07-13T18:53:10.944,45.8
2026-07-13T18:53:11.347,44.8
2026-07-13T18:53:11.750,42.5
2026-07-13T18:53:12.153,42.8
2026-07-13T18:53:12.556,42.4
2026-07-13T18:53:12.959,42.4
2026-07-13T18:53:13.362,42.7
2026-07-13T18:53:13.765,42.3
2026-07-13T18:53:14.168,42.3
2026-07-13T18:53:14.571,42.7
2026-07-13T18:53:14.973,42.3
2026-07-13T18:53:15.376,42.3
2026-07-13T18:53:15.779,42.7
2026-07-13T18:53:16.182,43.0
2026-07-13T18:53:16.585,42.7
2026-07-13T18:53:16.988,42.5
2026-07-13T18:53:17.391,42.6
2026-07-13T18:53:17.794,42.8
2026-07-13T18:53:18.197,43.0
2026-07-13T18:53:18.600,43.5
2026-07-13T18:53:19.003,43.6
2026-07-13T18:53:19.406,44.4
2026-07-13T18:53:19.809,53.0
2026-07-13T18:53:20.212,52.6
2026-07-13T18:53:20.615,51.8
2026-07-13T18:53:21.018,51.2
2026-07-13T18:53:21.421,48.6
2026-07-13T18:53:21.824,49.4
2026-07-13T18:53:22.227,50.4
2026-07-13T18:53:22.630,50.5
2026-07-13T18:53:23.033,51.0
2026-07-13T18:53:23.436,51.7
2026-07-13T18:53:23.839,53.4
2026-07-13T18:53:24.242,53.2
2026-07-13T18:53:24.645,53.0
2026-07-13T18:53:25.047,52.9
2026-07-13T18:53:25.450,52.8
2026-07-13T18:53:25.853,53.0
2026-07-13T18:53:26.256,53.1
2026-07-13T18:53:26.659,53.1
2026-07-13T18:53:27.062,53.9
2026-07-13T18:53:27.465,53.8
2026-07-13T18:53:27.868,53.4
2026-07-13T18:53:28.271,53.1
2026-07-13T18:53:28.674,53.2
2026-07-13T18:53:29.077,53.3
2026-07-13T18:53:29.480,53.7
2026-07-13T18:53:29.883,53.8
2026-07-13T18:53:30.286,53.5
2026-07-13T18:53:30.689,53.2
2026-07-13T18:53:31.092,53.6
2026-07-13T18:53:31.495,53.3
2026-07-13T18:53:31.898,53.4
2026-07-13T18:53:32.301,53.1
2026-07-13T18:53:32.704,53.1
2026-07-13T18:53:33.107,53.2
2026-07-13T18:53:33.510,53.4
2026-07-13T18:53:33.913,53.4
2026-07-13T18:53:34.315,52.9
2026-07-13T18:53:34.718,52.7
2026-07-13T18:53:35.121,52.4
2026-07-13T18:53:35.524,52.5
2026-07-13T18:53:35.927,52.4
2026-07-13T18:53:36.330,52.3
2026-07-13T18:53:36.733,52.0
2026-07-13T18:53:37.136,51.7
2026-07-13T18:53:37.539,51.5
2026-07-13T18:53:37.942,51.3
2026-07-13T18:53:38.345,51.3
2026-07-13T18:53:38.748,50.9
2026-07-13T18:53:39.151,50.9
2026-07-13T18:53:39.554,50.9
2026-07-13T18:53:39.957,50.5
2026-07-13T18:53:40.360,50.2
2026-07-13T18:53:40.763,50.1
2026-07-13T18:53:41.166,50.4
2026-07-13T18:53:41.569,50.3
2026-07-13T18:53:41.972,50.1
2026-07-13T18:53:42.375,49.9
2026-07-13T18:53:42.778,48.6
2026-07-13T18:53:43.181,48.0
2026-07-13T18:53:43.583,47.8
2026-07-13T18:53:43.986,47.3
2026-07-13T18:53:44.389,47.4
2026-07-13T18:53:44.792,47.1
2026-07-13T18:53:45.195,46.9
2026-07-13T18:53:45.598,46.6
2026-07-13T18:53:46.001,45.6
2026-07-13T18:53:46.404,44.9
2026-07-13T18:53:46.807,44.6
2026-07-13T18:53:47.210,44.5
2026-07-13T18:53:47.613,44.3
2026-07-13T18:53:48.016,44.3
2026-07-13T18:53:48.419,44.2
2026-07-13T18:53:48.822,44.0
2026-07-13T18:53:49.225,44.1
2026-07-13T18:53:49.628,44.6
2026-07-13T18:53:50.031,50.1
2026-07-13T18:53:50.434,48.8
2026-07-13T18:53:50.837,47.8
2026-07-13T18:53:51.240,46.9
2026-07-13T18:53:51.643,45.4
2026-07-13T18:53:52.046,45.3
2026-07-13T18:53:52.448,42.8
2026-07-13T18:53:52.851,42.4
2026-07-13T18:53:53.254,42.3
2026-07-13T18:53:53.657,42.4
2026-07-13T18:53:54.060,42.4
2026-07-13T18:53:54.463,42.1
2026-07-13T18:53:54.866,42.1
2026-07-13T18:53:55.269,42.3
2026-07-13T18:53:55.672,42.1
2026-07-13T18:53:56.075,42.2
2026-07-13T18:53:56.478,42.3
2026-07-13T18:53:56.881,42.1
2026-07-13T18:53:57.285,42.4
2026-07-13T18:53:57.687,42.3
2026-07-13T18:53:58.090,41.9
2026-07-13T18:53:58.493,41.9
2026-07-13T18:53:58.896,42.2
2026-07-13T18:53:59.299,42.1
2026-07-13T18:53:59.702,42.0
2026-07-13T18:54:00.105,42.0
2026-07-13T18:54:00.508,42.2
2026-07-13T18:54:00.911,42.2
2026-07-13T18:54:01.314,42.5
2026-07-13T18:54:01.717,42.8
2026-07-13T18:54:02.119,42.4
2026-07-13T18:54:02.522,42.2
2026-07-13T18:54:02.925,42.5
2026-07-13T18:54:03.328,42.2
2026-07-13T18:54:03.731,42.3
2026-07-13T18:54:04.134,42.3
2026-07-13T18:54:04.537,42.8
2026-07-13T18:54:04.940,42.4
2026-07-13T18:54:05.343,42.3
2026-07-13T18:54:05.746,42.4
2026-07-13T18:54:06.149,42.4
2026-07-13T18:54:06.552,43.0
2026-07-13T18:54:06.955,43.3
2026-07-13T18:54:07.358,43.4
2026-07-13T18:54:07.761,43.0
2026-07-13T18:54:08.164,42.9
2026-07-13T18:54:08.567,42.9
2026-07-13T18:54:08.970,42.9
2026-07-13T18:54:09.373,42.6
2026-07-13T18:54:09.776,42.2
2026-07-13T18:54:10.179,42.4
2026-07-13T18:54:10.582,42.4
2026-07-13T18:54:10.985,42.4
2026-07-13T18:54:11.388,42.7
2026-07-13T18:54:11.791,43.1
2026-07-13T18:54:12.194,43.0
2026-07-13T18:54:12.597,42.8
2026-07-13T18:54:12.999,42.4
2026-07-13T18:54:13.402,42.5
2026-07-13T18:54:13.805,43.6
2026-07-13T18:54:14.208,43.3
2026-07-13T18:54:14.611,42.8
2026-07-13T18:54:15.014,42.6
2026-07-13T18:54:15.417,42.0
2026-07-13T18:54:15.820,42.1
2026-07-13T18:54:16.223,42.1
2026-07-13T18:54:16.626,42.0
2026-07-13T18:54:17.029,42.0
2026-07-13T18:54:17.432,41.8
2026-07-13T18:54:17.835,41.9
2026-07-13T18:54:18.238,41.8
2026-07-13T18:54:18.641,42.3
2026-07-13T18:54:19.044,42.6
2026-07-13T18:54:19.447,42.2
2026-07-13T18:54:19.850,42.2
2026-07-13T18:54:20.253,42.0
2026-07-13T18:54:20.656,42.0
2026-07-13T18:54:21.059,42.2
2026-07-13T18:54:21.462,42.1
2026-07-13T18:54:21.865,42.4
2026-07-13T18:54:22.268,42.3
2026-07-13T18:54:22.671,42.4
2026-07-13T18:54:23.074,42.4
2026-07-13T18:54:23.477,43.8
2026-07-13T18:54:23.880,43.2
2026-07-13T18:54:24.285,42.8
2026-07-13T18:54:24.685,42.5
2026-07-13T18:54:25.088,42.1
2026-07-13T18:54:25.491,42.3
2026-07-13T18:54:25.894,42.0
2026-07-13T18:54:26.297,42.1
2026-07-13T18:54:26.700,42.1
2026-07-13T18:54:27.103,42.3
2026-07-13T18:54:27.506,42.6
2026-07-13T18:54:27.909,42.7
2026-07-13T18:54:28.312,42.9
2026-07-13T18:54:28.715,42.5
2026-07-13T18:54:29.118,42.5
2026-07-13T18:54:29.521,42.4
2026-07-13T18:54:29.924,42.6
2026-07-13T18:54:30.327,42.6
2026-07-13T18:54:30.730,42.6
2026-07-13T18:54:31.133,42.2
2026-07-13T18:54:31.536,42.6
2026-07-13T18:54:31.939,45.4
2026-07-13T18:54:32.342,45.9
2026-07-13T18:54:32.745,46.4
2026-07-13T18:54:33.148,46.2
2026-07-13T18:54:33.551,45.4
2026-07-13T18:54:33.954,45.2
2026-07-13T18:54:34.357,45.4
2026-07-13T18:54:34.760,55.2
2026-07-13T18:54:35.163,54.0
2026-07-13T18:54:35.566,52.0
2026-07-13T18:54:35.969,50.9
2026-07-13T18:54:36.372,43.8
2026-07-13T18:54:36.774,42.9
2026-07-13T18:54:37.177,43.7
2026-07-13T18:54:37.580,43.3
2026-07-13T18:54:37.983,46.6
2026-07-13T18:54:38.386,46.2
2026-07-13T18:54:38.789,51.2
2026-07-13T18:54:39.192,49.9
2026-07-13T18:54:39.595,54.2
2026-07-13T18:54:39.998,53.9
2026-07-13T18:54:40.401,53.1
2026-07-13T18:54:40.804,55.9
2026-07-13T18:54:41.207,60.4
2026-07-13T18:54:41.610,59.1
2026-07-13T18:54:42.013,58.2
2026-07-13T18:54:42.416,59.3
2026-07-13T18:54:42.819,72.1
2026-07-13T18:54:43.222,68.5
2026-07-13T18:54:43.625,63.5
2026-07-13T18:54:44.028,60.8
2026-07-13T18:54:44.431,58.6
2026-07-13T18:54:44.834,60.0
2026-07-13T18:54:45.237,57.4
2026-07-13T18:54:45.640,56.6
2026-07-13T18:54:46.043,55.5
2026-07-13T18:54:46.446,47.2
2026-07-13T18:54:46.849,49.4
2026-07-13T18:54:47.252,49.3
2026-07-13T18:54:47.655,50.1
2026-07-13T18:54:48.058,49.8
2026-07-13T18:54:48.460,52.4
2026-07-13T18:54:48.863,53.8
2026-07-13T18:54:49.266,52.6
2026-07-13T18:54:49.669,51.2
2026-07-13T18:54:50.072,49.7
2026-07-13T18:54:50.475,56.9
2026-07-13T18:54:50.878,57.5
2026-07-13T18:54:51.281,54.5
2026-07-13T18:54:51.684,52.0
2026-07-13T18:54:52.087,51.0
2026-07-13T18:54:52.490,43.0
2026-07-13T18:54:52.893,46.4
2026-07-13T18:54:53.299,45.9
2026-07-13T18:54:53.699,45.2
2026-07-13T18:54:54.102,44.5
2026-07-13T18:54:54.505,48.9
2026-07-13T18:54:54.908,47.5
2026-07-13T18:54:55.311,46.3
2026-07-13T18:54:55.714,45.4
2026-07-13T18:54:56.117,43.5
2026-07-13T18:54:56.520,43.7
2026-07-13T18:54:56.923,43.3
2026-07-13T18:54:57.326,43.0
2026-07-13T18:54:57.729,42.8
2026-07-13T18:54:58.132,42.3
2026-07-13T18:54:58.535,42.0
2026-07-13T18:54:58.938,42.3
2026-07-13T18:54:59.341,42.8
2026-07-13T18:54:59.744,42.4
2026-07-13T18:55:00.147,42.7
2026-07-13T18:55:00.549,42.7
2026-07-13T18:55:00.952,42.6
2026-07-13T18:55:01.355,43.1
2026-07-13T18:55:01.758,42.8
2026-07-13T18:55:02.161,43.1
2026-07-13T18:55:02.564,47.0
2026-07-13T18:55:02.967,46.0
2026-07-13T18:55:03.370,45.1
2026-07-13T18:55:03.773,44.5
2026-07-13T18:55:04.176,42.7
2026-07-13T18:55:04.579,43.1
2026-07-13T18:55:04.982,43.3
2026-07-13T18:55:05.385,43.8
2026-07-13T18:55:05.788,44.0
2026-07-13T18:55:06.191,44.6
2026-07-13T18:55:06.594,44.9
2026-07-13T18:55:06.997,44.6
2026-07-13T18:55:07.400,49.6
2026-07-13T18:55:07.803,56.0
2026-07-13T18:55:08.206,53.5
2026-07-13T18:55:08.609,51.4
2026-07-13T18:55:09.012,50.1
2026-07-13T18:55:09.415,44.2
2026-07-13T18:55:09.818,44.0
2026-07-13T18:55:10.221,43.1
2026-07-13T18:55:10.624,44.0
2026-07-13T18:55:11.027,43.9
2026-07-13T18:55:11.429,43.7
2026-07-13T18:55:11.832,43.5
2026-07-13T18:55:12.235,42.6
2026-07-13T18:55:12.638,42.6
2026-07-13T18:55:13.041,43.2
2026-07-13T18:55:13.444,44.1
2026-07-13T18:55:13.847,45.7
2026-07-13T18:55:14.250,47.8
2026-07-13T18:55:14.653,47.1
2026-07-13T18:55:15.056,46.9
2026-07-13T18:55:15.459,52.0
2026-07-13T18:55:15.862,52.8
2026-07-13T18:55:16.265,51.1
2026-07-13T18:55:16.668,49.6
2026-07-13T18:55:17.071,49.0
2026-07-13T18:55:17.474,56.4
2026-07-13T18:55:17.877,54.6
2026-07-13T18:55:18.280,53.9
2026-07-13T18:55:18.683,52.4
2026-07-13T18:55:19.086,42.6
2026-07-13T18:55:19.489,43.2
2026-07-13T18:55:19.892,43.1
2026-07-13T18:55:20.295,42.7
2026-07-13T18:55:20.698,43.0
2026-07-13T18:55:21.101,43.0
2026-07-13T18:55:21.504,42.9
2026-07-13T18:55:21.907,43.2
2026-07-13T18:55:22.310,42.8
2026-07-13T18:55:22.713,42.6
2026-07-13T18:55:23.116,42.7
2026-07-13T18:55:23.519,42.3
2026-07-13T18:55:23.922,42.6
2026-07-13T18:55:24.325,42.2
2026-07-13T18:55:24.728,42.4
2026-07-13T18:55:25.130,42.3
2026-07-13T18:55:25.533,42.8
2026-07-13T18:55:25.936,42.4
2026-07-13T18:55:26.339,42.2
2026-07-13T18:55:26.742,42.3
2026-07-13T18:55:27.145,42.2
2026-07-13T18:55:27.548,42.0
2026-07-13T18:55:27.951,42.4
2026-07-13T18:55:28.354,42.2
2026-07-13T18:55:28.757,42.3
2026-07-13T18:55:29.160,42.7
2026-07-13T18:55:29.563,43.0
2026-07-13T18:55:29.966,42.8
2026-07-13T18:55:30.369,42.7
2026-07-13T18:55:30.772,43.0
2026-07-13T18:55:31.175,42.7
2026-07-13T18:55:31.578,42.3
2026-07-13T18:55:31.981,42.1
2026-07-13T18:55:32.384,42.0
2026-07-13T18:55:32.787,43.7
2026-07-13T18:55:33.190,43.3
2026-07-13T18:55:33.593,44.6
2026-07-13T18:55:33.996,45.8
2026-07-13T18:55:34.399,49.6
2026-07-13T18:55:34.802,48.2
2026-07-13T18:55:35.205,47.1
2026-07-13T18:55:35.608,46.2
2026-07-13T18:55:36.011,43.3
2026-07-13T18:55:36.414,43.9
2026-07-13T18:55:36.817,43.6
2026-07-13T18:55:37.220,43.4
2026-07-13T18:55:37.623,42.9
2026-07-13T18:55:38.026,43.2
2026-07-13T18:55:38.429,43.2
2026-07-13T18:55:38.832,43.9
2026-07-13T18:55:39.235,43.6
2026-07-13T18:55:39.638,43.1
2026-07-13T18:55:40.041,43.1
2026-07-13T18:55:40.444,43.9
2026-07-13T18:55:40.846,44.2
2026-07-13T18:55:41.249,44.8
2026-07-13T18:55:41.652,44.7
2026-07-13T18:55:42.055,44.4
2026-07-13T18:55:42.458,44.2
2026-07-13T18:55:42.861,44.0
2026-07-13T18:55:43.264,44.4
2026-07-13T18:55:43.667,43.9
2026-07-13T18:55:44.070,43.5
2026-07-13T18:55:44.473,43.1
2026-07-13T18:55:44.876,43.5
2026-07-13T18:55:45.279,43.2
2026-07-13T18:55:45.682,43.0
2026-07-13T18:55:46.085,42.6
2026-07-13T18:55:46.488,42.3
2026-07-13T18:55:46.891,42.4
2026-07-13T18:55:47.294,42.3
2026-07-13T18:55:47.697,42.4
2026-07-13T18:55:48.100,42.5
2026-07-13T18:55:48.503,42.6
2026-07-13T18:55:48.906,42.5
2026-07-13T18:55:49.309,42.7
2026-07-13T18:55:49.712,42.8
2026-07-13T18:55:50.115,42.6
2026-07-13T18:55:50.518,42.4
2026-07-13T18:55:50.921,42.3
2026-07-13T18:55:51.324,42.3
2026-07-13T18:55:51.727,42.2
2026-07-13T18:55:52.130,42.2
2026-07-13T18:55:52.533,42.2
2026-07-13T18:55:52.936,43.3
2026-07-13T18:55:53.339,43.1
2026-07-13T18:55:53.742,42.7
2026-07-13T18:55:54.145,42.7
2026-07-13T18:55:54.548,42.4
2026-07-13T18:55:54.951,42.3
2026-07-13T18:55:55.354,42.2
2026-07-13T18:55:55.757,42.2
2026-07-13T18:55:56.160,42.2
2026-07-13T18:55:56.563,42.4
2026-07-13T18:55:56.966,42.5
2026-07-13T18:55:57.369,42.7
2026-07-13T18:55:57.772,43.8
2026-07-13T18:55:58.175,43.5
2026-07-13T18:55:58.578,43.4
2026-07-13T18:55:58.981,43.1
2026-07-13T18:55:59.383,42.3
2026-07-13T18:55:59.786,42.2
2026-07-13T18:56:00.189,42.5
2026-07-13T18:56:00.592,42.2
2026-07-13T18:56:00.995,42.4
2026-07-13T18:56:01.398,43.3
2026-07-13T18:56:01.801,43.8
2026-07-13T18:56:02.204,43.4
2026-07-13T18:56:02.607,43.2
2026-07-13T18:56:03.010,42.7
2026-07-13T18:56:03.413,41.9
2026-07-13T18:56:03.816,42.4
2026-07-13T18:56:04.219,42.2
2026-07-13T18:56:04.622,42.6
2026-07-13T18:56:05.025,42.4
2026-07-13T18:56:05.428,42.8
2026-07-13T18:56:05.831,42.7
2026-07-13T18:56:06.234,43.0
2026-07-13T18:56:06.637,42.8
2026-07-13T18:56:07.040,42.6
2026-07-13T18:56:07.443,42.5
2026-07-13T18:56:07.846,42.4
2026-07-13T18:56:08.249,42.6
2026-07-13T18:56:08.652,42.3
2026-07-13T18:56:09.055,42.2
2026-07-13T18:56:09.458,42.0
2026-07-13T18:56:09.861,42.1
2026-07-13T18:56:10.264,42.3
2026-07-13T18:56:10.667,42.4
2026-07-13T18:56:11.070,42.8
2026-07-13T18:56:11.473,42.8
2026-07-13T18:56:11.876,42.7
2026-07-13T18:56:12.279,42.3
2026-07-13T18:56:12.682,42.4
2026-07-13T18:56:13.085,42.9
2026-07-13T18:56:13.488,42.6
2026-07-13T18:56:13.891,42.5
2026-07-13T18:56:14.294,42.3
2026-07-13T18:56:14.697,42.3
2026-07-13T18:56:15.100,42.6
2026-07-13T18:56:15.503,43.5
2026-07-13T18:56:15.906,44.5
2026-07-13T18:56:16.309,53.8
2026-07-13T18:56:16.712,52.6
2026-07-13T18:56:17.115,52.2
2026-07-13T18:56:17.518,60.2
2026-07-13T18:56:17.921,58.2
2026-07-13T18:56:18.324,55.4
2026-07-13T18:56:18.727,53.3
2026-07-13T18:56:19.129,43.2
2026-07-13T18:56:19.533,43.4
2026-07-13T18:56:19.935,44.9
2026-07-13T18:56:20.338,45.6
2026-07-13T18:56:20.741,62.4
2026-07-13T18:56:21.144,61.2
2026-07-13T18:56:21.547,57.7
2026-07-13T18:56:21.950,55.3
2026-07-13T18:56:22.353,51.3
2026-07-13T18:56:22.756,48.5
2026-07-13T18:56:23.159,50.4
2026-07-13T18:56:23.562,55.3
2026-07-13T18:56:23.965,54.7
2026-07-13T18:56:24.368,52.8
2026-07-13T18:56:24.771,52.0
2026-07-13T18:56:25.174,50.6
2026-07-13T18:56:25.577,50.9
2026-07-13T18:56:25.980,51.9
2026-07-13T18:56:26.383,50.7
2026-07-13T18:56:26.786,52.1
2026-07-13T18:56:27.189,50.5
2026-07-13T18:56:27.592,49.4
2026-07-13T18:56:27.995,57.3
2026-07-13T18:56:28.398,56.4
2026-07-13T18:56:28.801,53.6
2026-07-13T18:56:29.204,51.7
2026-07-13T18:56:29.607,45.8
2026-07-13T18:56:30.010,43.4
2026-07-13T18:56:30.413,43.4
2026-07-13T18:56:30.816,43.0
2026-07-13T18:56:31.219,43.3
2026-07-13T18:56:31.622,85.6
2026-07-13T18:56:32.025,84.3
2026-07-13T18:56:32.428,76.2
2026-07-13T18:56:32.831,69.4
2026-07-13T18:56:33.234,43.2
2026-07-13T18:56:33.637,44.4
2026-07-13T18:56:34.040,44.0
2026-07-13T18:56:34.443,43.5
2026-07-13T18:56:34.846,44.7
2026-07-13T18:56:35.249,44.1
2026-07-13T18:56:35.652,43.6
2026-07-13T18:56:36.055,43.2
2026-07-13T18:56:36.458,42.5
2026-07-13T18:56:36.861,43.1
2026-07-13T18:56:37.264,43.5
2026-07-13T18:56:37.667,43.3
2026-07-13T18:56:38.070,43.2
2026-07-13T18:56:38.473,44.7
2026-07-13T18:56:38.876,44.5
2026-07-13T18:56:39.279,44.0
2026-07-13T18:56:39.682,43.6
2026-07-13T18:56:40.085,43.1
2026-07-13T18:56:40.488,42.4
2026-07-13T18:56:40.891,42.0
2026-07-13T18:56:41.293,42.5
2026-07-13T18:56:41.696,42.6
2026-07-13T18:56:42.099,43.3
2026-07-13T18:56:42.502,42.9
2026-07-13T18:56:42.905,42.6
2026-07-13T18:56:43.308,45.3
2026-07-13T18:56:43.711,44.6
2026-07-13T18:56:44.114,44.0
2026-07-13T18:56:44.517,43.6
2026-07-13T18:56:44.920,42.2
2026-07-13T18:56:45.323,42.6
2026-07-13T18:56:45.726,43.4
2026-07-13T18:56:46.129,43.0
2026-07-13T18:56:46.532,43.9
2026-07-13T18:56:46.935,43.6
2026-07-13T18:56:47.338,43.2
2026-07-13T18:56:47.741,42.8
2026-07-13T18:56:48.144,42.6
2026-07-13T18:56:48.547,42.5
2026-07-13T18:56:48.950,42.1
2026-07-13T18:56:49.353,42.2
2026-07-13T18:56:49.756,42.1
2026-07-13T18:56:50.159,45.2
2026-07-13T18:56:50.562,44.8
2026-07-13T18:56:50.965,44.5
2026-07-13T18:56:51.368,43.8
2026-07-13T18:56:51.771,42.2
2026-07-13T18:56:52.174,43.4
2026-07-13T18:56:52.577,51.7
2026-07-13T18:56:52.980,57.6
2026-07-13T18:56:53.383,56.0
2026-07-13T18:56:53.786,54.9
2026-07-13T18:56:54.188,52.2
2026-07-13T18:56:54.591,44.3
2026-07-13T18:56:54.994,42.8
2026-07-13T18:56:55.397,42.8
2026-07-13T18:56:55.800,43.4
2026-07-13T18:56:56.203,48.2
2026-07-13T18:56:56.606,47.8
2026-07-13T18:56:57.009,47.1
2026-07-13T18:56:57.412,46.3
2026-07-13T18:56:57.815,50.4
2026-07-13T18:56:58.218,51.6
2026-07-13T18:56:58.621,50.7
2026-07-13T18:56:59.024,48.9
2026-07-13T18:56:59.427,47.5
2026-07-13T18:56:59.830,48.2
2026-07-13T18:57:00.233,47.1
2026-07-13T18:57:00.636,46.3
2026-07-13T18:57:01.039,45.9
2026-07-13T18:57:01.442,43.8
2026-07-13T18:57:01.845,42.8
2026-07-13T18:57:02.248,43.9
2026-07-13T18:57:02.651,43.8
2026-07-13T18:57:03.054,46.5
2026-07-13T18:57:03.457,45.4
2026-07-13T18:57:03.860,45.3
2026-07-13T18:57:04.263,48.1
2026-07-13T18:57:04.666,53.5
2026-07-13T18:57:05.068,51.5
2026-07-13T18:57:05.471,50.0
2026-07-13T18:57:05.874,48.6
2026-07-13T18:57:06.277,44.8
2026-07-13T18:57:06.680,50.4
2026-07-13T18:57:07.083,49.3
2026-07-13T18:57:07.486,48.7
2026-07-13T18:57:07.889,48.7
2026-07-13T18:57:08.292,50.2
2026-07-13T18:57:08.695,50.3
2026-07-13T18:57:09.098,50.6
2026-07-13T18:57:09.501,50.9
2026-07-13T18:57:09.904,50.9
2026-07-13T18:57:10.307,51.3
2026-07-13T18:57:10.710,51.5
2026-07-13T18:57:11.113,52.1
2026-07-13T18:57:11.516,51.8
2026-07-13T18:57:11.919,51.9
2026-07-13T18:57:12.322,52.1
2026-07-13T18:57:12.725,52.0
2026-07-13T18:57:13.128,52.2
2026-07-13T18:57:13.531,52.4
2026-07-13T18:57:13.934,52.3
2026-07-13T18:57:14.336,52.3
2026-07-13T18:57:14.739,53.5
2026-07-13T18:57:15.142,53.3
2026-07-13T18:57:15.545,52.8
2026-07-13T18:57:15.948,59.7
2026-07-13T18:57:16.351,58.4
2026-07-13T18:57:16.754,57.1
2026-07-13T18:57:17.157,56.0
2026-07-13T18:57:17.560,52.2
2026-07-13T18:57:17.963,52.0
2026-07-13T18:57:18.366,52.1
2026-07-13T18:57:18.769,52.1
2026-07-13T18:57:19.172,52.0
2026-07-13T18:57:19.575,51.9
2026-07-13T18:57:19.978,51.7
2026-07-13T18:57:20.381,51.5
2026-07-13T18:57:20.784,51.5
2026-07-13T18:57:21.187,51.4
2026-07-13T18:57:21.590,51.2
2026-07-13T18:57:21.993,51.2
2026-07-13T18:57:22.396,51.0
2026-07-13T18:57:22.799,50.7
2026-07-13T18:57:23.202,50.7
2026-07-13T18:57:23.605,50.6
2026-07-13T18:57:24.008,50.5
2026-07-13T18:57:24.410,50.2
2026-07-13T18:57:24.813,50.2
2026-07-13T18:57:25.216,50.1
2026-07-13T18:57:25.619,49.9
2026-07-13T18:57:26.022,50.1
2026-07-13T18:57:26.425,49.8
2026-07-13T18:57:26.828,49.4
2026-07-13T18:57:27.231,49.2
2026-07-13T18:57:27.634,48.7
2026-07-13T18:57:28.037,48.3
2026-07-13T18:57:28.440,47.1
2026-07-13T18:57:28.843,46.8
2026-07-13T18:57:29.246,46.1
2026-07-13T18:57:29.649,45.3
2026-07-13T18:57:30.052,45.1
2026-07-13T18:57:30.455,45.2
2026-07-13T18:57:30.858,44.8
2026-07-13T18:57:31.261,44.3
2026-07-13T18:57:31.664,43.8
2026-07-13T18:57:32.067,43.1
2026-07-13T18:57:32.470,43.4
2026-07-13T18:57:32.872,43.1
2026-07-13T18:57:33.275,43.7
2026-07-13T18:57:33.678,43.6
2026-07-13T18:57:34.081,43.4
2026-07-13T18:57:34.484,43.3
2026-07-13T18:57:34.887,43.0
2026-07-13T18:57:35.290,43.2
2026-07-13T18:57:35.693,43.1
2026-07-13T18:57:36.096,42.7
2026-07-13T18:57:36.499,42.3
2026-07-13T18:57:36.902,42.1
2026-07-13T18:57:37.305,41.8
2026-07-13T18:57:37.708,41.9
2026-07-13T18:57:38.111,42.2
2026-07-13T18:57:38.514,42.1
2026-07-13T18:57:38.917,42.0
2026-07-13T18:57:39.320,42.3
2026-07-13T18:57:39.723,42.1
2026-07-13T18:57:40.126,42.1
2026-07-13T18:57:40.529,42.5
2026-07-13T18:57:40.932,42.9
2026-07-13T18:57:41.335,42.5
2026-07-13T18:57:41.738,42.1
2026-07-13T18:57:42.141,42.3
2026-07-13T18:57:42.544,41.9
2026-07-13T18:57:42.946,41.9
2026-07-13T18:57:43.349,41.8
2026-07-13T18:57:43.752,42.4
2026-07-13T18:57:44.155,42.3
2026-07-13T18:57:44.558,41.9
2026-07-13T18:57:44.961,42.7
2026-07-13T18:57:45.364,42.6
2026-07-13T18:57:45.767,42.5
2026-07-13T18:57:46.170,42.3
2026-07-13T18:57:46.573,42.3
2026-07-13T18:57:46.976,42.1
2026-07-13T18:57:47.379,42.1
2026-07-13T18:57:47.782,42.5
2026-07-13T18:57:48.185,42.2
2026-07-13T18:57:48.588,42.1
2026-07-13T18:57:48.991,41.9
2026-07-13T18:57:49.394,42.1
2026-07-13T18:57:49.797,42.2
2026-07-13T18:57:50.200,42.6
2026-07-13T18:57:50.603,42.5
2026-07-13T18:57:51.006,43.5
2026-07-13T18:57:51.409,44.4
2026-07-13T18:57:51.812,43.9
2026-07-13T18:57:52.215,43.2
2026-07-13T18:57:52.618,43.4
2026-07-13T18:57:53.021,45.3
2026-07-13T18:57:53.424,45.6
2026-07-13T18:57:53.827,44.9
2026-07-13T18:57:54.229,44.3
2026-07-13T18:57:54.632,44.0
2026-07-13T18:57:55.035,44.4
2026-07-13T18:57:55.438,44.2
2026-07-13T18:57:55.841,43.8
2026-07-13T18:57:56.244,43.7
2026-07-13T18:57:56.647,42.7
2026-07-13T18:57:57.050,42.6
2026-07-13T18:57:57.453,42.6
2026-07-13T18:57:57.856,43.0
2026-07-13T18:57:58.259,44.0
2026-07-13T18:57:58.662,45.1
2026-07-13T18:57:59.065,44.5
2026-07-13T18:57:59.468,44.0
2026-07-13T18:57:59.871,43.7
2026-07-13T18:58:00.274,42.6
2026-07-13T18:58:00.677,42.7
2026-07-13T18:58:01.080,42.4
2026-07-13T18:58:01.483,42.5
2026-07-13T18:58:01.886,43.1
2026-07-13T18:58:02.289,43.3
2026-07-13T18:58:02.692,43.1
2026-07-13T18:58:03.094,42.9
2026-07-13T18:58:03.497,42.6
2026-07-13T18:58:03.900,42.1
2026-07-13T18:58:04.303,42.1
2026-07-13T18:58:04.706,42.1
2026-07-13T18:58:05.109,42.3
2026-07-13T18:58:05.512,42.9
2026-07-13T18:58:05.915,42.6
2026-07-13T18:58:06.318,42.3
2026-07-13T18:58:06.721,42.2
2026-07-13T18:58:07.124,42.4
2026-07-13T18:58:07.527,42.3
2026-07-13T18:58:07.930,42.2
2026-07-13T18:58:08.333,42.6
2026-07-13T18:58:08.736,42.6
2026-07-13T18:58:09.139,43.7
2026-07-13T18:58:09.542,43.1
2026-07-13T18:58:09.945,42.6
2026-07-13T18:58:10.348,43.3
2026-07-13T18:58:10.751,43.0
2026-07-13T18:58:11.154,42.7
2026-07-13T18:58:11.557,43.0
2026-07-13T18:58:11.960,42.9
2026-07-13T18:58:12.363,42.9
2026-07-13T18:58:12.766,42.8
2026-07-13T18:58:13.169,44.7
2026-07-13T18:58:13.572,44.3
2026-07-13T18:58:13.974,44.1
2026-07-13T18:58:14.377,43.7
2026-07-13T18:58:14.780,43.1
2026-07-13T18:58:15.183,42.4
2026-07-13T18:58:15.586,42.3
2026-07-13T18:58:15.989,42.3
2026-07-13T18:58:16.392,43.2
2026-07-13T18:58:16.795,43.1
2026-07-13T18:58:17.198,43.0
2026-07-13T18:58:17.601,43.6
2026-07-13T18:58:18.004,45.0
2026-07-13T18:58:18.407,44.8
2026-07-13T18:58:18.810,44.2
2026-07-13T18:58:19.213,43.7
2026-07-13T18:58:19.616,45.0
2026-07-13T18:58:20.019,44.4
2026-07-13T18:58:20.422,43.8
2026-07-13T18:58:20.825,43.3
2026-07-13T18:58:21.228,42.5
2026-07-13T18:58:21.631,42.3
2026-07-13T18:58:22.034,42.1
2026-07-13T18:58:22.437,42.3
2026-07-13T18:58:22.840,42.0
2026-07-13T18:58:23.243,42.0
2026-07-13T18:58:23.646,41.9
2026-07-13T18:58:24.049,42.4
2026-07-13T18:58:24.452,42.8
2026-07-13T18:58:24.855,42.6
2026-07-13T18:58:25.258,42.2
2026-07-13T18:58:25.660,42.1
2026-07-13T18:58:26.063,41.9
2026-07-13T18:58:26.466,42.0
2026-07-13T18:58:26.869,42.0
2026-07-13T18:58:27.272,42.2
2026-07-13T18:58:27.675,41.8
2026-07-13T18:58:28.078,41.7
2026-07-13T18:58:28.481,42.3
2026-07-13T18:58:28.884,42.3
2026-07-13T18:58:29.287,42.6
2026-07-13T18:58:29.690,42.3
2026-07-13T18:58:30.093,42.2
2026-07-13T18:58:30.496,42.1
2026-07-13T18:58:30.899,41.9
2026-07-13T18:58:31.302,42.1
2026-07-13T18:58:31.705,42.0
2026-07-13T18:58:32.108,42.2
2026-07-13T18:58:32.511,42.2
2026-07-13T18:58:32.914,42.3
2026-07-13T18:58:33.317,42.4
2026-07-13T18:58:33.720,42.4
2026-07-13T18:58:34.123,42.1
2026-07-13T18:58:34.526,41.9
2026-07-13T18:58:34.929,42.2
2026-07-13T18:58:35.331,42.2
2026-07-13T18:58:35.734,41.9
2026-07-13T18:58:36.137,41.8
2026-07-13T18:58:36.540,42.1
2026-07-13T18:58:36.943,42.4
2026-07-13T18:58:37.346,42.6
2026-07-13T18:58:37.749,42.4
2026-07-13T18:58:38.152,42.3
2026-07-13T18:58:38.555,42.1
2026-07-13T18:58:38.958,41.7
2026-07-13T18:58:39.361,41.6
2026-07-13T18:58:39.764,42.2
2026-07-13T18:58:40.167,42.1
2026-07-13T18:58:40.570,42.0
2026-07-13T18:58:40.973,41.7
2026-07-13T18:58:41.376,42.2
2026-07-13T18:58:41.779,42.6
2026-07-13T18:58:42.182,42.6
2026-07-13T18:58:42.585,42.2
2026-07-13T18:58:42.988,41.9
2026-07-13T18:58:43.391,41.9
2026-07-13T18:58:43.794,41.7
2026-07-13T18:58:44.197,41.9
2026-07-13T18:58:44.600,41.8
2026-07-13T18:58:45.003,42.0
2026-07-13T18:58:45.406,42.3
2026-07-13T18:58:45.809,42.2
2026-07-13T18:58:46.212,42.4
2026-07-13T18:58:46.615,43.6
2026-07-13T18:58:47.018,43.4
2026-07-13T18:58:47.421,43.0
2026-07-13T18:58:47.824,42.8
2026-07-13T18:58:48.227,42.0
2026-07-13T18:58:48.630,41.7
2026-07-13T18:58:49.033,42.1
2026-07-13T18:58:49.436,42.2
2026-07-13T18:58:49.839,42.1
2026-07-13T18:58:50.242,41.8
2026-07-13T18:58:50.645,42.2
2026-07-13T18:58:51.048,42.6
2026-07-13T18:58:51.451,42.4
2026-07-13T18:58:51.854,42.4
2026-07-13T18:58:52.257,42.5
2026-07-13T18:58:52.660,42.1
2026-07-13T18:58:53.063,42.2
2026-07-13T18:58:53.466,42.1
2026-07-13T18:58:53.869,42.0
2026-07-13T18:58:54.271,42.3
2026-07-13T18:58:54.674,42.4
2026-07-13T18:58:55.077,42.8
2026-07-13T18:58:55.480,42.4
2026-07-13T18:58:55.883,42.3
2026-07-13T18:58:56.286,42.3
2026-07-13T18:58:56.689,43.0
2026-07-13T18:58:57.092,42.7
2026-07-13T18:58:57.495,43.2
2026-07-13T18:58:57.898,42.8
2026-07-13T18:58:58.301,42.4
2026-07-13T18:58:58.704,42.3
2026-07-13T18:58:59.107,42.4
2026-07-13T18:58:59.510,42.5
2026-07-13T18:58:59.913,42.6
2026-07-13T18:59:00.316,42.8
2026-07-13T18:59:00.719,43.1
2026-07-13T18:59:01.122,43.5
2026-07-13T18:59:01.525,43.8
2026-07-13T18:59:01.928,44.4
2026-07-13T18:59:02.331,44.3
2026-07-13T18:59:02.734,44.4
2026-07-13T18:59:03.137,44.4
2026-07-13T18:59:03.540,44.8
2026-07-13T18:59:03.943,45.4
2026-07-13T18:59:04.346,46.2
2026-07-13T18:59:04.749,46.8
2026-07-13T18:59:05.152,48.4
2026-07-13T18:59:05.555,48.9
2026-07-13T18:59:05.958,49.4
2026-07-13T18:59:06.361,50.1
2026-07-13T18:59:06.764,50.1
2026-07-13T18:59:07.167,50.1
2026-07-13T18:59:07.570,50.4
2026-07-13T18:59:07.973,50.4
2026-07-13T18:59:08.376,50.5
2026-07-13T18:59:08.779,50.7
2026-07-13T18:59:09.182,50.9
2026-07-13T18:59:09.585,50.8
2026-07-13T18:59:09.988,51.0
2026-07-13T18:59:10.391,50.9
2026-07-13T18:59:10.794,50.8
2026-07-13T18:59:11.197,50.9
2026-07-13T18:59:11.600,51.1
2026-07-13T18:59:12.003,51.1
2026-07-13T18:59:12.406,50.9
2026-07-13T18:59:12.809,51.0
2026-07-13T18:59:13.212,50.9
2026-07-13T18:59:13.615,51.0
2026-07-13T18:59:14.018,50.9
2026-07-13T18:59:14.420,50.9
2026-07-13T18:59:14.823,50.9
2026-07-13T18:59:15.226,50.8
2026-07-13T18:59:15.629,50.9
2026-07-13T18:59:16.032,50.9
2026-07-13T18:59:16.435,50.8
2026-07-13T18:59:16.838,50.6
2026-07-13T18:59:17.241,50.5
2026-07-13T18:59:17.644,50.2
2026-07-13T18:59:18.047,50.0
2026-07-13T18:59:18.450,50.0
2026-07-13T18:59:18.853,49.9
2026-07-13T18:59:19.256,49.6
2026-07-13T18:59:19.659,49.6
2026-07-13T18:59:20.062,49.5
2026-07-13T18:59:20.465,49.1
2026-07-13T18:59:20.868,48.8
2026-07-13T18:59:21.271,47.9
2026-07-13T18:59:21.674,47.9
2026-07-13T18:59:22.077,47.4
2026-07-13T18:59:22.480,47.0
2026-07-13T18:59:22.883,46.4
2026-07-13T18:59:23.286,46.8
2026-07-13T18:59:23.689,46.6
2026-07-13T18:59:24.092,46.0
2026-07-13T18:59:24.495,45.4
2026-07-13T18:59:24.898,43.5
2026-07-13T18:59:25.301,43.5
2026-07-13T18:59:25.704,43.7
2026-07-13T18:59:26.107,43.6
2026-07-13T18:59:26.510,43.4
2026-07-13T18:59:26.913,43.3
2026-07-13T18:59:27.316,43.4
2026-07-13T18:59:27.719,43.2
2026-07-13T18:59:28.122,43.1
2026-07-13T18:59:28.525,43.0
2026-07-13T18:59:28.928,42.6
2026-07-13T18:59:29.331,42.4
2026-07-13T18:59:29.734,42.5
2026-07-13T18:59:30.137,42.6
2026-07-13T18:59:30.540,43.0
2026-07-13T18:59:30.943,42.8
2026-07-13T18:59:31.346,42.8
2026-07-13T18:59:31.749,42.4
2026-07-13T18:59:32.152,42.9
2026-07-13T18:59:32.555,43.2
2026-07-13T18:59:32.958,42.8
2026-07-13T18:59:33.361,42.5
2026-07-13T18:59:33.764,42.4
2026-07-13T18:59:34.167,42.6
2026-07-13T18:59:34.570,42.6
2026-07-13T18:59:34.973,42.8
2026-07-13T18:59:35.376,42.4
2026-07-13T18:59:35.779,42.4
2026-07-13T18:59:36.182,42.6
2026-07-13T18:59:36.585,42.9
2026-07-13T18:59:36.988,42.8
2026-07-13T18:59:37.391,42.9
2026-07-13T18:59:37.794,42.8
2026-07-13T18:59:38.197,42.6
2026-07-13T18:59:38.600,42.7
2026-07-13T18:59:39.003,42.6
2026-07-13T18:59:39.406,42.8
2026-07-13T18:59:39.809,43.0
2026-07-13T18:59:40.212,42.7
2026-07-13T18:59:40.615,42.9
2026-07-13T18:59:41.018,43.3
2026-07-13T18:59:41.421,43.1
2026-07-13T18:59:41.824,43.8
2026-07-13T18:59:42.227,43.5
2026-07-13T18:59:42.630,43.6
2026-07-13T18:59:43.032,43.8
2026-07-13T18:59:43.435,43.5
2026-07-13T18:59:43.838,43.3
2026-07-13T18:59:44.241,43.8
2026-07-13T18:59:44.644,45.5
2026-07-13T18:59:45.047,45.4
2026-07-13T18:59:45.450,44.7
2026-07-13T18:59:45.853,44.1
2026-07-13T18:59:46.256,43.2
2026-07-13T18:59:46.659,42.9
2026-07-13T18:59:47.062,44.6
2026-07-13T18:59:47.465,44.1
2026-07-13T18:59:47.868,43.7
2026-07-13T18:59:48.271,43.8
2026-07-13T18:59:48.674,44.4
2026-07-13T18:59:49.077,44.4
2026-07-13T18:59:49.480,44.2
2026-07-13T18:59:49.883,43.7
2026-07-13T18:59:50.286,43.4
2026-07-13T18:59:50.689,43.2
2026-07-13T18:59:51.092,43.2
2026-07-13T18:59:51.495,43.3
2026-07-13T18:59:51.898,46.0
2026-07-13T18:59:52.301,45.5
2026-07-13T18:59:52.704,45.2
2026-07-13T18:59:53.107,45.1
2026-07-13T18:59:53.510,44.4
2026-07-13T18:59:53.913,44.3
2026-07-13T18:59:54.316,44.0
2026-07-13T18:59:54.719,43.7
2026-07-13T18:59:55.122,43.5
2026-07-13T18:59:55.525,43.8
2026-07-13T18:59:55.928,43.6
2026-07-13T18:59:56.331,43.5
2026-07-13T18:59:56.734,43.4
2026-07-13T18:59:57.137,43.0
2026-07-13T18:59:57.540,42.7
2026-07-13T18:59:57.943,42.7
2026-07-13T18:59:58.346,42.4
2026-07-13T18:59:58.749,42.4
2026-07-13T18:59:59.151,42.4
2026-07-13T18:59:59.554,42.1
2026-07-13T18:59:59.957,42.0
2026-07-13T19:00:00.360,42.0
2026-07-13T19:00:00.763,41.9
2026-07-13T19:00:01.166,42.0
2026-07-13T19:00:01.569,42.0
2026-07-13T19:00:01.972,42.0
2026-07-13T19:00:02.375,42.4
2026-07-13T19:00:02.778,43.1
2026-07-13T19:00:03.181,51.3
2026-07-13T19:00:03.584,50.0
2026-07-13T19:00:03.987,48.3
2026-07-13T19:00:04.390,46.9
2026-07-13T19:00:04.793,60.1
2026-07-13T19:00:05.196,56.9
2026-07-13T19:00:05.599,60.1
2026-07-13T19:00:06.002,57.3
2026-07-13T19:00:06.405,56.0
2026-07-13T19:00:06.808,53.9
2026-07-13T19:00:07.211,46.8
2026-07-13T19:00:07.614,46.5
2026-07-13T19:00:08.017,46.8
2026-07-13T19:00:08.420,49.9
2026-07-13T19:00:08.823,48.6
2026-07-13T19:00:09.226,47.9
2026-07-13T19:00:09.629,48.3
2026-07-13T19:00:10.032,47.1
2026-07-13T19:00:10.435,46.6
2026-07-13T19:00:10.838,46.0
2026-07-13T19:00:11.241,45.8
2026-07-13T19:00:11.644,50.4
2026-07-13T19:00:12.046,55.4
2026-07-13T19:00:12.450,54.2
2026-07-13T19:00:12.852,52.0
2026-07-13T19:00:13.255,51.5
2026-07-13T19:00:13.658,45.0
2026-07-13T19:00:14.061,45.3
2026-07-13T19:00:14.464,44.7
2026-07-13T19:00:14.867,47.9
2026-07-13T19:00:15.270,47.1
2026-07-13T19:00:15.673,52.6
2026-07-13T19:00:16.076,51.9
2026-07-13T19:00:16.479,51.5
2026-07-13T19:00:16.882,58.1
2026-07-13T19:00:17.285,55.2
2026-07-13T19:00:17.688,52.8
2026-07-13T19:00:18.091,50.8
2026-07-13T19:00:18.494,42.3
2026-07-13T19:00:18.897,42.5
2026-07-13T19:00:19.300,43.0
2026-07-13T19:00:19.703,42.8
2026-07-13T19:00:20.106,42.5
2026-07-13T19:00:20.509,42.7
2026-07-13T19:00:20.912,43.0
2026-07-13T19:00:21.315,42.9
2026-07-13T19:00:21.718,42.7
2026-07-13T19:00:22.121,43.2
2026-07-13T19:00:22.524,42.9
2026-07-13T19:00:22.927,42.6
2026-07-13T19:00:23.330,42.7
2026-07-13T19:00:23.733,42.6
2026-07-13T19:00:24.136,42.3
2026-07-13T19:00:24.539,42.2
2026-07-13T19:00:24.942,42.0
2026-07-13T19:00:25.345,42.0
2026-07-13T19:00:25.748,42.0
2026-07-13T19:00:26.151,42.2
2026-07-13T19:00:26.554,42.3
2026-07-13T19:00:26.956,42.2
2026-07-13T19:00:27.359,42.5
2026-07-13T19:00:27.762,47.7
2026-07-13T19:00:28.165,46.9
2026-07-13T19:00:28.568,46.2
2026-07-13T19:00:28.971,45.9
2026-07-13T19:00:29.374,42.2
2026-07-13T19:00:29.777,52.0
2026-07-13T19:00:30.180,49.9
2026-07-13T19:00:30.583,48.9
2026-07-13T19:00:30.986,47.6
2026-07-13T19:00:31.389,43.3
2026-07-13T19:00:31.792,42.1
2026-07-13T19:00:32.195,42.2
2026-07-13T19:00:32.598,42.5
2026-07-13T19:00:33.001,44.3
2026-07-13T19:00:33.404,43.7
2026-07-13T19:00:33.807,51.0
2026-07-13T19:00:34.210,49.7
2026-07-13T19:00:34.613,48.1
2026-07-13T19:00:35.016,46.7
2026-07-13T19:00:35.419,42.7
2026-07-13T19:00:35.822,50.8
2026-07-13T19:00:36.225,49.4
2026-07-13T19:00:36.628,48.2
2026-07-13T19:00:37.030,53.1
2026-07-13T19:00:37.434,52.6
2026-07-13T19:00:37.836,52.0
2026-07-13T19:00:38.239,50.8
2026-07-13T19:00:38.642,45.9
2026-07-13T19:00:39.045,71.6
2026-07-13T19:00:39.449,66.1
2026-07-13T19:00:39.851,61.2
2026-07-13T19:00:40.254,60.6
2026-07-13T19:00:40.657,48.4
2026-07-13T19:00:41.060,45.4
2026-07-13T19:00:41.463,45.7
2026-07-13T19:00:41.866,45.0
2026-07-13T19:00:42.269,44.6
2026-07-13T19:00:42.672,44.2
2026-07-13T19:00:43.075,43.3
2026-07-13T19:00:43.478,42.5
2026-07-13T19:00:43.881,42.7
2026-07-13T19:00:44.285,43.2
2026-07-13T19:00:44.687,42.7
2026-07-13T19:00:45.090,42.4
2026-07-13T19:00:45.493,44.4
2026-07-13T19:00:45.896,49.5
2026-07-13T19:00:46.299,50.9
2026-07-13T19:00:46.702,49.2
2026-07-13T19:00:47.105,47.7
2026-07-13T19:00:47.508,46.8
2026-07-13T19:00:47.911,46.3
2026-07-13T19:00:48.314,45.5
2026-07-13T19:00:48.717,42.1
2026-07-13T19:00:49.120,42.2
2026-07-13T19:00:49.523,43.8
2026-07-13T19:00:49.926,43.2
2026-07-13T19:00:50.329,42.7
2026-07-13T19:00:50.732,42.2
2026-07-13T19:00:51.135,42.3
2026-07-13T19:00:51.538,50.1
2026-07-13T19:00:51.941,52.9
2026-07-13T19:00:52.344,53.4
2026-07-13T19:00:52.747,52.7
2026-07-13T19:00:53.150,52.0
2026-07-13T19:00:53.553,51.1
2026-07-13T19:00:53.956,42.4
2026-07-13T19:00:54.359,44.2
2026-07-13T19:00:54.762,43.8
2026-07-13T19:00:55.165,50.5
2026-07-13T19:00:55.568,53.7
2026-07-13T19:00:55.971,55.7
2026-07-13T19:00:56.374,56.1
2026-07-13T19:00:56.777,54.9
2026-07-13T19:00:57.180,55.9
2026-07-13T19:00:57.583,54.8
2026-07-13T19:00:57.986,53.6
2026-07-13T19:00:58.389,51.1
2026-07-13T19:00:58.792,50.2
2026-07-13T19:00:59.195,52.1
2026-07-13T19:00:59.598,53.0
2026-07-13T19:01:00.001,51.9
2026-07-13T19:01:00.404,49.9
2026-07-13T19:01:00.807,58.9
2026-07-13T19:01:01.210,58.0
2026-07-13T19:01:01.613,56.5
2026-07-13T19:01:02.016,53.6
2026-07-13T19:01:02.419,42.8
2026-07-13T19:01:02.822,42.6
2026-07-13T19:01:03.225,42.7
2026-07-13T19:01:03.628,44.0
2026-07-13T19:01:04.031,51.0
2026-07-13T19:01:04.434,49.9
2026-07-13T19:01:04.837,48.6
2026-07-13T19:01:05.240,47.3
2026-07-13T19:01:05.643,42.1
2026-07-13T19:01:06.045,42.5
2026-07-13T19:01:06.448,42.5
2026-07-13T19:01:06.851,42.1
2026-07-13T19:01:07.254,42.2
2026-07-13T19:01:07.657,42.1
2026-07-13T19:01:08.060,42.0
2026-07-13T19:01:08.463,41.8
2026-07-13T19:01:08.866,42.1
2026-07-13T19:01:09.269,42.6
2026-07-13T19:01:09.672,42.1
2026-07-13T19:01:10.075,42.0
2026-07-13T19:01:10.478,42.0
2026-07-13T19:01:10.881,42.9
2026-07-13T19:01:11.286,45.0
2026-07-13T19:01:11.687,44.4
2026-07-13T19:01:12.090,44.6
2026-07-13T19:01:12.493,46.9
2026-07-13T19:01:12.896,46.3
2026-07-13T19:01:13.299,50.7
2026-07-13T19:01:13.702,50.2
2026-07-13T19:01:14.105,49.7
2026-07-13T19:01:14.508,48.6
2026-07-13T19:01:14.911,45.7
2026-07-13T19:01:15.314,44.2
2026-07-13T19:01:15.717,47.9
2026-07-13T19:01:16.120,46.8
2026-07-13T19:01:16.523,45.8
2026-07-13T19:01:16.926,46.3
2026-07-13T19:01:17.329,45.7
2026-07-13T19:01:17.732,45.2
2026-07-13T19:01:18.135,45.8
2026-07-13T19:01:18.538,50.4
2026-07-13T19:01:18.941,50.2
2026-07-13T19:01:19.344,50.7
2026-07-13T19:01:19.747,54.6
2026-07-13T19:01:20.150,55.4
2026-07-13T19:01:20.553,53.7
2026-07-13T19:01:20.956,52.8
2026-07-13T19:01:21.359,51.7
2026-07-13T19:01:21.762,51.0
2026-07-13T19:01:22.165,44.4
2026-07-13T19:01:22.568,44.5
2026-07-13T19:01:22.971,45.8
2026-07-13T19:01:23.374,45.2
2026-07-13T19:01:23.777,44.7
2026-07-13T19:01:24.180,44.1
2026-07-13T19:01:24.583,45.5
2026-07-13T19:01:24.986,44.8
2026-07-13T19:01:25.389,44.3
2026-07-13T19:01:25.792,44.0
2026-07-13T19:01:26.195,42.7
2026-07-13T19:01:26.598,43.7
2026-07-13T19:01:27.001,43.5
2026-07-13T19:01:27.404,43.4
2026-07-13T19:01:27.807,43.5
2026-07-13T19:01:28.210,43.2
2026-07-13T19:01:28.613,43.4
2026-07-13T19:01:29.016,46.6
2026-07-13T19:01:29.419,45.8
2026-07-13T19:01:29.822,49.8
2026-07-13T19:01:30.225,48.4
2026-07-13T19:01:30.628,47.4
2026-07-13T19:01:31.031,46.2
2026-07-13T19:01:31.434,42.9
2026-07-13T19:01:31.837,43.3
2026-07-13T19:01:32.240,43.6
2026-07-13T19:01:32.643,45.1
2026-07-13T19:01:33.046,44.7
2026-07-13T19:01:33.449,46.4
2026-07-13T19:01:33.852,45.7
2026-07-13T19:01:34.255,44.8
2026-07-13T19:01:34.658,44.4
2026-07-13T19:01:35.061,42.5
2026-07-13T19:01:35.464,42.5
2026-07-13T19:01:35.867,42.5
2026-07-13T19:01:36.270,42.6
2026-07-13T19:01:36.673,42.3
2026-07-13T19:01:37.076,43.7
2026-07-13T19:01:37.479,43.5
2026-07-13T19:01:37.882,43.2
2026-07-13T19:01:38.285,43.1
2026-07-13T19:01:38.688,42.7
2026-07-13T19:01:39.091,42.7
2026-07-13T19:01:39.494,43.0
2026-07-13T19:01:39.897,44.2
2026-07-13T19:01:40.300,44.0
2026-07-13T19:01:40.703,43.5
2026-07-13T19:01:41.106,50.3
2026-07-13T19:01:41.509,49.6
2026-07-13T19:01:41.912,48.9
2026-07-13T19:01:42.315,47.7
2026-07-13T19:01:42.718,42.6
2026-07-13T19:01:43.121,42.7
2026-07-13T19:01:43.524,63.9
2026-07-13T19:01:43.927,59.8
2026-07-13T19:01:44.330,56.2
2026-07-13T19:01:44.733,53.1
2026-07-13T19:01:45.136,42.8
2026-07-13T19:01:45.539,52.5
2026-07-13T19:01:45.942,55.8
2026-07-13T19:01:46.345,55.1
2026-07-13T19:01:46.747,53.6
2026-07-13T19:01:47.150,52.6
2026-07-13T19:01:47.553,43.6
2026-07-13T19:01:47.956,45.8
2026-07-13T19:01:48.359,51.2
2026-07-13T19:01:48.762,56.0
2026-07-13T19:01:49.165,55.0
2026-07-13T19:01:49.568,54.0
2026-07-13T19:01:49.971,51.7
2026-07-13T19:01:50.374,43.5
2026-07-13T19:01:50.777,60.4
2026-07-13T19:01:51.180,60.3
2026-07-13T19:01:51.583,59.2
2026-07-13T19:01:51.986,57.5
2026-07-13T19:01:52.389,42.8
2026-07-13T19:01:52.792,50.2
2026-07-13T19:01:53.195,53.1
2026-07-13T19:01:53.598,51.6
2026-07-13T19:01:54.001,52.8
2026-07-13T19:01:54.404,57.7
2026-07-13T19:01:54.807,56.0
2026-07-13T19:01:55.210,53.4
2026-07-13T19:01:55.613,53.8
2026-07-13T19:01:56.016,55.5
2026-07-13T19:01:56.419,57.3
2026-07-13T19:01:56.822,56.5
2026-07-13T19:01:57.225,55.4
2026-07-13T19:01:57.628,54.3
2026-07-13T19:01:58.031,42.4
2026-07-13T19:01:58.434,42.1
2026-07-13T19:01:58.837,42.8
2026-07-13T19:01:59.240,50.6
2026-07-13T19:01:59.643,53.5
2026-07-13T19:02:00.046,57.1
2026-07-13T19:02:00.448,55.8
2026-07-13T19:02:00.851,55.0
2026-07-13T19:02:01.254,52.4
2026-07-13T19:02:01.657,43.2
2026-07-13T19:02:02.060,54.2
2026-07-13T19:02:02.463,53.3
2026-07-13T19:02:02.866,51.7
2026-07-13T19:02:03.269,50.0
2026-07-13T19:02:03.672,43.3
2026-07-13T19:02:04.075,42.5
2026-07-13T19:02:04.478,42.7
2026-07-13T19:02:04.881,58.6
2026-07-13T19:02:05.285,63.8
2026-07-13T19:02:05.687,61.6
2026-07-13T19:02:06.090,63.6
2026-07-13T19:02:06.493,63.1
2026-07-13T19:02:06.896,62.4
2026-07-13T19:02:07.299,60.5
2026-07-13T19:02:07.702,46.8
2026-07-13T19:02:08.105,50.2
2026-07-13T19:02:08.508,56.5
2026-07-13T19:02:08.911,61.5
2026-07-13T19:02:09.314,60.9
2026-07-13T19:02:09.717,59.6
2026-07-13T19:02:10.120,57.4
2026-07-13T19:02:10.523,54.1
2026-07-13T19:02:10.926,45.7
2026-07-13T19:02:11.329,60.6
2026-07-13T19:02:11.732,57.0
2026-07-13T19:02:12.135,54.2
2026-07-13T19:02:12.538,53.7
2026-07-13T19:02:12.941,61.5
2026-07-13T19:02:13.344,60.5
2026-07-13T19:02:13.747,59.4
2026-07-13T19:02:14.150,57.1
2026-07-13T19:02:14.553,43.0
2026-07-13T19:02:14.956,44.4
2026-07-13T19:02:15.359,44.0
2026-07-13T19:02:15.762,43.6
2026-07-13T19:02:16.165,43.4
2026-07-13T19:02:16.568,42.7
2026-07-13T19:02:16.971,62.5
2026-07-13T19:02:17.374,61.7
2026-07-13T19:02:17.777,58.1
2026-07-13T19:02:18.180,55.0
2026-07-13T19:02:18.583,42.9
2026-07-13T19:02:18.986,43.6
2026-07-13T19:02:19.389,43.4
2026-07-13T19:02:19.792,50.9
2026-07-13T19:02:20.195,53.5
2026-07-13T19:02:20.598,53.4
2026-07-13T19:02:21.001,59.6
2026-07-13T19:02:21.404,57.7
2026-07-13T19:02:21.807,55.7
2026-07-13T19:02:22.210,52.8
2026-07-13T19:02:22.613,42.2
2026-07-13T19:02:23.016,43.5
2026-07-13T19:02:23.419,50.2
2026-07-13T19:02:23.822,49.3
2026-07-13T19:02:24.225,48.0
2026-07-13T19:02:24.628,47.1
2026-07-13T19:02:25.031,54.5
2026-07-13T19:02:25.434,53.8
2026-07-13T19:02:25.837,53.7
2026-07-13T19:02:26.240,53.3
2026-07-13T19:02:26.643,51.8
2026-07-13T19:02:27.046,50.2
2026-07-13T19:02:27.449,47.6
2026-07-13T19:02:27.852,56.1
2026-07-13T19:02:28.255,54.3
2026-07-13T19:02:28.658,52.5
2026-07-13T19:02:29.061,50.6
2026-07-13T19:02:29.464,43.5
2026-07-13T19:02:29.867,43.3
2026-07-13T19:02:30.270,42.9
2026-07-13T19:02:30.673,42.7
2026-07-13T19:02:31.076,43.0
2026-07-13T19:02:31.479,42.8
2026-07-13T19:02:31.882,43.1
2026-07-13T19:02:32.285,43.0
2026-07-13T19:02:32.688,43.0
2026-07-13T19:02:33.091,43.0
2026-07-13T19:02:33.494,42.7
2026-07-13T19:02:33.897,42.9
2026-07-13T19:02:34.300,43.0
2026-07-13T19:02:34.703,42.8
2026-07-13T19:02:35.106,42.7
2026-07-13T19:02:35.509,42.3
2026-07-13T19:02:35.912,42.5
2026-07-13T19:02:36.315,42.2
2026-07-13T19:02:36.718,42.1
2026-07-13T19:02:37.121,42.1
2026-07-13T19:02:37.524,42.5
2026-07-13T19:02:37.927,42.5
2026-07-13T19:02:38.330,42.6
2026-07-13T19:02:38.733,47.6
2026-07-13T19:02:39.136,61.0
2026-07-13T19:02:39.539,59.2
2026-07-13T19:02:39.942,57.9
2026-07-13T19:02:40.345,57.0
2026-07-13T19:02:40.748,42.8
2026-07-13T19:02:41.151,42.1
2026-07-13T19:02:41.554,42.0
2026-07-13T19:02:41.957,42.2
2026-07-13T19:02:42.360,42.2
2026-07-13T19:02:42.763,42.3
2026-07-13T19:02:43.166,51.3
2026-07-13T19:02:43.569,54.3
2026-07-13T19:02:43.972,56.6
2026-07-13T19:02:44.375,55.4
2026-07-13T19:02:44.777,52.8
2026-07-13T19:02:45.180,50.9
2026-07-13T19:02:45.583,44.0
2026-07-13T19:02:45.986,43.7
2026-07-13T19:02:46.389,60.3
2026-07-13T19:02:46.792,60.1
2026-07-13T19:02:47.195,58.3
2026-07-13T19:02:47.598,56.4
2026-07-13T19:02:48.001,43.1
2026-07-13T19:02:48.404,46.9
2026-07-13T19:02:48.807,45.6
2026-07-13T19:02:49.210,44.6
2026-07-13T19:02:49.613,44.0
2026-07-13T19:02:50.016,58.5
2026-07-13T19:02:50.419,57.5
2026-07-13T19:02:50.822,56.0
2026-07-13T19:02:51.225,55.0
2026-07-13T19:02:51.628,44.1
2026-07-13T19:02:52.031,46.3
2026-07-13T19:02:52.434,55.4
2026-07-13T19:02:52.837,52.8
2026-07-13T19:02:53.240,52.6
2026-07-13T19:02:53.643,53.3
2026-07-13T19:02:54.046,52.9
2026-07-13T19:02:54.449,52.1
2026-07-13T19:02:54.852,50.2
2026-07-13T19:02:55.255,45.8
2026-07-13T19:02:55.658,61.7
2026-07-13T19:02:56.061,60.0
2026-07-13T19:02:56.464,58.9
2026-07-13T19:02:56.867,56.9
2026-07-13T19:02:57.270,51.9
2026-07-13T19:02:57.673,52.1
2026-07-13T19:02:58.076,52.0
2026-07-13T19:02:58.479,52.7
2026-07-13T19:02:58.882,51.3
2026-07-13T19:02:59.285,53.5
2026-07-13T19:02:59.688,57.9
2026-07-13T19:03:00.091,57.3
2026-07-13T19:03:00.494,55.9
2026-07-13T19:03:00.897,54.3
2026-07-13T19:03:01.301,51.9
2026-07-13T19:03:01.703,50.4
2026-07-13T19:03:02.106,44.5
2026-07-13T19:03:02.509,42.2
2026-07-13T19:03:02.912,42.3
2026-07-13T19:03:03.315,49.4
2026-07-13T19:03:03.718,48.6
2026-07-13T19:03:04.121,47.2
2026-07-13T19:03:04.524,46.4
2026-07-13T19:03:04.927,51.0
2026-07-13T19:03:05.330,52.0
2026-07-13T19:03:05.733,51.5
2026-07-13T19:03:06.136,50.3
2026-07-13T19:03:06.539,48.9
2026-07-13T19:03:06.942,43.3
2026-07-13T19:03:07.345,53.1
2026-07-13T19:03:07.748,60.5
2026-07-13T19:03:08.151,57.0
2026-07-13T19:03:08.554,62.5
2026-07-13T19:03:08.957,61.6
2026-07-13T19:03:09.360,60.2
2026-07-13T19:03:09.763,58.9
2026-07-13T19:03:10.166,52.1
2026-07-13T19:03:10.569,51.3
2026-07-13T19:03:10.972,43.4
2026-07-13T19:03:11.375,43.8
2026-07-13T19:03:11.778,50.3
2026-07-13T19:03:12.181,52.0
2026-07-13T19:03:12.584,53.0
2026-07-13T19:03:12.987,52.9
2026-07-13T19:03:13.390,52.4
2026-07-13T19:03:13.793,50.9
2026-07-13T19:03:14.196,45.0
2026-07-13T19:03:14.599,43.2
2026-07-13T19:03:15.002,42.8
2026-07-13T19:03:15.405,60.3
2026-07-13T19:03:15.808,59.6
2026-07-13T19:03:16.211,57.8
2026-07-13T19:03:16.614,56.0
2026-07-13T19:03:17.017,50.5
2026-07-13T19:03:17.420,42.3
2026-07-13T19:03:17.823,59.4
2026-07-13T19:03:18.226,62.1
2026-07-13T19:03:18.629,59.9
2026-07-13T19:03:19.032,59.1
2026-07-13T19:03:19.435,57.4
2026-07-13T19:03:19.838,52.7
2026-07-13T19:03:20.241,48.5
2026-07-13T19:03:20.644,43.6
2026-07-13T19:03:21.047,42.2
2026-07-13T19:03:21.450,43.0
2026-07-13T19:03:21.853,54.9
2026-07-13T19:03:22.256,54.0
2026-07-13T19:03:22.659,51.6
2026-07-13T19:03:23.062,52.7
2026-07-13T19:03:23.465,50.6
2026-07-13T19:03:23.868,50.3
2026-07-13T19:03:24.271,58.9
2026-07-13T19:03:24.674,56.9
2026-07-13T19:03:25.077,55.2
2026-07-13T19:03:25.480,54.1
2026-07-13T19:03:25.883,50.8
2026-07-13T19:03:26.285,49.8
2026-07-13T19:03:26.688,60.7
2026-07-13T19:03:27.091,59.6
2026-07-13T19:03:27.494,56.4
2026-07-13T19:03:27.897,53.2
2026-07-13T19:03:28.300,42.8
2026-07-13T19:03:28.703,52.6
2026-07-13T19:03:29.106,52.3
2026-07-13T19:03:29.509,50.5
2026-07-13T19:03:29.912,49.0
2026-07-13T19:03:30.315,49.7
2026-07-13T19:03:30.718,47.9
2026-07-13T19:03:31.121,47.0
2026-07-13T19:03:31.524,47.1
2026-07-13T19:03:31.927,58.8
2026-07-13T19:03:32.330,57.9
2026-07-13T19:03:32.733,56.4
2026-07-13T19:03:33.136,55.1
2026-07-13T19:03:33.539,42.4
2026-07-13T19:03:33.942,43.7
2026-07-13T19:03:34.345,43.9
2026-07-13T19:03:34.748,50.6
2026-07-13T19:03:35.151,59.3
2026-07-13T19:03:35.554,58.2
2026-07-13T19:03:35.957,54.9
2026-07-13T19:03:36.360,52.8
2026-07-13T19:03:36.763,61.6
2026-07-13T19:03:37.165,59.9
2026-07-13T19:03:37.568,58.7
2026-07-13T19:03:37.971,57.4
2026-07-13T19:03:38.374,49.3
2026-07-13T19:03:38.777,53.7
2026-07-13T19:03:39.180,56.2
2026-07-13T19:03:39.583,60.4
2026-07-13T19:03:39.986,58.9
2026-07-13T19:03:40.389,57.5
2026-07-13T19:03:40.792,54.4
2026-07-13T19:03:41.195,48.2
2026-07-13T19:03:41.598,61.8
2026-07-13T19:03:42.001,61.1
2026-07-13T19:03:42.404,59.7
2026-07-13T19:03:42.807,58.1
2026-07-13T19:03:43.210,52.8
2026-07-13T19:03:43.613,51.5
2026-07-13T19:03:44.016,43.5
2026-07-13T19:03:44.419,43.0
2026-07-13T19:03:44.822,44.9
2026-07-13T19:03:45.225,48.8
2026-07-13T19:03:45.628,48.0
2026-07-13T19:03:46.031,53.0
2026-07-13T19:03:46.434,51.3
2026-07-13T19:03:46.837,51.2
2026-07-13T19:03:47.240,50.7
2026-07-13T19:03:47.643,50.4
2026-07-13T19:03:48.046,47.0
2026-07-13T19:03:48.449,46.1
2026-07-13T19:03:48.852,43.7
2026-07-13T19:03:49.255,48.8
2026-07-13T19:03:49.658,50.3
2026-07-13T19:03:50.061,49.1
2026-07-13T19:03:50.464,48.6
2026-07-13T19:03:50.867,47.0
2026-07-13T19:03:51.270,42.4
2026-07-13T19:03:51.673,55.2
2026-07-13T19:03:52.076,54.9
2026-07-13T19:03:52.479,52.5
2026-07-13T19:03:52.882,51.4
2026-07-13T19:03:53.285,42.7
2026-07-13T19:03:53.688,48.4
2026-07-13T19:03:54.091,55.6
2026-07-13T19:03:54.494,53.8
2026-07-13T19:03:54.896,51.3
2026-07-13T19:03:55.300,49.9
2026-07-13T19:03:55.702,43.7
2026-07-13T19:03:56.105,50.1
2026-07-13T19:03:56.508,48.7
2026-07-13T19:03:56.911,50.3
2026-07-13T19:03:57.314,48.6
2026-07-13T19:03:57.717,47.4
2026-07-13T19:03:58.120,50.8
2026-07-13T19:03:58.523,52.8
2026-07-13T19:03:58.926,60.0
2026-07-13T19:03:59.329,58.4
2026-07-13T19:03:59.732,57.2
2026-07-13T19:04:00.135,64.1
2026-07-13T19:04:00.538,71.5
2026-07-13T19:04:00.941,68.1
2026-07-13T19:04:01.344,66.5
2026-07-13T19:04:01.747,65.2
2026-07-13T19:04:02.150,45.5
2026-07-13T19:04:02.553,43.0
2026-07-13T19:04:02.956,49.4
2026-07-13T19:04:03.359,52.9
2026-07-13T19:04:03.762,50.9
2026-07-13T19:04:04.165,51.0
2026-07-13T19:04:04.568,50.6
2026-07-13T19:04:04.971,51.0
2026-07-13T19:04:05.374,51.7
2026-07-13T19:04:05.777,49.6
2026-07-13T19:04:06.180,48.6
2026-07-13T19:04:06.583,48.3
2026-07-13T19:04:06.986,44.8
2026-07-13T19:04:07.389,45.0
2026-07-13T19:04:07.792,52.4
2026-07-13T19:04:08.195,55.3
2026-07-13T19:04:08.598,54.5
2026-07-13T19:04:09.001,54.2
2026-07-13T19:04:09.404,52.7
2026-07-13T19:04:09.807,48.0
2026-07-13T19:04:10.210,55.3
2026-07-13T19:04:10.613,53.7
2026-07-13T19:04:11.016,51.5
2026-07-13T19:04:11.419,49.9
2026-07-13T19:04:11.822,46.0
2026-07-13T19:04:12.225,44.1
2026-07-13T19:04:12.628,42.7
2026-07-13T19:04:13.031,51.8
2026-07-13T19:04:13.434,50.6
2026-07-13T19:04:13.837,62.9
2026-07-13T19:04:14.240,63.9
2026-07-13T19:04:14.643,61.4
2026-07-13T19:04:15.046,59.9
2026-07-13T19:04:15.449,58.4
2026-07-13T19:04:15.852,49.1
2026-07-13T19:04:16.255,45.8
2026-07-13T19:04:16.658,62.6
2026-07-13T19:04:17.061,66.8
2026-07-13T19:04:17.464,65.2
2026-07-13T19:04:17.867,64.3
2026-07-13T19:04:18.270,61.7
2026-07-13T19:04:18.673,46.8
2026-07-13T19:04:19.075,47.2
2026-07-13T19:04:19.478,46.1
2026-07-13T19:04:19.881,46.6
2026-07-13T19:04:20.285,46.3
2026-07-13T19:04:20.687,47.8
2026-07-13T19:04:21.090,47.4
2026-07-13T19:04:21.493,50.2
2026-07-13T19:04:21.896,60.5
2026-07-13T19:04:22.300,60.2
2026-07-13T19:04:22.702,59.4
2026-07-13T19:04:23.105,56.3
2026-07-13T19:04:23.508,49.9
2026-07-13T19:04:23.911,46.5
2026-07-13T19:04:24.314,53.5
2026-07-13T19:04:24.717,52.5
2026-07-13T19:04:25.120,54.1
2026-07-13T19:04:25.523,52.6
2026-07-13T19:04:25.926,51.5
2026-07-13T19:04:26.329,50.4
2026-07-13T19:04:26.732,54.3
2026-07-13T19:04:27.135,58.0
2026-07-13T19:04:27.538,57.7
2026-07-13T19:04:27.941,56.0
2026-07-13T19:04:28.344,53.9
2026-07-13T19:04:28.747,43.9
2026-07-13T19:04:29.150,52.3
2026-07-13T19:04:29.553,53.6
2026-07-13T19:04:29.956,52.6
2026-07-13T19:04:30.359,51.7
2026-07-13T19:04:30.762,49.6
2026-07-13T19:04:31.165,43.9
2026-07-13T19:04:31.568,50.9
2026-07-13T19:04:31.971,49.6
2026-07-13T19:04:32.374,48.0
2026-07-13T19:04:32.777,47.1
2026-07-13T19:04:33.180,56.0
2026-07-13T19:04:33.583,54.8
2026-07-13T19:04:33.985,52.3
2026-07-13T19:04:34.388,52.3
2026-07-13T19:04:34.791,51.9
2026-07-13T19:04:35.194,51.7
2026-07-13T19:04:35.597,51.4
2026-07-13T19:04:36.000,53.6
2026-07-13T19:04:36.403,55.2
2026-07-13T19:04:36.806,54.8
2026-07-13T19:04:37.209,52.5
2026-07-13T19:04:37.612,52.4
2026-07-13T19:04:38.015,44.7
2026-07-13T19:04:38.418,45.0
2026-07-13T19:04:38.821,44.6
2026-07-13T19:04:39.224,48.4
2026-07-13T19:04:39.627,47.4
2026-07-13T19:04:40.030,46.7
2026-07-13T19:04:40.433,46.2
2026-07-13T19:04:40.836,60.1
2026-07-13T19:04:41.239,59.6
2026-07-13T19:04:41.642,58.6
2026-07-13T19:04:42.045,55.8
2026-07-13T19:04:42.447,45.1
2026-07-13T19:04:42.850,44.9
2026-07-13T19:04:43.253,50.7
2026-07-13T19:04:43.656,50.2
2026-07-13T19:04:44.059,48.7
2026-07-13T19:04:44.462,48.0
2026-07-13T19:04:44.865,42.3
2026-07-13T19:04:45.268,43.9
2026-07-13T19:04:45.671,43.7
2026-07-13T19:04:46.074,43.3
2026-07-13T19:04:46.477,50.4
2026-07-13T19:04:46.880,51.9
2026-07-13T19:04:47.285,50.0
2026-07-13T19:04:47.686,49.4
2026-07-13T19:04:48.089,48.1
2026-07-13T19:04:48.492,54.5
2026-07-13T19:04:48.895,62.3
2026-07-13T19:04:49.298,61.8
2026-07-13T19:04:49.701,60.5
2026-07-13T19:04:50.104,58.4
2026-07-13T19:04:50.507,50.8
2026-07-13T19:04:50.910,51.6
2026-07-13T19:04:51.313,50.2
2026-07-13T19:04:51.716,50.5
2026-07-13T19:04:52.119,52.4
2026-07-13T19:04:52.522,52.5
2026-07-13T19:04:52.925,52.1
2026-07-13T19:04:53.328,56.6
2026-07-13T19:04:53.731,55.5
2026-07-13T19:04:54.134,55.1
2026-07-13T19:04:54.537,54.0
2026-07-13T19:04:54.940,51.1
2026-07-13T19:04:55.343,52.4
2026-07-13T19:04:55.745,58.0
2026-07-13T19:04:56.148,56.7
2026-07-13T19:04:56.551,55.6
2026-07-13T19:04:56.954,54.7
2026-07-13T19:04:57.357,53.0
2026-07-13T19:04:57.760,73.4
2026-07-13T19:04:58.163,72.0
2026-07-13T19:04:58.566,69.5
2026-07-13T19:04:58.969,68.0
2026-07-13T19:04:59.372,61.2
2026-07-13T19:04:59.775,56.3
2026-07-13T19:05:00.178,42.5
2026-07-13T19:05:00.581,42.0
2026-07-13T19:05:00.984,42.5
2026-07-13T19:05:01.387,56.5
2026-07-13T19:05:01.790,55.6
2026-07-13T19:05:02.193,52.7
2026-07-13T19:05:02.596,50.3
2026-07-13T19:05:02.999,42.7
2026-07-13T19:05:03.402,58.5
2026-07-13T19:05:03.805,62.2
2026-07-13T19:05:04.208,61.1
2026-07-13T19:05:04.611,59.0
2026-07-13T19:05:05.014,57.3
2026-07-13T19:05:05.416,46.0
2026-07-13T19:05:05.819,42.6
2026-07-13T19:05:06.222,42.4
2026-07-13T19:05:06.625,42.5
2026-07-13T19:05:07.028,43.3
2026-07-13T19:05:07.431,58.3
2026-07-13T19:05:07.834,57.2
2026-07-13T19:05:08.237,54.9
2026-07-13T19:05:08.640,56.0
2026-07-13T19:05:09.043,55.0
2026-07-13T19:05:09.446,54.9
2026-07-13T19:05:09.849,54.1
2026-07-13T19:05:10.252,44.1
2026-07-13T19:05:10.655,50.5
2026-07-13T19:05:11.058,51.6
2026-07-13T19:05:11.461,53.4
2026-07-13T19:05:11.864,52.9
2026-07-13T19:05:12.267,52.6
2026-07-13T19:05:12.670,53.6
2026-07-13T19:05:13.073,53.6
2026-07-13T19:05:13.476,52.9
2026-07-13T19:05:13.879,53.2
2026-07-13T19:05:14.281,75.7
2026-07-13T19:05:14.684,72.6
2026-07-13T19:05:15.087,67.4
2026-07-13T19:05:15.490,63.7
2026-07-13T19:05:15.893,54.9
2026-07-13T19:05:16.296,47.3
2026-07-13T19:05:16.699,57.8
2026-07-13T19:05:17.102,55.7
2026-07-13T19:05:17.505,54.3
2026-07-13T19:05:17.908,53.8
2026-07-13T19:05:18.311,55.3
2026-07-13T19:05:18.714,54.5
2026-07-13T19:05:19.117,53.3
2026-07-13T19:05:19.520,53.0
2026-07-13T19:05:19.923,49.6
2026-07-13T19:05:20.326,51.1
2026-07-13T19:05:20.729,60.1
2026-07-13T19:05:21.132,58.9
2026-07-13T19:05:21.535,57.4
2026-07-13T19:05:21.938,56.4
2026-07-13T19:05:22.341,51.8
2026-07-13T19:05:22.744,51.5
2026-07-13T19:05:23.147,60.1
2026-07-13T19:05:23.550,59.9
2026-07-13T19:05:23.953,59.0
2026-07-13T19:05:24.356,57.3
2026-07-13T19:05:24.759,52.4
2026-07-13T19:05:25.161,50.5
2026-07-13T19:05:25.564,50.6
2026-07-13T19:05:25.967,50.5
2026-07-13T19:05:26.370,55.3
2026-07-13T19:05:26.773,54.0
2026-07-13T19:05:27.176,52.3
2026-07-13T19:05:27.579,50.6
2026-07-13T19:05:27.982,52.3
2026-07-13T19:05:28.385,51.9
2026-07-13T19:05:28.788,51.7
2026-07-13T19:05:29.191,51.7
2026-07-13T19:05:29.594,50.6
2026-07-13T19:05:29.997,49.5
2026-07-13T19:05:30.400,48.8
2026-07-13T19:05:30.803,53.7
2026-07-13T19:05:31.206,53.5
2026-07-13T19:05:31.609,52.6
2026-07-13T19:05:32.012,53.8
2026-07-13T19:05:32.415,52.0
2026-07-13T19:05:32.818,50.3
2026-07-13T19:05:33.221,54.0
2026-07-13T19:05:33.623,53.8
2026-07-13T19:05:34.026,53.0
2026-07-13T19:05:34.429,52.3
2026-07-13T19:05:34.832,50.9
2026-07-13T19:05:35.235,47.8
2026-07-13T19:05:35.638,46.0
2026-07-13T19:05:36.041,43.6
2026-07-13T19:05:36.444,43.0
2026-07-13T19:05:36.847,56.3
2026-07-13T19:05:37.250,54.4
2026-07-13T19:05:37.653,54.0
2026-07-13T19:05:38.056,53.3
2026-07-13T19:05:38.459,48.3
2026-07-13T19:05:38.862,50.2
2026-07-13T19:05:39.265,50.0
2026-07-13T19:05:39.668,53.1
2026-07-13T19:05:40.071,61.4
2026-07-13T19:05:40.474,59.1
2026-07-13T19:05:40.877,56.4
2026-07-13T19:05:41.280,53.5
2026-07-13T19:05:41.683,55.7
2026-07-13T19:05:42.086,53.3
2026-07-13T19:05:42.488,60.4
2026-07-13T19:05:42.891,58.8
2026-07-13T19:05:43.294,57.6
2026-07-13T19:05:43.697,56.0
2026-07-13T19:05:44.100,42.8
2026-07-13T19:05:44.503,42.7
2026-07-13T19:05:44.906,43.5
2026-07-13T19:05:45.309,54.3
2026-07-13T19:05:45.712,59.6
2026-07-13T19:05:46.115,57.8
2026-07-13T19:05:46.518,56.4
2026-07-13T19:05:46.921,53.2
2026-07-13T19:05:47.324,52.8
2026-07-13T19:05:47.727,50.0
2026-07-13T19:05:48.130,41.9
2026-07-13T19:05:48.533,43.0
2026-07-13T19:05:48.936,53.7
2026-07-13T19:05:49.339,52.4
2026-07-13T19:05:49.742,51.6
2026-07-13T19:05:50.145,51.4
2026-07-13T19:05:50.548,42.8
2026-07-13T19:05:50.950,44.6
2026-07-13T19:05:51.354,54.3
2026-07-13T19:05:51.756,54.0
2026-07-13T19:05:52.159,52.2
2026-07-13T19:05:52.562,51.8
2026-07-13T19:05:52.965,52.4
2026-07-13T19:05:53.368,51.7
2026-07-13T19:05:53.771,53.9
2026-07-13T19:05:54.174,52.1
2026-07-13T19:05:54.577,50.0
2026-07-13T19:05:54.980,50.1
2026-07-13T19:05:55.383,52.4
2026-07-13T19:05:55.786,51.8
2026-07-13T19:05:56.189,49.9
2026-07-13T19:05:56.592,48.4
2026-07-13T19:05:56.995,54.4
2026-07-13T19:05:57.398,53.6
2026-07-13T19:05:57.801,51.2
2026-07-13T19:05:58.204,50.2
2026-07-13T19:05:58.607,61.9
2026-07-13T19:05:59.010,61.0
2026-07-13T19:05:59.412,58.7
2026-07-13T19:05:59.815,56.9
2026-07-13T19:06:00.218,42.4
2026-07-13T19:06:00.621,51.8
2026-07-13T19:06:01.024,51.2
2026-07-13T19:06:01.427,56.8
2026-07-13T19:06:01.830,54.6
2026-07-13T19:06:02.233,52.0
2026-07-13T19:06:02.636,53.7
2026-07-13T19:06:03.039,58.5
2026-07-13T19:06:03.442,56.1
2026-07-13T19:06:03.845,53.4
2026-07-13T19:06:04.248,54.4
2026-07-13T19:06:04.651,52.8
2026-07-13T19:06:05.054,51.2
2026-07-13T19:06:05.457,50.1
2026-07-13T19:06:05.860,52.0
2026-07-13T19:06:06.263,54.0
2026-07-13T19:06:06.666,52.0
2026-07-13T19:06:07.068,51.3
2026-07-13T19:06:07.471,51.0
2026-07-13T19:06:07.874,49.8
2026-07-13T19:06:08.277,45.2
2026-07-13T19:06:08.680,43.4
2026-07-13T19:06:09.083,43.5
2026-07-13T19:06:09.486,44.3
2026-07-13T19:06:09.889,44.0
2026-07-13T19:06:10.292,43.5
2026-07-13T19:06:10.695,43.2
2026-07-13T19:06:11.098,44.4
2026-07-13T19:06:11.501,47.0
2026-07-13T19:06:11.904,46.8
2026-07-13T19:06:12.307,47.4
2026-07-13T19:06:12.710,47.0
2026-07-13T19:06:13.113,46.1
2026-07-13T19:06:13.516,45.3
2026-07-13T19:06:13.919,41.9
2026-07-13T19:06:14.322,42.0
2026-07-13T19:06:14.725,42.2
2026-07-13T19:06:15.128,52.2
2026-07-13T19:06:15.531,60.3
2026-07-13T19:06:15.934,59.3
2026-07-13T19:06:16.337,61.2
2026-07-13T19:06:16.740,59.9
2026-07-13T19:06:17.143,59.5
2026-07-13T19:06:17.546,58.1
2026-07-13T19:06:17.949,50.0
2026-07-13T19:06:18.352,43.9
2026-07-13T19:06:18.755,43.0
2026-07-13T19:06:19.158,42.7
2026-07-13T19:06:19.561,48.5
2026-07-13T19:06:19.964,49.8
2026-07-13T19:06:20.367,50.7
2026-07-13T19:06:20.770,49.1
2026-07-13T19:06:21.173,47.8
2026-07-13T19:06:21.576,53.3
2026-07-13T19:06:21.979,53.9
2026-07-13T19:06:22.381,51.6
2026-07-13T19:06:22.784,49.8
2026-07-13T19:06:23.187,49.7
2026-07-13T19:06:23.590,56.9
2026-07-13T19:06:23.993,61.0
2026-07-13T19:06:24.396,62.6
2026-07-13T19:06:24.799,61.4
2026-07-13T19:06:25.202,59.5
2026-07-13T19:06:25.605,64.5
2026-07-13T19:06:26.008,62.7
2026-07-13T19:06:26.411,61.0
2026-07-13T19:06:26.814,58.9
2026-07-13T19:06:27.217,52.5
2026-07-13T19:06:27.620,52.3
2026-07-13T19:06:28.023,51.2
2026-07-13T19:06:28.426,59.0
2026-07-13T19:06:28.829,57.5
2026-07-13T19:06:29.232,54.7
2026-07-13T19:06:29.635,56.5
2026-07-13T19:06:30.038,56.0
2026-07-13T19:06:30.441,57.7
2026-07-13T19:06:30.844,56.9
2026-07-13T19:06:31.247,55.9
2026-07-13T19:06:31.650,74.5
2026-07-13T19:06:32.053,72.6
2026-07-13T19:06:32.456,69.7
2026-07-13T19:06:32.859,65.7
2026-07-13T19:06:33.262,60.1
2026-07-13T19:06:33.665,56.5
2026-07-13T19:06:34.068,46.2
2026-07-13T19:06:34.471,50.5
2026-07-13T19:06:34.874,50.4
2026-07-13T19:06:35.277,50.1
2026-07-13T19:06:35.680,53.5
2026-07-13T19:06:36.083,52.4
2026-07-13T19:06:36.486,51.4
2026-07-13T19:06:36.889,51.1
2026-07-13T19:06:37.292,54.4
2026-07-13T19:06:37.694,54.0
2026-07-13T19:06:38.097,55.0
2026-07-13T19:06:38.500,58.1
2026-07-13T19:06:38.903,57.4
2026-07-13T19:06:39.306,58.4
2026-07-13T19:06:39.709,59.4
2026-07-13T19:06:40.112,60.3
2026-07-13T19:06:40.515,59.7
2026-07-13T19:06:40.918,60.3
2026-07-13T19:06:41.321,60.0
2026-07-13T19:06:41.724,60.5
2026-07-13T19:06:42.127,59.7
2026-07-13T19:06:42.530,58.2
2026-07-13T19:06:42.933,56.9
2026-07-13T19:06:43.336,53.3
2026-07-13T19:06:43.739,54.3
2026-07-13T19:06:44.142,54.6
2026-07-13T19:06:44.545,53.9
2026-07-13T19:06:44.947,53.9
2026-07-13T19:06:45.350,53.2
2026-07-13T19:06:45.753,53.1
2026-07-13T19:06:46.156,53.2
2026-07-13T19:06:46.559,54.2
2026-07-13T19:06:46.962,54.0
2026-07-13T19:06:47.365,53.7
2026-07-13T19:06:47.768,53.4
2026-07-13T19:06:48.171,55.0
2026-07-13T19:06:48.574,55.7
2026-07-13T19:06:48.977,55.3
2026-07-13T19:06:49.380,54.6
2026-07-13T19:06:49.783,53.1
2026-07-13T19:06:50.186,43.7
2026-07-13T19:06:50.589,50.0
2026-07-13T19:06:50.992,49.9
2026-07-13T19:06:51.395,48.8
2026-07-13T19:06:51.798,48.3
2026-07-13T19:06:52.201,45.5
2026-07-13T19:06:52.604,44.8
2026-07-13T19:06:53.007,50.3
2026-07-13T19:06:53.410,51.3
2026-07-13T19:06:53.812,50.5
2026-07-13T19:06:54.215,50.3
2026-07-13T19:06:54.618,53.3
2026-07-13T19:06:55.021,52.4
2026-07-13T19:06:55.424,51.6
2026-07-13T19:06:55.827,51.3
2026-07-13T19:06:56.230,50.6
2026-07-13T19:06:56.633,45.3
2026-07-13T19:06:57.036,44.9
2026-07-13T19:06:57.439,44.4
2026-07-13T19:06:57.842,49.7
2026-07-13T19:06:58.245,49.0
2026-07-13T19:06:58.648,48.2
2026-07-13T19:06:59.051,47.0
2026-07-13T19:06:59.454,42.7
2026-07-13T19:06:59.857,43.5
2026-07-13T19:07:00.260,44.9
2026-07-13T19:07:00.663,48.7
2026-07-13T19:07:01.066,48.0
2026-07-13T19:07:01.468,48.4
2026-07-13T19:07:01.871,47.7
2026-07-13T19:07:02.274,48.5
2026-07-13T19:07:02.677,48.2
2026-07-13T19:07:03.080,47.7
2026-07-13T19:07:03.483,54.5
2026-07-13T19:07:03.886,52.3
2026-07-13T19:07:04.289,50.2
2026-07-13T19:07:04.692,48.9
2026-07-13T19:07:05.095,43.2
2026-07-13T19:07:05.498,44.7
2026-07-13T19:07:05.901,44.3
2026-07-13T19:07:06.304,43.6
2026-07-13T19:07:06.707,43.3
2026-07-13T19:07:07.110,41.9
2026-07-13T19:07:07.513,42.0
2026-07-13T19:07:07.916,42.1
2026-07-13T19:07:08.319,42.3
2026-07-13T19:07:08.722,42.7
2026-07-13T19:07:09.125,42.3
2026-07-13T19:07:09.528,42.2
2026-07-13T19:07:09.930,41.9
2026-07-13T19:07:10.333,41.9
2026-07-13T19:07:10.736,42.4
2026-07-13T19:07:11.139,42.1
2026-07-13T19:07:11.542,42.0
2026-07-13T19:07:11.945,42.3
2026-07-13T19:07:12.348,42.7
2026-07-13T19:07:12.751,43.5
2026-07-13T19:07:13.154,43.2
2026-07-13T19:07:13.557,43.0
2026-07-13T19:07:13.960,42.7
2026-07-13T19:07:14.363,42.0
2026-07-13T19:07:14.766,42.1
2026-07-13T19:07:15.169,42.0
2026-07-13T19:07:15.572,42.3
2026-07-13T19:07:15.975,42.1
2026-07-13T19:07:16.378,42.3
2026-07-13T19:07:16.781,42.1
2026-07-13T19:07:17.184,42.5
2026-07-13T19:07:17.587,42.8
2026-07-13T19:07:17.990,43.2
2026-07-13T19:07:18.393,51.5
2026-07-13T19:07:18.796,54.0
2026-07-13T19:07:19.199,53.6
2026-07-13T19:07:19.602,53.4
2026-07-13T19:07:20.005,53.7
2026-07-13T19:07:20.408,51.4
2026-07-13T19:07:20.811,50.5
2026-07-13T19:07:21.214,54.9
2026-07-13T19:07:21.617,54.2
2026-07-13T19:07:22.020,52.8
2026-07-13T19:07:22.423,51.3
2026-07-13T19:07:22.826,43.0
2026-07-13T19:07:23.229,43.2
2026-07-13T19:07:23.632,52.9
2026-07-13T19:07:24.034,55.4
2026-07-13T19:07:24.437,54.5
2026-07-13T19:07:24.840,53.2
2026-07-13T19:07:25.243,53.1
2026-07-13T19:07:25.646,50.3
2026-07-13T19:07:26.049,54.9
2026-07-13T19:07:26.452,54.0
2026-07-13T19:07:26.855,53.7
2026-07-13T19:07:27.258,53.2
2026-07-13T19:07:27.661,53.9
2026-07-13T19:07:28.064,53.2
2026-07-13T19:07:28.467,52.5
2026-07-13T19:07:28.870,51.3
2026-07-13T19:07:29.273,45.7
2026-07-13T19:07:29.676,44.0
2026-07-13T19:07:30.079,42.7
2026-07-13T19:07:30.482,43.1
2026-07-13T19:07:30.885,43.4
2026-07-13T19:07:31.288,63.2
2026-07-13T19:07:31.691,60.7
2026-07-13T19:07:32.094,57.3
2026-07-13T19:07:32.497,55.7
2026-07-13T19:07:32.900,46.8
2026-07-13T19:07:33.303,51.9
2026-07-13T19:07:33.706,51.4
2026-07-13T19:07:34.109,52.4
2026-07-13T19:07:34.512,52.8
2026-07-13T19:07:34.915,52.1
2026-07-13T19:07:35.318,51.8
2026-07-13T19:07:35.721,51.2
2026-07-13T19:07:36.124,50.7
2026-07-13T19:07:36.527,53.6
2026-07-13T19:07:36.930,53.2
2026-07-13T19:07:37.333,53.2
2026-07-13T19:07:37.736,52.7
2026-07-13T19:07:38.139,52.1
2026-07-13T19:07:38.542,51.5
2026-07-13T19:07:38.945,50.9
2026-07-13T19:07:39.348,50.1
2026-07-13T19:07:39.751,51.1
2026-07-13T19:07:40.154,50.1
2026-07-13T19:07:40.557,48.9
2026-07-13T19:07:40.960,47.8
2026-07-13T19:07:41.363,43.2
2026-07-13T19:07:41.766,46.7
2026-07-13T19:07:42.169,49.2
2026-07-13T19:07:42.572,48.6
2026-07-13T19:07:42.975,47.6
2026-07-13T19:07:43.378,46.7
2026-07-13T19:07:43.781,42.9
2026-07-13T19:07:44.184,42.7
2026-07-13T19:07:44.586,42.5
2026-07-13T19:07:44.989,42.2
2026-07-13T19:07:45.392,43.6
2026-07-13T19:07:45.795,49.1
2026-07-13T19:07:46.198,50.3
2026-07-13T19:07:46.601,51.1
2026-07-13T19:07:47.004,50.7
2026-07-13T19:07:47.407,49.1
2026-07-13T19:07:47.810,47.8
2026-07-13T19:07:48.213,42.9
2026-07-13T19:07:48.616,42.4
2026-07-13T19:07:49.019,42.5
2026-07-13T19:07:49.422,44.0
2026-07-13T19:07:49.825,43.4
2026-07-13T19:07:50.228,43.0
2026-07-13T19:07:50.631,42.6
2026-07-13T19:07:51.034,45.8
2026-07-13T19:07:51.437,45.2
2026-07-13T19:07:51.840,44.3
2026-07-13T19:07:52.243,43.7
2026-07-13T19:07:52.646,42.3
2026-07-13T19:07:53.049,41.9
2026-07-13T19:07:53.452,42.1
2026-07-13T19:07:53.855,42.2
2026-07-13T19:07:54.258,42.3
2026-07-13T19:07:54.660,41.9
2026-07-13T19:07:55.063,42.1
2026-07-13T19:07:55.466,43.0
2026-07-13T19:07:55.869,42.6
2026-07-13T19:07:56.272,42.5
2026-07-13T19:07:56.675,42.3
2026-07-13T19:07:57.078,42.0
2026-07-13T19:07:57.481,42.3
2026-07-13T19:07:57.884,42.2
2026-07-13T19:07:58.288,41.9
2026-07-13T19:07:58.690,42.3
2026-07-13T19:07:59.093,42.1
2026-07-13T19:07:59.496,41.8
2026-07-13T19:07:59.899,42.1
2026-07-13T19:08:00.302,42.0
2026-07-13T19:08:00.705,42.1
2026-07-13T19:08:01.108,42.1
2026-07-13T19:08:01.511,42.1
2026-07-13T19:08:01.914,42.0
2026-07-13T19:08:02.317,42.4
2026-07-13T19:08:02.720,42.6
2026-07-13T19:08:03.123,42.5
2026-07-13T19:08:03.526,42.9
2026-07-13T19:08:03.929,42.7
2026-07-13T19:08:04.332,42.6
2026-07-13T19:08:04.735,42.2
2026-07-13T19:08:05.138,42.2
2026-07-13T19:08:05.541,42.1
2026-07-13T19:08:05.944,42.3
2026-07-13T19:08:06.347,42.2
2026-07-13T19:08:06.750,43.7
2026-07-13T19:08:07.153,43.3
2026-07-13T19:08:07.556,42.8
2026-07-13T19:08:07.959,42.4
2026-07-13T19:08:08.362,42.9
2026-07-13T19:08:08.765,43.8
2026-07-13T19:08:09.168,45.6
2026-07-13T19:08:09.571,47.6
2026-07-13T19:08:09.974,46.4
2026-07-13T19:08:10.377,45.4
2026-07-13T19:08:10.780,44.5
2026-07-13T19:08:11.183,42.4
2026-07-13T19:08:11.586,42.5
2026-07-13T19:08:11.989,42.5
2026-07-13T19:08:12.392,42.3
2026-07-13T19:08:12.795,42.2
2026-07-13T19:08:13.198,42.3
2026-07-13T19:08:13.601,42.4
2026-07-13T19:08:14.004,42.5
2026-07-13T19:08:14.407,42.4
2026-07-13T19:08:14.810,42.3
2026-07-13T19:08:15.213,42.4
2026-07-13T19:08:15.616,42.4
2026-07-13T19:08:16.019,43.7
2026-07-13T19:08:16.422,43.5
2026-07-13T19:08:16.825,44.8
2026-07-13T19:08:17.228,47.7
2026-07-13T19:08:17.631,47.5
2026-07-13T19:08:18.034,46.7
2026-07-13T19:08:18.437,46.5
2026-07-13T19:08:18.840,48.3
2026-07-13T19:08:19.243,47.2
2026-07-13T19:08:19.646,46.9
2026-07-13T19:08:20.049,46.4
2026-07-13T19:08:20.452,44.5
2026-07-13T19:08:20.855,43.8
2026-07-13T19:08:21.258,46.1
2026-07-13T19:08:21.661,50.6
2026-07-13T19:08:22.064,49.3
2026-07-13T19:08:22.467,48.2
2026-07-13T19:08:22.870,46.9
2026-07-13T19:08:23.273,46.3
2026-07-13T19:08:23.676,47.2
2026-07-13T19:08:24.079,46.6
2026-07-13T19:08:24.482,45.9
2026-07-13T19:08:24.885,45.4
2026-07-13T19:08:25.288,47.9
2026-07-13T19:08:25.691,47.0
2026-07-13T19:08:26.094,46.1
2026-07-13T19:08:26.497,46.3
2026-07-13T19:08:26.900,45.8
2026-07-13T19:08:27.303,45.3
2026-07-13T19:08:27.706,48.5
2026-07-13T19:08:28.109,47.3
2026-07-13T19:08:28.512,46.5
2026-07-13T19:08:28.915,45.9
2026-07-13T19:08:29.318,51.0
2026-07-13T19:08:29.721,60.5
2026-07-13T19:08:30.124,58.1
2026-07-13T19:08:30.527,55.3
2026-07-13T19:08:30.929,52.8
2026-07-13T19:08:31.333,45.8
2026-07-13T19:08:31.736,50.0
2026-07-13T19:08:32.139,49.5
2026-07-13T19:08:32.542,48.7
2026-07-13T19:08:32.944,48.1
2026-07-13T19:08:33.347,48.1
2026-07-13T19:08:33.750,50.5
2026-07-13T19:08:34.153,53.5
2026-07-13T19:08:34.556,53.9
2026-07-13T19:08:34.959,54.6
2026-07-13T19:08:35.362,54.2
2026-07-13T19:08:35.765,54.4
2026-07-13T19:08:36.168,53.7
2026-07-13T19:08:36.571,53.1
2026-07-13T19:08:36.974,53.0
2026-07-13T19:08:37.377,53.7
2026-07-13T19:08:37.780,53.3
2026-07-13T19:08:38.183,51.3
2026-07-13T19:08:38.586,49.6
2026-07-13T19:08:38.989,44.7
2026-07-13T19:08:39.392,51.3
2026-07-13T19:08:39.795,50.0
2026-07-13T19:08:40.198,48.3
2026-07-13T19:08:40.601,47.1
2026-07-13T19:08:41.004,42.8
2026-07-13T19:08:41.407,51.1
2026-07-13T19:08:41.810,51.1
2026-07-13T19:08:42.213,55.0
2026-07-13T19:08:42.616,53.4
2026-07-13T19:08:43.019,51.3
2026-07-13T19:08:43.422,49.6
2026-07-13T19:08:43.825,43.4
2026-07-13T19:08:44.228,44.3
2026-07-13T19:08:44.631,43.8
2026-07-13T19:08:45.034,47.5
2026-07-13T19:08:45.437,48.1
2026-07-13T19:08:45.840,49.4
2026-07-13T19:08:46.243,48.4
2026-07-13T19:08:46.646,47.3
2026-07-13T19:08:47.049,73.4
2026-07-13T19:08:47.452,68.6
2026-07-13T19:08:47.855,64.5
2026-07-13T19:08:48.258,61.3
2026-07-13T19:08:48.661,43.4
2026-07-13T19:08:49.064,49.0
2026-07-13T19:08:49.467,60.9
2026-07-13T19:08:49.870,61.7
2026-07-13T19:08:50.273,58.5
2026-07-13T19:08:50.676,55.5
2026-07-13T19:08:51.079,52.7
2026-07-13T19:08:51.482,46.5
2026-07-13T19:08:51.885,44.3
2026-07-13T19:08:52.288,47.0
2026-07-13T19:08:52.691,50.0
2026-07-13T19:08:53.094,48.8
2026-07-13T19:08:53.497,55.0
2026-07-13T19:08:53.900,59.9
2026-07-13T19:08:54.303,58.0
2026-07-13T19:08:54.706,55.4
2026-07-13T19:08:55.109,52.8
2026-07-13T19:08:55.512,43.3
2026-07-13T19:08:55.915,45.5
2026-07-13T19:08:56.318,49.1
2026-07-13T19:08:56.721,52.7
2026-07-13T19:08:57.124,51.1
2026-07-13T19:08:57.527,49.4
2026-07-13T19:08:57.930,48.4
2026-07-13T19:08:58.333,51.4
2026-07-13T19:08:58.736,54.6
2026-07-13T19:08:59.139,53.0
2026-07-13T19:08:59.542,51.9
2026-07-13T19:08:59.945,51.3
2026-07-13T19:09:00.348,52.7
2026-07-13T19:09:00.751,52.2
2026-07-13T19:09:01.154,52.2
2026-07-13T19:09:01.557,51.5
2026-07-13T19:09:01.960,51.3
2026-07-13T19:09:02.363,50.3
2026-07-13T19:09:02.766,68.4
2026-07-13T19:09:03.169,67.2
2026-07-13T19:09:03.572,65.6
2026-07-13T19:09:03.975,62.0
2026-07-13T19:09:04.378,45.6
2026-07-13T19:09:04.781,44.1
2026-07-13T19:09:05.184,44.3
2026-07-13T19:09:05.586,46.9
2026-07-13T19:09:05.989,54.1
2026-07-13T19:09:06.392,53.2
2026-07-13T19:09:06.795,52.3
2026-07-13T19:09:07.198,50.8
2026-07-13T19:09:07.601,42.9
2026-07-13T19:09:08.004,54.4
2026-07-13T19:09:08.407,52.7
2026-07-13T19:09:08.810,50.4
2026-07-13T19:09:09.213,48.8
2026-07-13T19:09:09.616,42.5
2026-07-13T19:09:10.019,42.3
2026-07-13T19:09:10.422,51.1
2026-07-13T19:09:10.825,61.2
2026-07-13T19:09:11.228,61.0
2026-07-13T19:09:11.631,58.7
2026-07-13T19:09:12.034,57.9
2026-07-13T19:09:12.437,55.7
2026-07-13T19:09:12.840,50.5
2026-07-13T19:09:13.243,45.8
2026-07-13T19:09:13.646,43.0
2026-07-13T19:09:14.049,42.7
2026-07-13T19:09:14.452,56.8
2026-07-13T19:09:14.855,76.9
2026-07-13T19:09:15.258,71.4
2026-07-13T19:09:15.661,65.6
2026-07-13T19:09:16.064,61.0
2026-07-13T19:09:16.467,43.6
2026-07-13T19:09:16.870,61.2
2026-07-13T19:09:17.273,65.7
2026-07-13T19:09:17.676,64.8
2026-07-13T19:09:18.079,62.6
2026-07-13T19:09:18.482,58.4
2026-07-13T19:09:18.885,44.4
2026-07-13T19:09:19.288,45.1
2026-07-13T19:09:19.691,51.5
2026-07-13T19:09:20.094,51.1
2026-07-13T19:09:20.497,50.2
2026-07-13T19:09:20.900,50.2
2026-07-13T19:09:21.303,50.2
2026-07-13T19:09:21.706,50.2
2026-07-13T19:09:22.109,63.6
2026-07-13T19:09:22.512,78.4
2026-07-13T19:09:22.915,75.6
2026-07-13T19:09:23.318,69.9
2026-07-13T19:09:23.721,64.5
2026-07-13T19:09:24.124,53.4
2026-07-13T19:09:24.527,70.2
2026-07-13T19:09:24.930,68.4
2026-07-13T19:09:25.333,66.8
2026-07-13T19:09:25.736,65.3
2026-07-13T19:09:26.139,63.4
2026-07-13T19:09:26.542,60.0
2026-07-13T19:09:26.945,55.5
2026-07-13T19:09:27.348,47.5
2026-07-13T19:09:27.751,47.7
2026-07-13T19:09:28.154,47.3
2026-07-13T19:09:28.557,47.1
2026-07-13T19:09:28.960,46.3
2026-07-13T19:09:29.363,53.0
2026-07-13T19:09:29.766,54.5
2026-07-13T19:09:30.169,53.4
2026-07-13T19:09:30.572,51.3
2026-07-13T19:09:30.975,49.5
2026-07-13T19:09:31.378,44.1
2026-07-13T19:09:31.781,43.8
2026-07-13T19:09:32.184,45.3
2026-07-13T19:09:32.587,60.8
2026-07-13T19:09:32.990,61.7
2026-07-13T19:09:33.393,58.5
2026-07-13T19:09:33.796,66.4
2026-07-13T19:09:34.198,74.3
2026-07-13T19:09:34.602,71.5
2026-07-13T19:09:35.005,67.4
2026-07-13T19:09:35.408,63.9
2026-07-13T19:09:35.811,50.7
2026-07-13T19:09:36.213,44.6
2026-07-13T19:09:36.616,44.8
2026-07-13T19:09:37.019,44.2
2026-07-13T19:09:37.422,43.8
2026-07-13T19:09:37.825,43.5
2026-07-13T19:09:38.228,45.3
2026-07-13T19:09:38.631,56.9
2026-07-13T19:09:39.034,63.0
2026-07-13T19:09:39.437,61.3
2026-07-13T19:09:39.840,59.5
2026-07-13T19:09:40.243,55.8
2026-07-13T19:09:40.646,43.2
2026-07-13T19:09:41.049,43.8
2026-07-13T19:09:41.452,65.2
2026-07-13T19:09:41.855,63.0
2026-07-13T19:09:42.258,60.4
2026-07-13T19:09:42.661,59.0
2026-07-13T19:09:43.064,43.1
2026-07-13T19:09:43.467,43.3
2026-07-13T19:09:43.870,42.9
2026-07-13T19:09:44.273,50.3
2026-07-13T19:09:44.676,49.0
2026-07-13T19:09:45.079,47.8
2026-07-13T19:09:45.482,46.8
2026-07-13T19:09:45.885,42.8
2026-07-13T19:09:46.288,42.4
2026-07-13T19:09:46.691,42.4
2026-07-13T19:09:47.094,42.7
2026-07-13T19:09:47.497,42.7
2026-07-13T19:09:47.900,42.5
2026-07-13T19:09:48.303,45.4
2026-07-13T19:09:48.706,45.0
2026-07-13T19:09:49.108,45.6
2026-07-13T19:09:49.511,46.4
2026-07-13T19:09:49.914,47.1
2026-07-13T19:09:50.317,46.4
2026-07-13T19:09:50.720,46.1
2026-07-13T19:09:51.123,45.3
2026-07-13T19:09:51.526,42.4
2026-07-13T19:09:51.929,43.8
2026-07-13T19:09:52.332,43.3
2026-07-13T19:09:52.735,43.0
2026-07-13T19:09:53.138,42.7
2026-07-13T19:09:53.541,42.4
2026-07-13T19:09:53.944,42.3
2026-07-13T19:09:54.347,42.0
2026-07-13T19:09:54.750,42.3
2026-07-13T19:09:55.153,42.3
2026-07-13T19:09:55.556,42.1
2026-07-13T19:09:55.959,41.9
2026-07-13T19:09:56.362,41.9
2026-07-13T19:09:56.765,42.1
2026-07-13T19:09:57.168,42.3
2026-07-13T19:09:57.571,42.0
2026-07-13T19:09:57.974,42.0
2026-07-13T19:09:58.377,42.1
2026-07-13T19:09:58.780,42.5
2026-07-13T19:09:59.183,42.4
2026-07-13T19:09:59.586,42.3
2026-07-13T19:09:59.989,42.3
2026-07-13T19:10:00.392,42.4
2026-07-13T19:10:00.795,42.3
2026-07-13T19:10:01.197,42.3
2026-07-13T19:10:01.600,42.1
2026-07-13T19:10:02.003,42.9
2026-07-13T19:10:02.406,42.5
2026-07-13T19:10:02.809,47.6
2026-07-13T19:10:03.212,46.3
2026-07-13T19:10:03.615,45.4
2026-07-13T19:10:04.018,44.9
2026-07-13T19:10:04.421,42.3
2026-07-13T19:10:04.824,43.2
2026-07-13T19:10:05.227,42.9
2026-07-13T19:10:05.630,42.7
2026-07-13T19:10:06.033,42.8
2026-07-13T19:10:06.436,43.0
2026-07-13T19:10:06.839,42.9
2026-07-13T19:10:07.242,43.0
2026-07-13T19:10:07.645,42.6
2026-07-13T19:10:08.048,42.5
2026-07-13T19:10:08.451,43.4
2026-07-13T19:10:08.854,43.1
2026-07-13T19:10:09.257,44.5
2026-07-13T19:10:09.660,45.1
2026-07-13T19:10:10.063,44.8
2026-07-13T19:10:10.466,46.7
2026-07-13T19:10:10.869,47.2
2026-07-13T19:10:11.272,47.1
2026-07-13T19:10:11.675,49.0
2026-07-13T19:10:12.077,49.7
2026-07-13T19:10:12.480,50.4
2026-07-13T19:10:12.883,49.6
2026-07-13T19:10:13.286,48.9
2026-07-13T19:10:13.689,49.1
2026-07-13T19:10:14.092,49.2
2026-07-13T19:10:14.495,48.8
2026-07-13T19:10:14.898,49.2
2026-07-13T19:10:15.301,50.4
2026-07-13T19:10:15.704,50.3
2026-07-13T19:10:16.107,50.7
2026-07-13T19:10:16.510,50.7
2026-07-13T19:10:16.913,51.7
2026-07-13T19:10:17.316,51.6
2026-07-13T19:10:17.719,50.6
2026-07-13T19:10:18.122,50.6
2026-07-13T19:10:18.525,50.6
2026-07-13T19:10:18.928,51.0
2026-07-13T19:10:19.331,50.7
2026-07-13T19:10:19.734,50.7
2026-07-13T19:10:20.137,49.8
2026-07-13T19:10:20.540,50.3
2026-07-13T19:10:20.943,48.8
2026-07-13T19:10:21.346,47.6
2026-07-13T19:10:21.749,46.5
2026-07-13T19:10:22.152,42.0
2026-07-13T19:10:22.555,42.0
2026-07-13T19:10:22.958,42.2
2026-07-13T19:10:23.361,42.1
2026-07-13T19:10:23.764,42.2
2026-07-13T19:10:24.167,42.1
2026-07-13T19:10:24.570,46.4
2026-07-13T19:10:24.973,45.6
2026-07-13T19:10:25.376,45.0
2026-07-13T19:10:25.779,44.2
2026-07-13T19:10:26.182,43.7
2026-07-13T19:10:26.585,49.0
2026-07-13T19:10:26.988,47.6
2026-07-13T19:10:27.391,47.0
2026-07-13T19:10:27.794,49.1
2026-07-13T19:10:28.197,47.6
2026-07-13T19:10:28.600,46.8
2026-07-13T19:10:29.003,46.5
2026-07-13T19:10:29.406,45.2
2026-07-13T19:10:29.809,44.8
2026-07-13T19:10:30.212,47.5
2026-07-13T19:10:30.615,46.6
2026-07-13T19:10:31.018,45.9
2026-07-13T19:10:31.421,45.0
2026-07-13T19:10:31.824,45.7
2026-07-13T19:10:32.227,47.0
2026-07-13T19:10:32.630,47.6
2026-07-13T19:10:33.033,49.3
2026-07-13T19:10:33.436,50.1
2026-07-13T19:10:33.839,50.8
2026-07-13T19:10:34.242,51.0
2026-07-13T19:10:34.645,50.8
2026-07-13T19:10:35.048,50.4
2026-07-13T19:10:35.451,50.6
2026-07-13T19:10:35.854,51.3
2026-07-13T19:10:36.257,53.1
2026-07-13T19:10:36.660,60.8
2026-07-13T19:10:37.063,60.0
2026-07-13T19:10:37.466,58.1
2026-07-13T19:10:37.869,56.5
2026-07-13T19:10:38.272,52.8
2026-07-13T19:10:38.675,52.6
2026-07-13T19:10:39.078,53.0
2026-07-13T19:10:39.481,54.9
2026-07-13T19:10:39.884,54.1
2026-07-13T19:10:40.289,53.6
2026-07-13T19:10:40.690,55.0
2026-07-13T19:10:41.093,54.5
2026-07-13T19:10:41.496,53.7
2026-07-13T19:10:41.899,53.1
2026-07-13T19:10:42.302,51.7
2026-07-13T19:10:42.705,49.8
2026-07-13T19:10:43.108,42.9
2026-07-13T19:10:43.511,42.4
2026-07-13T19:10:43.914,42.2
2026-07-13T19:10:44.317,42.4
2026-07-13T19:10:44.720,42.4
2026-07-13T19:10:45.123,42.1
2026-07-13T19:10:45.526,42.0
2026-07-13T19:10:45.929,41.9
2026-07-13T19:10:46.332,42.0
2026-07-13T19:10:46.735,44.3
2026-07-13T19:10:47.138,43.8
2026-07-13T19:10:47.541,43.5
2026-07-13T19:10:47.944,43.0
2026-07-13T19:10:48.347,42.7
2026-07-13T19:10:48.750,42.5
2026-07-13T19:10:49.153,42.1
2026-07-13T19:10:49.556,42.1
2026-07-13T19:10:49.959,42.2
2026-07-13T19:10:50.362,42.1
2026-07-13T19:10:50.765,43.2
2026-07-13T19:10:51.168,42.7
2026-07-13T19:10:51.571,42.5
2026-07-13T19:10:51.974,42.6
2026-07-13T19:10:52.377,42.9
2026-07-13T19:10:52.780,44.5
2026-07-13T19:10:53.183,44.1
2026-07-13T19:10:53.586,43.7
2026-07-13T19:10:53.989,43.4
2026-07-13T19:10:54.392,42.6
2026-07-13T19:10:54.795,42.1
2026-07-13T19:10:55.198,42.2
2026-07-13T19:10:55.601,42.9
2026-07-13T19:10:56.004,42.4
2026-07-13T19:10:56.406,43.3
2026-07-13T19:10:56.810,46.1
2026-07-13T19:10:57.212,45.1
2026-07-13T19:10:57.616,44.4
2026-07-13T19:10:58.019,43.7
2026-07-13T19:10:58.422,42.7
2026-07-13T19:10:58.824,42.0
2026-07-13T19:10:59.228,42.5
2026-07-13T19:10:59.631,42.1
2026-07-13T19:11:00.034,42.4
2026-07-13T19:11:00.437,42.2
2026-07-13T19:11:00.840,42.7
2026-07-13T19:11:01.243,42.5
2026-07-13T19:11:01.646,42.7
2026-07-13T19:11:02.049,42.6
2026-07-13T19:11:02.452,42.6
2026-07-13T19:11:02.855,44.7
2026-07-13T19:11:03.258,44.2
2026-07-13T19:11:03.661,44.7
2026-07-13T19:11:04.064,48.5
2026-07-13T19:11:04.467,53.7
2026-07-13T19:11:04.870,51.4
2026-07-13T19:11:05.273,49.8
2026-07-13T19:11:05.676,48.3
2026-07-13T19:11:06.079,43.5
2026-07-13T19:11:06.482,42.9
2026-07-13T19:11:06.885,43.7
2026-07-13T19:11:07.288,43.2
2026-07-13T19:11:07.691,43.1
2026-07-13T19:11:08.094,42.8
2026-07-13T19:11:08.497,42.7
2026-07-13T19:11:08.900,42.4
2026-07-13T19:11:09.303,42.3
2026-07-13T19:11:09.705,43.1
2026-07-13T19:11:10.108,43.6
2026-07-13T19:11:10.511,43.2
2026-07-13T19:11:10.914,43.4
2026-07-13T19:11:11.317,44.3
2026-07-13T19:11:11.720,44.7
2026-07-13T19:11:12.123,46.1
2026-07-13T19:11:12.526,46.2
2026-07-13T19:11:12.929,46.9
2026-07-13T19:11:13.332,47.9
2026-07-13T19:11:13.735,48.7
2026-07-13T19:11:14.138,49.9
2026-07-13T19:11:14.541,50.2
2026-07-13T19:11:14.944,50.5
2026-07-13T19:11:15.347,51.0
2026-07-13T19:11:15.750,51.3
2026-07-13T19:11:16.153,51.5
2026-07-13T19:11:16.556,51.8
2026-07-13T19:11:16.959,52.1
2026-07-13T19:11:17.362,52.3
2026-07-13T19:11:17.765,52.5
2026-07-13T19:11:18.168,52.5
2026-07-13T19:11:18.571,52.6
2026-07-13T19:11:18.974,53.1
2026-07-13T19:11:19.377,53.0
2026-07-13T19:11:19.779,52.8
2026-07-13T19:11:20.182,52.7
2026-07-13T19:11:20.585,52.9
2026-07-13T19:11:20.988,52.6
2026-07-13T19:11:21.391,53.0
2026-07-13T19:11:21.794,52.6
2026-07-13T19:11:22.197,52.6
2026-07-13T19:11:22.600,52.6
2026-07-13T19:11:23.003,52.5
2026-07-13T19:11:23.406,52.5
2026-07-13T19:11:23.809,52.2
2026-07-13T19:11:24.212,52.4
2026-07-13T19:11:24.615,52.3
2026-07-13T19:11:25.018,52.1
2026-07-13T19:11:25.421,51.7
2026-07-13T19:11:25.824,51.4
2026-07-13T19:11:26.227,51.6
2026-07-13T19:11:26.630,51.3
2026-07-13T19:11:27.033,51.3
2026-07-13T19:11:27.436,51.2
2026-07-13T19:11:27.838,50.9
2026-07-13T19:11:28.241,51.0
2026-07-13T19:11:28.644,50.9
2026-07-13T19:11:29.047,50.7
2026-07-13T19:11:29.450,50.9
2026-07-13T19:11:29.853,52.1
2026-07-13T19:11:30.256,51.7
2026-07-13T19:11:30.659,51.4
2026-07-13T19:11:31.062,50.9
2026-07-13T19:11:31.465,50.1
2026-07-13T19:11:31.868,50.3
2026-07-13T19:11:32.271,50.9
2026-07-13T19:11:32.674,50.7
2026-07-13T19:11:33.077,50.6
2026-07-13T19:11:33.480,50.5
2026-07-13T19:11:33.883,47.4
2026-07-13T19:11:34.286,47.8
2026-07-13T19:11:34.689,48.4
2026-07-13T19:11:35.092,49.0
2026-07-13T19:11:35.495,49.6
2026-07-13T19:11:35.898,48.8
2026-07-13T19:11:36.301,48.5
2026-07-13T19:11:36.704,49.4
2026-07-13T19:11:37.107,48.9
2026-07-13T19:11:37.510,48.5
2026-07-13T19:11:37.913,48.1
2026-07-13T19:11:38.316,45.4
2026-07-13T19:11:38.719,44.9
2026-07-13T19:11:39.122,45.2
2026-07-13T19:11:39.525,44.9
2026-07-13T19:11:39.928,44.9
2026-07-13T19:11:40.331,45.4
2026-07-13T19:11:40.734,46.6
2026-07-13T19:11:41.137,46.2
2026-07-13T19:11:41.540,45.8
2026-07-13T19:11:41.943,45.6
2026-07-13T19:11:42.345,45.0
2026-07-13T19:11:42.748,44.9
2026-07-13T19:11:43.151,45.2
2026-07-13T19:11:43.554,45.1
2026-07-13T19:11:43.957,47.5
2026-07-13T19:11:44.360,47.3
2026-07-13T19:11:44.763,46.7
2026-07-13T19:11:45.166,46.3
2026-07-13T19:11:45.569,45.3
2026-07-13T19:11:45.972,45.1
2026-07-13T19:11:46.375,45.3
2026-07-13T19:11:46.778,45.5
2026-07-13T19:11:47.181,45.6
2026-07-13T19:11:47.584,45.2
2026-07-13T19:11:47.987,44.8
2026-07-13T19:11:48.390,44.8
2026-07-13T19:11:48.793,44.5
2026-07-13T19:11:49.196,44.2
2026-07-13T19:11:49.599,44.2
2026-07-13T19:11:50.002,43.8
2026-07-13T19:11:50.405,43.6
2026-07-13T19:11:50.808,43.2
2026-07-13T19:11:51.211,42.9
2026-07-13T19:11:51.613,42.7
2026-07-13T19:11:52.016,42.8
2026-07-13T19:11:52.419,42.8
2026-07-13T19:11:52.822,43.2
2026-07-13T19:11:53.225,42.8
2026-07-13T19:11:53.628,43.0
2026-07-13T19:11:54.031,42.8
2026-07-13T19:11:54.434,42.6
2026-07-13T19:11:54.837,42.7
2026-07-13T19:11:55.240,43.1
2026-07-13T19:11:55.643,42.9
2026-07-13T19:11:56.046,42.8
2026-07-13T19:11:56.449,42.6
2026-07-13T19:11:56.852,42.6
2026-07-13T19:11:57.255,42.5
2026-07-13T19:11:57.658,42.3
2026-07-13T19:11:58.061,42.5
2026-07-13T19:11:58.464,42.6
2026-07-13T19:11:58.867,42.6
2026-07-13T19:11:59.270,42.6
2026-07-13T19:11:59.673,43.0
2026-07-13T19:12:00.076,42.6
2026-07-13T19:12:00.479,42.6
2026-07-13T19:12:00.882,42.8
2026-07-13T19:12:01.285,43.6
2026-07-13T19:12:01.688,43.2
2026-07-13T19:12:02.091,42.8
2026-07-13T19:12:02.494,42.4
2026-07-13T19:12:02.897,43.1
2026-07-13T19:12:03.300,42.7
2026-07-13T19:12:03.703,42.7
2026-07-13T19:12:04.106,43.4
2026-07-13T19:12:04.509,43.8
2026-07-13T19:12:04.911,43.5
2026-07-13T19:12:05.314,43.0
2026-07-13T19:12:05.717,42.8
2026-07-13T19:12:06.120,43.1
2026-07-13T19:12:06.523,42.9
2026-07-13T19:12:06.926,42.8
2026-07-13T19:12:07.329,42.5
2026-07-13T19:12:07.732,43.1
2026-07-13T19:12:08.135,42.8
2026-07-13T19:12:08.538,45.2
2026-07-13T19:12:08.941,44.8
2026-07-13T19:12:09.344,44.0
2026-07-13T19:12:09.747,43.6
2026-07-13T19:12:10.150,43.0
2026-07-13T19:12:10.553,42.7
2026-07-13T19:12:10.956,45.4
2026-07-13T19:12:11.359,44.9
2026-07-13T19:12:11.762,44.4
2026-07-13T19:12:12.165,44.0
2026-07-13T19:12:12.568,43.7
2026-07-13T19:12:12.971,44.1
2026-07-13T19:12:13.374,43.7
2026-07-13T19:12:13.777,43.3
2026-07-13T19:12:14.180,43.2
2026-07-13T19:12:14.583,42.1
2026-07-13T19:12:14.986,42.2
2026-07-13T19:12:15.389,42.9
2026-07-13T19:12:15.791,42.6
2026-07-13T19:12:16.194,42.2
2026-07-13T19:12:16.597,42.0
2026-07-13T19:12:17.000,42.2
2026-07-13T19:12:17.403,42.1
2026-07-13T19:12:17.806,42.3
2026-07-13T19:12:18.209,42.1
2026-07-13T19:12:18.612,44.3
2026-07-13T19:12:19.015,43.7
2026-07-13T19:12:19.418,44.5
2026-07-13T19:12:19.821,45.8
2026-07-13T19:12:20.224,44.8
2026-07-13T19:12:20.627,44.2
2026-07-13T19:12:21.030,43.6
2026-07-13T19:12:21.433,41.9
2026-07-13T19:12:21.836,42.0
2026-07-13T19:12:22.239,42.0
2026-07-13T19:12:22.642,42.5
2026-07-13T19:12:23.045,42.4
2026-07-13T19:12:23.448,42.3
2026-07-13T19:12:23.851,43.0
2026-07-13T19:12:24.254,42.8
2026-07-13T19:12:24.657,42.6
2026-07-13T19:12:25.060,42.5
2026-07-13T19:12:25.463,42.8
2026-07-13T19:12:25.866,42.8
2026-07-13T19:12:26.269,42.6
2026-07-13T19:12:26.672,42.8
2026-07-13T19:12:27.074,42.6
2026-07-13T19:12:27.477,42.3
2026-07-13T19:12:27.880,42.0
2026-07-13T19:12:28.285,42.2
2026-07-13T19:12:28.686,42.1
2026-07-13T19:12:29.089,41.9
2026-07-13T19:12:29.492,42.1
2026-07-13T19:12:29.895,42.0
2026-07-13T19:12:30.300,42.2
2026-07-13T19:12:30.701,42.0
2026-07-13T19:12:31.104,41.9
2026-07-13T19:12:31.507,42.0
2026-07-13T19:12:31.910,42.3
2026-07-13T19:12:32.313,41.9
2026-07-13T19:12:32.716,42.1
2026-07-13T19:12:33.119,42.0
2026-07-13T19:12:33.522,42.9
2026-07-13T19:12:33.925,42.8
2026-07-13T19:12:34.328,42.6
2026-07-13T19:12:34.731,42.5
2026-07-13T19:12:35.134,42.2
2026-07-13T19:12:35.537,41.9
2026-07-13T19:12:35.940,41.9
2026-07-13T19:12:36.343,42.2
2026-07-13T19:12:36.746,43.6
2026-07-13T19:12:37.149,43.2
2026-07-13T19:12:37.552,42.9
2026-07-13T19:12:37.955,42.9
2026-07-13T19:12:38.358,42.7
2026-07-13T19:12:38.761,42.3
2026-07-13T19:12:39.164,41.9
2026-07-13T19:12:39.567,41.8
2026-07-13T19:12:39.970,42.1
2026-07-13T19:12:40.373,43.5
2026-07-13T19:12:40.776,42.9
2026-07-13T19:12:41.179,42.7
2026-07-13T19:12:41.582,42.3
2026-07-13T19:12:41.985,42.3
2026-07-13T19:12:42.388,41.9
2026-07-13T19:12:42.791,42.1
2026-07-13T19:12:43.194,43.9
2026-07-13T19:12:43.597,43.6
2026-07-13T19:12:44.000,43.3
2026-07-13T19:12:44.403,43.1
2026-07-13T19:12:44.806,41.9
2026-07-13T19:12:45.209,42.4
2026-07-13T19:12:45.612,42.9
2026-07-13T19:12:46.015,42.5
2026-07-13T19:12:46.418,42.8
2026-07-13T19:12:46.821,42.4
2026-07-13T19:12:47.224,42.1
2026-07-13T19:12:47.627,43.1
2026-07-13T19:12:48.030,42.9
2026-07-13T19:12:48.433,49.7
2026-07-13T19:12:48.836,49.9
2026-07-13T19:12:49.239,48.2
2026-07-13T19:12:49.642,47.1
2026-07-13T19:12:50.045,46.1
2026-07-13T19:12:50.448,42.0
2026-07-13T19:12:50.851,42.0
2026-07-13T19:12:51.254,41.8
2026-07-13T19:12:51.657,42.2
2026-07-13T19:12:52.060,42.0
2026-07-13T19:12:52.463,42.2
2026-07-13T19:12:52.866,42.1
2026-07-13T19:12:53.269,42.3
2026-07-13T19:12:53.672,42.8
2026-07-13T19:12:54.075,42.3
2026-07-13T19:12:54.478,42.0
2026-07-13T19:12:54.881,42.0
2026-07-13T19:12:55.285,41.9
2026-07-13T19:12:55.687,41.8
2026-07-13T19:12:56.090,41.6
2026-07-13T19:12:56.493,42.2
2026-07-13T19:12:56.896,42.2
2026-07-13T19:12:57.299,42.0
2026-07-13T19:12:57.702,41.7
2026-07-13T19:12:58.105,42.0
2026-07-13T19:12:58.508,42.0
2026-07-13T19:12:58.911,41.9
2026-07-13T19:12:59.314,41.8
2026-07-13T19:12:59.717,42.0
2026-07-13T19:13:00.120,42.3
2026-07-13T19:13:00.523,41.9
2026-07-13T19:13:00.926,42.2
2026-07-13T19:13:01.329,42.1
2026-07-13T19:13:01.732,41.9
2026-07-13T19:13:02.135,42.0
2026-07-13T19:13:02.538,41.9
2026-07-13T19:13:02.941,42.5
2026-07-13T19:13:03.344,42.1
2026-07-13T19:13:03.747,42.0
2026-07-13T19:13:04.150,42.1
2026-07-13T19:13:04.553,42.2
2026-07-13T19:13:04.956,42.2
2026-07-13T19:13:05.359,42.0
2026-07-13T19:13:05.762,42.1
2026-07-13T19:13:06.165,42.0
2026-07-13T19:13:06.568,42.5
2026-07-13T19:13:06.971,42.4
2026-07-13T19:13:07.374,42.6
2026-07-13T19:13:07.777,43.0
2026-07-13T19:13:08.180,42.6
2026-07-13T19:13:08.583,42.2
2026-07-13T19:13:08.986,43.3
2026-07-13T19:13:09.389,43.1
2026-07-13T19:13:09.792,42.8
2026-07-13T19:13:10.195,45.4
2026-07-13T19:13:10.598,44.7
2026-07-13T19:13:11.001,44.3
2026-07-13T19:13:11.404,44.1
2026-07-13T19:13:11.807,43.4
2026-07-13T19:13:12.210,43.7
2026-07-13T19:13:12.613,43.1
2026-07-13T19:13:13.016,43.0
2026-07-13T19:13:13.419,45.9
2026-07-13T19:13:13.822,45.4
2026-07-13T19:13:14.225,46.2
2026-07-13T19:13:14.628,45.8
2026-07-13T19:13:15.031,45.3
2026-07-13T19:13:15.434,44.4
2026-07-13T19:13:15.837,43.2
2026-07-13T19:13:16.240,42.5
2026-07-13T19:13:16.643,43.0
2026-07-13T19:13:17.046,42.6
2026-07-13T19:13:17.449,43.1
2026-07-13T19:13:17.852,43.4
2026-07-13T19:13:18.255,43.1
2026-07-13T19:13:18.658,43.2
2026-07-13T19:13:19.061,46.2
2026-07-13T19:13:19.464,45.7
2026-07-13T19:13:19.867,45.2
2026-07-13T19:13:20.270,45.9
2026-07-13T19:13:20.673,46.3
2026-07-13T19:13:21.076,45.6
2026-07-13T19:13:21.479,44.9
2026-07-13T19:13:21.882,44.3
2026-07-13T19:13:22.285,43.8
2026-07-13T19:13:22.688,43.4
2026-07-13T19:13:23.091,42.6
2026-07-13T19:13:23.494,42.5
2026-07-13T19:13:23.897,42.7
2026-07-13T19:13:24.300,42.6
2026-07-13T19:13:24.703,42.5
2026-07-13T19:13:25.106,42.2
2026-07-13T19:13:25.509,43.0
2026-07-13T19:13:25.912,42.5
2026-07-13T19:13:26.315,42.5
2026-07-13T19:13:26.718,42.3
2026-07-13T19:13:27.121,42.7
2026-07-13T19:13:27.524,42.6
2026-07-13T19:13:27.927,43.2
2026-07-13T19:13:28.330,42.7
2026-07-13T19:13:28.733,50.4
2026-07-13T19:13:29.136,49.1
2026-07-13T19:13:29.539,48.0
2026-07-13T19:13:29.942,47.0
2026-07-13T19:13:30.345,43.2
2026-07-13T19:13:30.748,42.9
2026-07-13T19:13:31.151,43.1
2026-07-13T19:13:31.554,42.8
2026-07-13T19:13:31.957,42.8
2026-07-13T19:13:32.360,42.4
2026-07-13T19:13:32.763,42.2
2026-07-13T19:13:33.166,42.3
2026-07-13T19:13:33.569,43.0
2026-07-13T19:13:33.972,43.6
2026-07-13T19:13:34.375,43.2
2026-07-13T19:13:34.777,42.9
2026-07-13T19:13:35.180,42.6
2026-07-13T19:13:35.583,42.1
2026-07-13T19:13:35.986,42.2
2026-07-13T19:13:36.389,42.9
2026-07-13T19:13:36.792,42.8
2026-07-13T19:13:37.195,42.6
2026-07-13T19:13:37.598,42.2
2026-07-13T19:13:38.001,41.9
2026-07-13T19:13:38.404,42.2
2026-07-13T19:13:38.807,42.1
2026-07-13T19:13:39.210,42.3
2026-07-13T19:13:39.613,42.1
2026-07-13T19:13:40.016,41.9
2026-07-13T19:13:40.419,42.2
2026-07-13T19:13:40.822,43.2
2026-07-13T19:13:41.225,43.0
2026-07-13T19:13:41.628,42.8
2026-07-13T19:13:42.031,42.7
2026-07-13T19:13:42.434,42.2
2026-07-13T19:13:42.837,42.1
2026-07-13T19:13:43.240,42.2
2026-07-13T19:13:43.643,41.9
2026-07-13T19:13:44.046,42.0
2026-07-13T19:13:44.449,42.2
2026-07-13T19:13:44.852,43.6
2026-07-13T19:13:45.255,43.2
2026-07-13T19:13:45.657,43.8
2026-07-13T19:13:46.060,43.5
2026-07-13T19:13:46.463,43.2
2026-07-13T19:13:46.866,42.7
2026-07-13T19:13:47.269,42.1
2026-07-13T19:13:47.672,42.2
2026-07-13T19:13:48.075,42.1
2026-07-13T19:13:48.478,42.0
2026-07-13T19:13:48.881,42.1
2026-07-13T19:13:49.285,42.1
2026-07-13T19:13:49.687,42.2
2026-07-13T19:13:50.090,42.0
2026-07-13T19:13:50.493,42.0
2026-07-13T19:13:50.896,41.7
2026-07-13T19:13:51.299,42.2
2026-07-13T19:13:51.702,42.0
2026-07-13T19:13:52.105,42.0
2026-07-13T19:13:52.508,41.9
2026-07-13T19:13:52.911,42.3
2026-07-13T19:13:53.314,44.9
2026-07-13T19:13:53.717,44.4
2026-07-13T19:13:54.120,43.9
2026-07-13T19:13:54.523,43.2
2026-07-13T19:13:54.926,42.0
2026-07-13T19:13:55.329,42.0
2026-07-13T19:13:55.732,41.9
2026-07-13T19:13:56.135,42.0
2026-07-13T19:13:56.538,42.0
2026-07-13T19:13:56.941,42.5
2026-07-13T19:13:57.344,42.3
2026-07-13T19:13:57.746,42.2
2026-07-13T19:13:58.149,42.1
2026-07-13T19:13:58.552,42.9
2026-07-13T19:13:58.955,43.4
2026-07-13T19:13:59.358,44.2
2026-07-13T19:13:59.761,43.7
2026-07-13T19:14:00.164,43.1
2026-07-13T19:14:00.567,42.9
2026-07-13T19:14:00.970,42.2
2026-07-13T19:14:01.373,42.4
2026-07-13T19:14:01.776,42.2
2026-07-13T19:14:02.179,42.1
2026-07-13T19:14:02.582,42.2
2026-07-13T19:14:02.985,42.7
2026-07-13T19:14:03.388,42.5
2026-07-13T19:14:03.791,44.1
2026-07-13T19:14:04.194,44.0
2026-07-13T19:14:04.597,46.4
2026-07-13T19:14:05.000,45.9
2026-07-13T19:14:05.403,47.2
2026-07-13T19:14:05.806,47.2
2026-07-13T19:14:06.209,46.7
2026-07-13T19:14:06.612,46.3
2026-07-13T19:14:07.015,46.1
2026-07-13T19:14:07.417,45.9
2026-07-13T19:14:07.820,46.7
2026-07-13T19:14:08.223,46.0
2026-07-13T19:14:08.626,45.7
2026-07-13T19:14:09.029,45.0
2026-07-13T19:14:09.432,43.3
2026-07-13T19:14:09.835,44.1
2026-07-13T19:14:10.238,43.8
2026-07-13T19:14:10.641,43.9
2026-07-13T19:14:11.044,43.7
2026-07-13T19:14:11.447,43.7
2026-07-13T19:14:11.850,43.7
2026-07-13T19:14:12.253,43.3
2026-07-13T19:14:12.656,43.0
2026-07-13T19:14:13.059,45.4
2026-07-13T19:14:13.462,44.7
2026-07-13T19:14:13.865,44.3
2026-07-13T19:14:14.268,43.8
2026-07-13T19:14:14.671,46.4
2026-07-13T19:14:15.074,46.0
2026-07-13T19:14:15.477,49.0
2026-07-13T19:14:15.880,48.1
2026-07-13T19:14:16.285,47.2
2026-07-13T19:14:16.686,46.2
2026-07-13T19:14:17.089,42.6
2026-07-13T19:14:17.492,42.8
2026-07-13T19:14:17.895,42.6
2026-07-13T19:14:18.298,43.6
2026-07-13T19:14:18.701,43.2
2026-07-13T19:14:19.104,42.9
2026-07-13T19:14:19.507,42.5
2026-07-13T19:14:19.910,42.9
2026-07-13T19:14:20.313,42.5
2026-07-13T19:14:20.716,42.6
2026-07-13T19:14:21.119,42.8
2026-07-13T19:14:21.522,44.1
2026-07-13T19:14:21.925,43.8
2026-07-13T19:14:22.328,43.5
2026-07-13T19:14:22.731,43.2
2026-07-13T19:14:23.134,43.2
2026-07-13T19:14:23.537,43.2
2026-07-13T19:14:23.940,43.1
2026-07-13T19:14:24.343,43.9
2026-07-13T19:14:24.746,43.6
2026-07-13T19:14:25.149,43.3
2026-07-13T19:14:25.552,43.1
2026-07-13T19:14:25.955,43.5
2026-07-13T19:14:26.358,43.2
2026-07-13T19:14:26.761,42.9
2026-07-13T19:14:27.164,42.7
2026-07-13T19:14:27.567,42.4
2026-07-13T19:14:27.970,42.4
2026-07-13T19:14:28.373,43.4
2026-07-13T19:14:28.776,42.9
2026-07-13T19:14:29.179,42.8
2026-07-13T19:14:29.582,42.6
2026-07-13T19:14:29.985,42.1
2026-07-13T19:14:30.388,42.5
2026-07-13T19:14:30.791,42.2
2026-07-13T19:14:31.194,42.2
2026-07-13T19:14:31.597,42.1
2026-07-13T19:14:32.000,42.0
2026-07-13T19:14:32.403,42.2
2026-07-13T19:14:32.806,42.5
2026-07-13T19:14:33.209,43.1
2026-07-13T19:14:33.612,43.1
2026-07-13T19:14:34.015,43.5
2026-07-13T19:14:34.418,43.2
2026-07-13T19:14:34.821,42.8
2026-07-13T19:14:35.224,42.5
2026-07-13T19:14:35.627,43.0
2026-07-13T19:14:36.030,42.8
2026-07-13T19:14:36.433,42.5
2026-07-13T19:14:36.836,42.3
2026-07-13T19:14:37.239,42.1
2026-07-13T19:14:37.642,42.3
2026-07-13T19:14:38.045,42.3
2026-07-13T19:14:38.448,43.0
2026-07-13T19:14:38.851,43.1
2026-07-13T19:14:39.254,43.5
2026-07-13T19:14:39.657,43.4
2026-07-13T19:14:40.060,43.0
2026-07-13T19:14:40.463,43.7
2026-07-13T19:14:40.866,43.3
2026-07-13T19:14:41.269,42.8
2026-07-13T19:14:41.672,42.5
2026-07-13T19:14:42.075,42.1
2026-07-13T19:14:42.478,42.3
2026-07-13T19:14:42.881,42.7
2026-07-13T19:14:43.285,42.5
2026-07-13T19:14:43.687,42.9
2026-07-13T19:14:44.090,43.1
2026-07-13T19:14:44.493,43.0
2026-07-13T19:14:44.896,42.7
2026-07-13T19:14:45.299,43.2
2026-07-13T19:14:45.702,43.5
2026-07-13T19:14:46.105,43.1
2026-07-13T19:14:46.508,42.7
2026-07-13T19:14:46.911,42.6
2026-07-13T19:14:47.314,42.3
2026-07-13T19:14:47.717,42.2
2026-07-13T19:14:48.120,42.5
2026-07-13T19:14:48.523,43.2
2026-07-13T19:14:48.926,43.1
2026-07-13T19:14:49.329,43.8
2026-07-13T19:14:49.732,43.5
2026-07-13T19:14:50.135,43.3
2026-07-13T19:14:50.538,43.7
2026-07-13T19:14:50.941,44.4
2026-07-13T19:14:51.344,44.4
2026-07-13T19:14:51.747,43.9
2026-07-13T19:14:52.150,43.4
2026-07-13T19:14:52.553,43.0
2026-07-13T19:14:52.956,44.4
2026-07-13T19:14:53.359,44.1
2026-07-13T19:14:53.762,44.0
2026-07-13T19:14:54.165,43.6
2026-07-13T19:14:54.568,44.5
2026-07-13T19:14:54.971,44.0
2026-07-13T19:14:55.374,43.6
2026-07-13T19:14:55.777,43.2
2026-07-13T19:14:56.180,43.4
2026-07-13T19:14:56.583,43.3
2026-07-13T19:14:56.986,43.2
2026-07-13T19:14:57.389,44.0
2026-07-13T19:14:57.792,43.9
2026-07-13T19:14:58.195,43.5
2026-07-13T19:14:58.598,43.3
2026-07-13T19:14:59.001,43.7
2026-07-13T19:14:59.404,43.3
2026-07-13T19:14:59.807,43.7
2026-07-13T19:15:00.210,46.6
2026-07-13T19:15:00.613,46.0
2026-07-13T19:15:01.016,45.4
2026-07-13T19:15:01.419,44.8
2026-07-13T19:15:01.822,43.5
2026-07-13T19:15:02.225,43.5
2026-07-13T19:15:02.628,44.3
2026-07-13T19:15:03.031,43.7
2026-07-13T19:15:03.434,43.6
2026-07-13T19:15:03.837,43.3
2026-07-13T19:15:04.240,43.0
2026-07-13T19:15:04.643,44.7
2026-07-13T19:15:05.046,44.5
2026-07-13T19:15:05.449,44.3
2026-07-13T19:15:05.852,44.1
2026-07-13T19:15:06.255,43.2
2026-07-13T19:15:06.658,43.3
2026-07-13T19:15:07.061,45.9
2026-07-13T19:15:07.464,45.2
2026-07-13T19:15:07.867,44.6
2026-07-13T19:15:08.270,44.1
2026-07-13T19:15:08.673,43.2
2026-07-13T19:15:09.075,43.0
2026-07-13T19:15:09.478,43.0
2026-07-13T19:15:09.881,43.0
2026-07-13T19:15:10.285,42.9
2026-07-13T19:15:10.687,42.9
2026-07-13T19:15:11.090,42.6
2026-07-13T19:15:11.493,42.8
2026-07-13T19:15:11.896,43.5
2026-07-13T19:15:12.300,43.3
2026-07-13T19:15:12.702,42.9
2026-07-13T19:15:13.105,43.0
2026-07-13T19:15:13.508,43.8
2026-07-13T19:15:13.911,43.5
2026-07-13T19:15:14.314,43.4
2026-07-13T19:15:14.717,43.1
2026-07-13T19:15:15.120,43.0
2026-07-13T19:15:15.523,43.0
2026-07-13T19:15:15.926,43.1
2026-07-13T19:15:16.329,43.0
2026-07-13T19:15:16.732,43.1
2026-07-13T19:15:17.135,43.0
2026-07-13T19:15:17.538,43.5
2026-07-13T19:15:17.941,43.2
2026-07-13T19:15:18.344,43.0
2026-07-13T19:15:18.747,42.8
2026-07-13T19:15:19.150,42.8
2026-07-13T19:15:19.553,43.1
2026-07-13T19:15:19.956,43.3
2026-07-13T19:15:20.359,43.0
2026-07-13T19:15:20.762,42.7
2026-07-13T19:15:21.165,42.6
2026-07-13T19:15:21.568,42.4
2026-07-13T19:15:21.971,42.5
2026-07-13T19:15:22.374,42.2
2026-07-13T19:15:22.777,42.3
2026-07-13T19:15:23.180,42.6
2026-07-13T19:15:23.583,42.5
2026-07-13T19:15:23.986,42.6
2026-07-13T19:15:24.389,42.9
2026-07-13T19:15:24.792,43.1
2026-07-13T19:15:25.195,42.8
2026-07-13T19:15:25.598,43.1
2026-07-13T19:15:26.001,43.1
2026-07-13T19:15:26.404,43.2
2026-07-13T19:15:26.807,43.1
2026-07-13T19:15:27.210,42.9
2026-07-13T19:15:27.613,43.2
2026-07-13T19:15:28.016,43.0
2026-07-13T19:15:28.419,42.8
2026-07-13T19:15:28.822,42.9
2026-07-13T19:15:29.225,43.6
2026-07-13T19:15:29.628,43.8
2026-07-13T19:15:30.031,44.9
2026-07-13T19:15:30.434,45.0
2026-07-13T19:15:30.836,48.8
2026-07-13T19:15:31.240,47.9
2026-07-13T19:15:31.642,47.0
2026-07-13T19:15:32.045,45.9
2026-07-13T19:15:32.448,42.6
2026-07-13T19:15:32.851,42.6
2026-07-13T19:15:33.254,42.5
2026-07-13T19:15:33.657,42.8
2026-07-13T19:15:34.060,43.0
2026-07-13T19:15:34.463,42.9
2026-07-13T19:15:34.866,42.7
2026-07-13T19:15:35.269,43.5
2026-07-13T19:15:35.672,43.1
2026-07-13T19:15:36.075,43.5
2026-07-13T19:15:36.478,43.4
2026-07-13T19:15:36.881,43.3
2026-07-13T19:15:37.285,42.9
2026-07-13T19:15:37.687,42.7
2026-07-13T19:15:38.090,42.8
2026-07-13T19:15:38.493,42.7
2026-07-13T19:15:38.896,42.9
2026-07-13T19:15:39.300,42.6
2026-07-13T19:15:39.702,42.9
2026-07-13T19:15:40.105,42.8
2026-07-13T19:15:40.508,42.8
2026-07-13T19:15:40.911,42.5
2026-07-13T19:15:41.314,42.4
2026-07-13T19:15:41.717,42.7
2026-07-13T19:15:42.120,43.6
2026-07-13T19:15:42.523,44.1
2026-07-13T19:15:42.926,44.6
2026-07-13T19:15:43.329,45.8
2026-07-13T19:15:43.732,47.9
2026-07-13T19:15:44.135,50.0
2026-07-13T19:15:44.538,50.8
2026-07-13T19:15:44.941,50.8
2026-07-13T19:15:45.344,51.0
2026-07-13T19:15:45.747,51.4
2026-07-13T19:15:46.150,52.1
2026-07-13T19:15:46.553,52.5
2026-07-13T19:15:46.956,52.5
2026-07-13T19:15:47.358,52.5
2026-07-13T19:15:47.761,53.0
2026-07-13T19:15:48.164,52.9
2026-07-13T19:15:48.567,53.3
2026-07-13T19:15:48.970,53.3
2026-07-13T19:15:49.373,53.0
2026-07-13T19:15:49.776,52.9
2026-07-13T19:15:50.179,52.9
2026-07-13T19:15:50.582,53.3
2026-07-13T19:15:50.985,53.1
2026-07-13T19:15:51.388,53.0
2026-07-13T19:15:51.791,53.1
2026-07-13T19:15:52.194,53.3
2026-07-13T19:15:52.597,53.3
2026-07-13T19:15:53.000,52.9
2026-07-13T19:15:53.403,53.2
2026-07-13T19:15:53.806,52.8
2026-07-13T19:15:54.209,53.0
2026-07-13T19:15:54.612,52.9
2026-07-13T19:15:55.015,52.5
2026-07-13T19:15:55.418,52.5
2026-07-13T19:15:55.821,52.5
2026-07-13T19:15:56.224,52.4
2026-07-13T19:15:56.627,52.8
2026-07-13T19:15:57.030,52.4
2026-07-13T19:15:57.433,52.4
2026-07-13T19:15:57.836,52.1
2026-07-13T19:15:58.239,52.0
2026-07-13T19:15:58.642,51.6
2026-07-13T19:15:59.045,51.1
2026-07-13T19:15:59.448,51.1
2026-07-13T19:15:59.851,50.8
2026-07-13T19:16:00.254,50.6
2026-07-13T19:16:00.657,50.8
2026-07-13T19:16:01.059,50.8
2026-07-13T19:16:01.462,50.6
2026-07-13T19:16:01.865,50.2
2026-07-13T19:16:02.268,52.9
2026-07-13T19:16:02.671,52.2
2026-07-13T19:16:03.074,51.6
2026-07-13T19:16:03.477,51.2
2026-07-13T19:16:03.880,49.8
2026-07-13T19:16:04.285,47.7
2026-07-13T19:16:04.686,49.9
2026-07-13T19:16:05.089,53.9
2026-07-13T19:16:05.492,53.0
2026-07-13T19:16:05.895,52.5
2026-07-13T19:16:06.298,54.1
2026-07-13T19:16:06.701,53.3
2026-07-13T19:16:07.104,52.1
2026-07-13T19:16:07.507,58.6
2026-07-13T19:16:07.910,59.7
2026-07-13T19:16:08.313,57.9
2026-07-13T19:16:08.716,55.8
2026-07-13T19:16:09.119,54.6
2026-07-13T19:16:09.522,54.7
2026-07-13T19:16:09.925,54.3
2026-07-13T19:16:10.328,57.9
2026-07-13T19:16:10.731,57.3
2026-07-13T19:16:11.134,56.1
2026-07-13T19:16:11.537,55.7
2026-07-13T19:16:11.940,55.9
2026-07-13T19:16:12.343,54.8
2026-07-13T19:16:12.746,52.5
2026-07-13T19:16:13.148,50.9
2026-07-13T19:16:13.551,48.7
2026-07-13T19:16:13.954,52.3
2026-07-13T19:16:14.357,51.9
2026-07-13T19:16:14.760,51.5
2026-07-13T19:16:15.163,52.3
2026-07-13T19:16:15.566,51.3
2026-07-13T19:16:15.969,50.2
2026-07-13T19:16:16.372,49.1
2026-07-13T19:16:16.775,45.7
2026-07-13T19:16:17.178,52.7
2026-07-13T19:16:17.581,52.5
2026-07-13T19:16:17.984,52.3
2026-07-13T19:16:18.387,56.7
2026-07-13T19:16:18.790,57.2
2026-07-13T19:16:19.193,56.5
2026-07-13T19:16:19.596,55.6
2026-07-13T19:16:19.999,55.3
2026-07-13T19:16:20.402,51.3
2026-07-13T19:16:20.805,50.0
2026-07-13T19:16:21.208,51.6
2026-07-13T19:16:21.611,54.4
2026-07-13T19:16:22.014,53.6
2026-07-13T19:16:22.417,53.2
2026-07-13T19:16:22.820,52.5
2026-07-13T19:16:23.223,50.3
2026-07-13T19:16:23.626,49.0
2026-07-13T19:16:24.029,46.4
2026-07-13T19:16:24.432,46.2
2026-07-13T19:16:24.835,47.5
2026-07-13T19:16:25.238,47.1
2026-07-13T19:16:25.641,46.7
2026-07-13T19:16:26.043,47.8
2026-07-13T19:16:26.446,47.5
2026-07-13T19:16:26.849,47.2
2026-07-13T19:16:27.252,46.9
2026-07-13T19:16:27.655,46.7
2026-07-13T19:16:28.058,48.5
2026-07-13T19:16:28.461,48.1
2026-07-13T19:16:28.864,47.5
2026-07-13T19:16:29.267,47.0
2026-07-13T19:16:29.670,48.5
2026-07-13T19:16:30.073,47.9
2026-07-13T19:16:30.476,47.2
2026-07-13T19:16:30.879,46.8
2026-07-13T19:16:31.285,46.1
2026-07-13T19:16:31.685,54.1
2026-07-13T19:16:32.088,54.2
2026-07-13T19:16:32.491,53.2
2026-07-13T19:16:32.894,58.1
2026-07-13T19:16:33.297,56.6
2026-07-13T19:16:33.700,55.4
2026-07-13T19:16:34.103,54.7
2026-07-13T19:16:34.506,55.4
2026-07-13T19:16:34.909,54.4
2026-07-13T19:16:35.312,52.8
2026-07-13T19:16:35.715,52.2
2026-07-13T19:16:36.118,50.3
2026-07-13T19:16:36.521,50.7
2026-07-13T19:16:36.924,53.4
2026-07-13T19:16:37.327,52.9
2026-07-13T19:16:37.730,61.5
2026-07-13T19:16:38.133,63.5
2026-07-13T19:16:38.536,60.6
2026-07-13T19:16:38.939,58.5
2026-07-13T19:16:39.342,56.7
2026-07-13T19:16:39.745,51.9
2026-07-13T19:16:40.147,47.9
2026-07-13T19:16:40.550,47.0
2026-07-13T19:16:40.953,48.5
2026-07-13T19:16:41.356,47.3
2026-07-13T19:16:41.759,46.5
2026-07-13T19:16:42.162,45.7
2026-07-13T19:16:42.565,42.5
2026-07-13T19:16:42.968,42.9
2026-07-13T19:16:43.371,43.0
2026-07-13T19:16:43.774,42.7
2026-07-13T19:16:44.177,42.6
2026-07-13T19:16:44.580,42.5
2026-07-13T19:16:44.983,42.9
2026-07-13T19:16:45.386,43.1
2026-07-13T19:16:45.789,43.0
2026-07-13T19:16:46.192,42.9
2026-07-13T19:16:46.595,42.5
2026-07-13T19:16:46.998,42.4
2026-07-13T19:16:47.401,42.4
2026-07-13T19:16:47.804,42.5
2026-07-13T19:16:48.207,43.4
2026-07-13T19:16:48.610,42.9
2026-07-13T19:16:49.013,42.8
2026-07-13T19:16:49.416,43.7
2026-07-13T19:16:49.819,43.4
2026-07-13T19:16:50.222,44.3
2026-07-13T19:16:50.625,45.8
2026-07-13T19:16:51.028,46.6
2026-07-13T19:16:51.431,48.4
2026-07-13T19:16:51.834,50.0
2026-07-13T19:16:52.237,50.8
2026-07-13T19:16:52.640,51.4
2026-07-13T19:16:53.043,51.8
2026-07-13T19:16:53.446,52.2
2026-07-13T19:16:53.849,52.4
2026-07-13T19:16:54.252,52.7
2026-07-13T19:16:54.655,53.0
2026-07-13T19:16:55.058,53.3
2026-07-13T19:16:55.461,53.6
2026-07-13T19:16:55.864,53.3
2026-07-13T19:16:56.267,53.4
2026-07-13T19:16:56.670,53.7
2026-07-13T19:16:57.073,53.4
2026-07-13T19:16:57.476,53.7
2026-07-13T19:16:57.879,53.6
2026-07-13T19:16:58.282,53.7
2026-07-13T19:16:58.685,53.5
2026-07-13T19:16:59.088,53.7
2026-07-13T19:16:59.491,53.7
2026-07-13T19:16:59.894,53.7
2026-07-13T19:17:00.297,53.7
2026-07-13T19:17:00.700,53.5
2026-07-13T19:17:01.103,53.7
2026-07-13T19:17:01.506,53.8
2026-07-13T19:17:01.909,53.4
2026-07-13T19:17:02.312,53.6
2026-07-13T19:17:02.715,53.3
2026-07-13T19:17:03.118,53.4
2026-07-13T19:17:03.521,53.0
2026-07-13T19:17:03.924,53.1
2026-07-13T19:17:04.327,52.9
2026-07-13T19:17:04.730,53.0
2026-07-13T19:17:05.133,52.9
2026-07-13T19:17:05.536,52.7
2026-07-13T19:17:05.939,52.7
2026-07-13T19:17:06.342,52.4
2026-07-13T19:17:06.745,52.6
2026-07-13T19:17:07.148,52.2
2026-07-13T19:17:07.551,51.9
2026-07-13T19:17:07.954,51.9
2026-07-13T19:17:08.357,51.7
2026-07-13T19:17:08.760,51.6
2026-07-13T19:17:09.163,51.3
2026-07-13T19:17:09.566,51.6
2026-07-13T19:17:09.969,51.5
2026-07-13T19:17:10.372,51.3
2026-07-13T19:17:10.775,50.9
2026-07-13T19:17:11.178,50.8
2026-07-13T19:17:11.581,50.3
2026-07-13T19:17:11.984,49.8
2026-07-13T19:17:12.387,48.9
2026-07-13T19:17:12.790,48.1
2026-07-13T19:17:13.193,47.7
2026-07-13T19:17:13.596,47.0
2026-07-13T19:17:13.999,46.7
2026-07-13T19:17:14.401,46.4
2026-07-13T19:17:14.804,46.2
2026-07-13T19:17:15.207,46.1
2026-07-13T19:17:15.610,45.4
2026-07-13T19:17:16.013,45.5
2026-07-13T19:17:16.416,45.1
2026-07-13T19:17:16.819,45.3
2026-07-13T19:17:17.222,45.3
2026-07-13T19:17:17.625,44.9
2026-07-13T19:17:18.028,44.9
2026-07-13T19:17:18.431,44.8
2026-07-13T19:17:18.834,44.6
2026-07-13T19:17:19.237,44.2
2026-07-13T19:17:19.640,44.3
2026-07-13T19:17:20.043,44.8
2026-07-13T19:17:20.446,46.0
2026-07-13T19:17:20.849,45.5
2026-07-13T19:17:21.252,45.0
2026-07-13T19:17:21.655,44.7
2026-07-13T19:17:22.058,43.9
2026-07-13T19:17:22.461,43.4
2026-07-13T19:17:22.864,43.7
2026-07-13T19:17:23.267,43.4
2026-07-13T19:17:23.670,43.0
2026-07-13T19:17:24.073,43.3
2026-07-13T19:17:24.476,42.9
2026-07-13T19:17:24.879,42.7
2026-07-13T19:17:25.282,42.6
2026-07-13T19:17:25.685,43.0
2026-07-13T19:17:26.088,43.7
2026-07-13T19:17:26.491,43.7
2026-07-13T19:17:26.894,43.6
2026-07-13T19:17:27.297,43.4
2026-07-13T19:17:27.700,43.0
2026-07-13T19:17:28.103,42.5
2026-07-13T19:17:28.506,42.7
2026-07-13T19:17:28.909,42.6
2026-07-13T19:17:29.312,42.5
2026-07-13T19:17:29.715,42.4
2026-07-13T19:17:30.118,42.4
2026-07-13T19:17:30.521,43.0
2026-07-13T19:17:30.924,43.5
2026-07-13T19:17:31.327,43.3
2026-07-13T19:17:31.730,43.1
2026-07-13T19:17:32.133,44.5
2026-07-13T19:17:32.536,44.2
2026-07-13T19:17:32.938,45.5
2026-07-13T19:17:33.341,45.4
2026-07-13T19:17:33.744,44.6
2026-07-13T19:17:34.147,44.2
2026-07-13T19:17:34.550,43.9
2026-07-13T19:17:34.953,42.9
2026-07-13T19:17:35.356,43.3
2026-07-13T19:17:35.759,44.4
2026-07-13T19:17:36.162,46.8
2026-07-13T19:17:36.565,46.2
2026-07-13T19:17:36.968,45.7
2026-07-13T19:17:37.371,49.7
2026-07-13T19:17:37.774,48.2
2026-07-13T19:17:38.177,46.8
2026-07-13T19:17:38.580,45.8
2026-07-13T19:17:38.983,44.0
2026-07-13T19:17:39.386,43.0
2026-07-13T19:17:39.789,42.8
2026-07-13T19:17:40.192,42.4
2026-07-13T19:17:40.595,43.1
2026-07-13T19:17:40.998,43.5
2026-07-13T19:17:41.401,43.2
2026-07-13T19:17:41.804,44.2
2026-07-13T19:17:42.207,44.6
2026-07-13T19:17:42.610,44.1
2026-07-13T19:17:43.013,43.5
2026-07-13T19:17:43.416,45.4
2026-07-13T19:17:43.819,45.0
2026-07-13T19:17:44.222,44.4
2026-07-13T19:17:44.624,44.2
2026-07-13T19:17:45.027,43.5
2026-07-13T19:17:45.430,45.6
2026-07-13T19:17:45.833,45.0
2026-07-13T19:17:46.236,44.6
2026-07-13T19:17:46.639,44.3
2026-07-13T19:17:47.042,44.8
2026-07-13T19:17:47.445,44.8
2026-07-13T19:17:47.848,44.2
2026-07-13T19:17:48.251,44.0
2026-07-13T19:17:48.654,43.8
2026-07-13T19:17:49.057,42.6
2026-07-13T19:17:49.460,43.2
2026-07-13T19:17:49.863,44.6
2026-07-13T19:17:50.266,45.4
2026-07-13T19:17:50.669,44.8
2026-07-13T19:17:51.072,44.1
2026-07-13T19:17:51.475,43.7
2026-07-13T19:17:51.878,42.4
2026-07-13T19:17:52.281,42.5
2026-07-13T19:17:52.684,42.3
2026-07-13T19:17:53.087,43.3
2026-07-13T19:17:53.490,43.1
2026-07-13T19:17:53.893,48.1
2026-07-13T19:17:54.296,47.8
2026-07-13T19:17:54.699,46.8
2026-07-13T19:17:55.102,46.0
2026-07-13T19:17:55.505,42.7
2026-07-13T19:17:55.908,43.6
2026-07-13T19:17:56.311,43.5
2026-07-13T19:17:56.714,43.0
2026-07-13T19:17:57.116,43.9
2026-07-13T19:17:57.519,43.7
2026-07-13T19:17:57.922,43.5
2026-07-13T19:17:58.325,46.0
2026-07-13T19:17:58.728,45.5
2026-07-13T19:17:59.131,44.8
2026-07-13T19:17:59.534,44.3
2026-07-13T19:17:59.937,43.1
2026-07-13T19:18:00.340,43.6
2026-07-13T19:18:00.743,43.3
2026-07-13T19:18:01.146,44.9
2026-07-13T19:18:01.549,46.5
2026-07-13T19:18:01.952,47.7
2026-07-13T19:18:02.355,50.1
2026-07-13T19:18:02.758,53.0
2026-07-13T19:18:03.161,52.4
2026-07-13T19:18:03.564,51.9
2026-07-13T19:18:03.967,52.1
2026-07-13T19:18:04.370,52.3
2026-07-13T19:18:04.773,52.8
2026-07-13T19:18:05.176,52.9
2026-07-13T19:18:05.579,53.1
2026-07-13T19:18:05.982,53.2
2026-07-13T19:18:06.385,53.2
2026-07-13T19:18:06.788,53.4
2026-07-13T19:18:07.191,54.8
2026-07-13T19:18:07.594,59.2
2026-07-13T19:18:07.997,57.8
2026-07-13T19:18:08.399,56.8
2026-07-13T19:18:08.802,56.2
2026-07-13T19:18:09.205,53.5
2026-07-13T19:18:09.608,53.5
2026-07-13T19:18:10.011,53.5
2026-07-13T19:18:10.414,53.8
2026-07-13T19:18:10.817,54.1
2026-07-13T19:18:11.220,53.9
2026-07-13T19:18:11.623,54.2
2026-07-13T19:18:12.026,54.1
2026-07-13T19:18:12.429,54.0
2026-07-13T19:18:12.832,53.9
2026-07-13T19:18:13.235,53.7
2026-07-13T19:18:13.638,53.7
2026-07-13T19:18:14.041,53.5
2026-07-13T19:18:14.444,53.5
2026-07-13T19:18:14.847,53.5
2026-07-13T19:18:15.250,53.4
2026-07-13T19:18:15.653,53.4
2026-07-13T19:18:16.056,53.7
2026-07-13T19:18:16.459,53.6
2026-07-13T19:18:16.862,53.3
2026-07-13T19:18:17.265,52.9
2026-07-13T19:18:17.668,52.8
2026-07-13T19:18:18.071,54.1
2026-07-13T19:18:18.474,53.7
2026-07-13T19:18:18.877,53.4
2026-07-13T19:18:19.280,52.9
2026-07-13T19:18:19.683,52.3
2026-07-13T19:18:20.085,52.2
2026-07-13T19:18:20.488,51.8
2026-07-13T19:18:20.891,51.8
2026-07-13T19:18:21.294,51.5
2026-07-13T19:18:21.697,51.2
2026-07-13T19:18:22.100,51.1
2026-07-13T19:18:22.503,51.1
2026-07-13T19:18:22.906,57.5
2026-07-13T19:18:23.309,57.3
2026-07-13T19:18:23.712,60.3
2026-07-13T19:18:24.115,58.7
2026-07-13T19:18:24.518,56.6
2026-07-13T19:18:24.921,55.3
2026-07-13T19:18:25.324,51.6
2026-07-13T19:18:25.727,51.2
2026-07-13T19:18:26.130,48.5
2026-07-13T19:18:26.533,50.5
2026-07-13T19:18:26.936,52.7
2026-07-13T19:18:27.339,55.7
2026-07-13T19:18:27.742,56.9
2026-07-13T19:18:28.145,59.4
2026-07-13T19:18:28.548,58.4
2026-07-13T19:18:28.951,56.0
2026-07-13T19:18:29.354,54.2
2026-07-13T19:18:29.757,49.3
2026-07-13T19:18:30.160,51.0
2026-07-13T19:18:30.563,49.4
2026-07-13T19:18:30.966,48.3
2026-07-13T19:18:31.369,49.0
2026-07-13T19:18:31.772,50.1
2026-07-13T19:18:32.175,48.8
2026-07-13T19:18:32.578,50.2
2026-07-13T19:18:32.981,55.4
2026-07-13T19:18:33.384,53.6
2026-07-13T19:18:33.787,51.5
2026-07-13T19:18:34.190,52.7
2026-07-13T19:18:34.593,52.0
2026-07-13T19:18:34.996,50.6
2026-07-13T19:18:35.399,49.1
2026-07-13T19:18:35.802,50.2
2026-07-13T19:18:36.205,49.6
2026-07-13T19:18:36.608,47.8
2026-07-13T19:18:37.011,46.8
2026-07-13T19:18:37.414,46.4
2026-07-13T19:18:37.817,55.4
2026-07-13T19:18:38.220,55.0
2026-07-13T19:18:38.623,54.0
2026-07-13T19:18:39.026,53.0
2026-07-13T19:18:39.429,48.3
2026-07-13T19:18:39.832,43.8
2026-07-13T19:18:40.235,46.0
2026-07-13T19:18:40.638,45.7
2026-07-13T19:18:41.041,45.1
2026-07-13T19:18:41.444,44.5
2026-07-13T19:18:41.847,42.7
2026-07-13T19:18:42.250,42.9
2026-07-13T19:18:42.653,50.6
2026-07-13T19:18:43.056,49.7
2026-07-13T19:18:43.459,48.2
2026-07-13T19:18:43.862,46.9
2026-07-13T19:18:44.265,42.4
2026-07-13T19:18:44.668,42.1
2026-07-13T19:18:45.071,42.4
2026-07-13T19:18:45.474,42.1
2026-07-13T19:18:45.877,42.7
2026-07-13T19:18:46.280,42.4
2026-07-13T19:18:46.683,42.3
2026-07-13T19:18:47.086,42.5
2026-07-13T19:18:47.489,42.2
2026-07-13T19:18:47.892,42.5
2026-07-13T19:18:48.295,42.2
2026-07-13T19:18:48.698,42.2
2026-07-13T19:18:49.101,42.1
2026-07-13T19:18:49.504,42.2
2026-07-13T19:18:49.907,42.2
2026-07-13T19:18:50.310,44.0
2026-07-13T19:18:50.713,44.7
2026-07-13T19:18:51.116,51.0
2026-07-13T19:18:51.519,52.2
2026-07-13T19:18:51.922,51.8
2026-07-13T19:18:52.325,50.4
2026-07-13T19:18:52.728,50.0
2026-07-13T19:18:53.131,45.5
2026-07-13T19:18:53.534,44.7
2026-07-13T19:18:53.937,56.2
2026-07-13T19:18:54.340,55.6
2026-07-13T19:18:54.743,55.0
2026-07-13T19:18:55.146,53.7
2026-07-13T19:18:55.549,44.9
2026-07-13T19:18:55.952,42.8
2026-07-13T19:18:56.355,42.5
2026-07-13T19:18:56.758,42.7
2026-07-13T19:18:57.161,42.5
2026-07-13T19:18:57.564,42.1
2026-07-13T19:18:57.967,41.8
2026-07-13T19:18:58.370,42.2
2026-07-13T19:18:58.772,42.7
2026-07-13T19:18:59.175,43.8
2026-07-13T19:18:59.578,43.4
2026-07-13T19:18:59.981,43.2
2026-07-13T19:19:00.384,43.0
2026-07-13T19:19:00.787,42.4
2026-07-13T19:19:01.190,42.1
2026-07-13T19:19:01.593,42.4
2026-07-13T19:19:01.996,42.8
2026-07-13T19:19:02.399,42.4
2026-07-13T19:19:02.802,43.0
2026-07-13T19:19:03.205,42.9
2026-07-13T19:19:03.608,43.8
2026-07-13T19:19:04.011,43.7
2026-07-13T19:19:04.414,43.4
2026-07-13T19:19:04.817,43.2
2026-07-13T19:19:05.220,50.9
2026-07-13T19:19:05.623,50.3
2026-07-13T19:19:06.026,50.4
2026-07-13T19:19:06.429,48.9
2026-07-13T19:19:06.832,47.5
2026-07-13T19:19:07.235,46.3
2026-07-13T19:19:07.638,51.0
2026-07-13T19:19:08.041,49.2
2026-07-13T19:19:08.444,50.2
2026-07-13T19:19:08.847,48.5
2026-07-13T19:19:09.250,47.4
2026-07-13T19:19:09.653,50.6
2026-07-13T19:19:10.056,49.0
2026-07-13T19:19:10.458,47.5
2026-07-13T19:19:10.861,46.8
2026-07-13T19:19:11.264,45.2
2026-07-13T19:19:11.667,42.3
2026-07-13T19:19:12.070,42.0
2026-07-13T19:19:12.473,42.0
2026-07-13T19:19:12.876,52.0
2026-07-13T19:19:13.279,51.0
2026-07-13T19:19:13.682,50.6
2026-07-13T19:19:14.085,49.1
2026-07-13T19:19:14.488,42.6
2026-07-13T19:19:14.891,43.3
2026-07-13T19:19:15.294,53.9
2026-07-13T19:19:15.697,51.7
2026-07-13T19:19:16.100,49.8
2026-07-13T19:19:16.503,48.4
2026-07-13T19:19:16.906,43.1
2026-07-13T19:19:17.309,42.4
2026-07-13T19:19:17.712,43.2
2026-07-13T19:19:18.115,43.5
2026-07-13T19:19:18.518,45.3
2026-07-13T19:19:18.921,46.8
2026-07-13T19:19:19.324,47.8
2026-07-13T19:19:19.727,50.3
2026-07-13T19:19:20.130,50.0
2026-07-13T19:19:20.533,50.8
2026-07-13T19:19:20.936,51.6
2026-07-13T19:19:21.339,52.5
2026-07-13T19:19:21.742,52.4
2026-07-13T19:19:22.144,53.2
2026-07-13T19:19:22.548,53.1
2026-07-13T19:19:22.950,53.1
2026-07-13T19:19:23.353,53.1
2026-07-13T19:19:23.756,54.7
2026-07-13T19:19:24.159,54.5
2026-07-13T19:19:24.562,54.2
2026-07-13T19:19:24.965,53.9
2026-07-13T19:19:25.368,53.5
2026-07-13T19:19:25.771,53.5
2026-07-13T19:19:26.174,54.7
2026-07-13T19:19:26.577,54.8
2026-07-13T19:19:26.980,54.5
2026-07-13T19:19:27.383,54.1
2026-07-13T19:19:27.786,56.6
2026-07-13T19:19:28.189,55.7
2026-07-13T19:19:28.592,55.7
2026-07-13T19:19:28.995,55.0
2026-07-13T19:19:29.398,54.6
2026-07-13T19:19:29.801,54.2
2026-07-13T19:19:30.204,53.7
2026-07-13T19:19:30.607,53.8
2026-07-13T19:19:31.010,54.3
2026-07-13T19:19:31.413,54.1
2026-07-13T19:19:31.816,53.9
2026-07-13T19:19:32.219,53.7
2026-07-13T19:19:32.622,53.3
2026-07-13T19:19:33.025,55.8
2026-07-13T19:19:33.428,56.1
2026-07-13T19:19:33.831,55.3
2026-07-13T19:19:34.233,54.8
2026-07-13T19:19:34.636,54.1
2026-07-13T19:19:35.039,52.4
2026-07-13T19:19:35.442,52.1
2026-07-13T19:19:35.845,52.3
2026-07-13T19:19:36.248,52.0
2026-07-13T19:19:36.651,52.2
2026-07-13T19:19:37.054,51.7
2026-07-13T19:19:37.457,51.3
2026-07-13T19:19:37.860,51.2
2026-07-13T19:19:38.263,50.8
2026-07-13T19:19:38.666,50.6
2026-07-13T19:19:39.069,50.4
2026-07-13T19:19:39.472,50.5
2026-07-13T19:19:39.875,50.7
2026-07-13T19:19:40.278,51.6
2026-07-13T19:19:40.681,51.0
2026-07-13T19:19:41.084,50.6
2026-07-13T19:19:41.487,50.0
2026-07-13T19:19:41.890,48.6
2026-07-13T19:19:42.293,50.1
2026-07-13T19:19:42.696,50.0
2026-07-13T19:19:43.099,49.8
2026-07-13T19:19:43.502,59.5
2026-07-13T19:19:43.905,58.8
2026-07-13T19:19:44.308,56.6
2026-07-13T19:19:44.711,54.8
2026-07-13T19:19:45.114,57.2
2026-07-13T19:19:45.517,57.2
2026-07-13T19:19:45.920,56.6
2026-07-13T19:19:46.323,55.5
2026-07-13T19:19:46.726,54.5
2026-07-13T19:19:47.129,45.6
2026-07-13T19:19:47.532,46.0
2026-07-13T19:19:47.935,50.0
2026-07-13T19:19:48.338,51.0
2026-07-13T19:19:48.741,50.7
2026-07-13T19:19:49.144,50.3
2026-07-13T19:19:49.547,52.4
2026-07-13T19:19:49.950,51.7
2026-07-13T19:19:50.353,49.9
2026-07-13T19:19:50.756,51.0
2026-07-13T19:19:51.159,50.5
2026-07-13T19:19:51.562,50.2
2026-07-13T19:19:51.965,49.8
2026-07-13T19:19:52.367,46.1
2026-07-13T19:19:52.770,44.6
2026-07-13T19:19:53.173,43.4
2026-07-13T19:19:53.576,45.3
2026-07-13T19:19:53.979,50.2
2026-07-13T19:19:54.382,50.0
2026-07-13T19:19:54.785,49.5
2026-07-13T19:19:55.188,48.1
2026-07-13T19:19:55.591,43.6
2026-07-13T19:19:55.994,47.4
2026-07-13T19:19:56.397,46.3
2026-07-13T19:19:56.800,45.4
2026-07-13T19:19:57.203,45.0
2026-07-13T19:19:57.606,44.8
2026-07-13T19:19:58.009,48.0
2026-07-13T19:19:58.412,46.8
2026-07-13T19:19:58.815,45.8
2026-07-13T19:19:59.218,45.3
2026-07-13T19:19:59.621,44.7
2026-07-13T19:20:00.024,43.3
2026-07-13T19:20:00.427,44.0
2026-07-13T19:20:00.830,43.9
2026-07-13T19:20:01.233,44.7
2026-07-13T19:20:01.636,44.2
2026-07-13T19:20:02.039,43.9
2026-07-13T19:20:02.442,43.7
2026-07-13T19:20:02.845,42.9
2026-07-13T19:20:03.248,43.2
2026-07-13T19:20:03.651,45.1
2026-07-13T19:20:04.054,44.6
2026-07-13T19:20:04.457,44.2
2026-07-13T19:20:04.859,43.9
2026-07-13T19:20:05.262,44.3
2026-07-13T19:20:05.665,44.6
2026-07-13T19:20:06.068,44.3
2026-07-13T19:20:06.471,43.6
2026-07-13T19:20:06.874,43.7
2026-07-13T19:20:07.277,43.3
2026-07-13T19:20:07.680,43.5
2026-07-13T19:20:08.083,43.3
2026-07-13T19:20:08.486,46.0
2026-07-13T19:20:08.889,45.0
2026-07-13T19:20:09.292,44.1
2026-07-13T19:20:09.695,43.6
2026-07-13T19:20:10.098,42.1
2026-07-13T19:20:10.501,43.7
2026-07-13T19:20:10.904,43.3
2026-07-13T19:20:11.307,42.9
2026-07-13T19:20:11.710,42.7
2026-07-13T19:20:12.113,45.7
2026-07-13T19:20:12.516,45.2
2026-07-13T19:20:12.919,44.4
2026-07-13T19:20:13.322,44.2
2026-07-13T19:20:13.725,42.4
2026-07-13T19:20:14.128,44.7
2026-07-13T19:20:14.531,48.8
2026-07-13T19:20:14.934,51.3
2026-07-13T19:20:15.337,51.0
2026-07-13T19:20:15.740,50.7
2026-07-13T19:20:16.143,49.7
2026-07-13T19:20:16.546,42.7
2026-07-13T19:20:16.949,43.4
2026-07-13T19:20:17.352,44.7
2026-07-13T19:20:17.755,45.5
2026-07-13T19:20:18.157,44.7
2026-07-13T19:20:18.560,44.2
2026-07-13T19:20:18.963,43.7
2026-07-13T19:20:19.366,43.1
2026-07-13T19:20:19.769,43.4
2026-07-13T19:20:20.172,43.2
2026-07-13T19:20:20.575,42.8
2026-07-13T19:20:20.978,42.4
2026-07-13T19:20:21.381,42.7
2026-07-13T19:20:21.784,42.6
2026-07-13T19:20:22.187,42.7
2026-07-13T19:20:22.590,42.5
2026-07-13T19:20:22.993,42.4
2026-07-13T19:20:23.396,42.6
2026-07-13T19:20:23.799,42.4
2026-07-13T19:20:24.202,42.2
2026-07-13T19:20:24.605,42.7
2026-07-13T19:20:25.008,48.8
2026-07-13T19:20:25.411,47.8
2026-07-13T19:20:25.814,47.2
2026-07-13T19:20:26.217,46.6
2026-07-13T19:20:26.620,42.2
2026-07-13T19:20:27.023,44.7
2026-07-13T19:20:27.426,47.4
2026-07-13T19:20:27.829,46.8
2026-07-13T19:20:28.232,48.1
2026-07-13T19:20:28.635,47.9
2026-07-13T19:20:29.038,46.9
2026-07-13T19:20:29.441,49.5
2026-07-13T19:20:29.844,48.2
2026-07-13T19:20:30.247,47.3
2026-07-13T19:20:30.650,46.5
2026-07-13T19:20:31.053,44.5
2026-07-13T19:20:31.455,43.0
2026-07-13T19:20:31.858,43.6
2026-07-13T19:20:32.261,43.0
2026-07-13T19:20:32.664,42.8
2026-07-13T19:20:33.067,42.6
2026-07-13T19:20:33.470,42.6
2026-07-13T19:20:33.873,45.8
2026-07-13T19:20:34.276,45.1
2026-07-13T19:20:34.679,44.4
2026-07-13T19:20:35.082,43.9
2026-07-13T19:20:35.485,42.1
2026-07-13T19:20:35.888,47.2
2026-07-13T19:20:36.292,53.3
2026-07-13T19:20:36.694,51.0
2026-07-13T19:20:37.097,49.6
2026-07-13T19:20:37.500,52.3
2026-07-13T19:20:37.903,60.3
2026-07-13T19:20:38.306,58.6
2026-07-13T19:20:38.709,56.9
2026-07-13T19:20:39.112,55.2
2026-07-13T19:20:39.515,52.2
2026-07-13T19:20:39.918,50.9
2026-07-13T19:20:40.321,52.2
2026-07-13T19:20:40.724,50.3
2026-07-13T19:20:41.127,48.6
2026-07-13T19:20:41.530,47.8
2026-07-13T19:20:41.933,45.2
2026-07-13T19:20:42.336,42.2
2026-07-13T19:20:42.739,42.7
2026-07-13T19:20:43.142,44.8
2026-07-13T19:20:43.545,44.2
2026-07-13T19:20:43.948,43.8
2026-07-13T19:20:44.350,43.4
2026-07-13T19:20:44.753,43.0
2026-07-13T19:20:45.156,42.9
2026-07-13T19:20:45.559,42.3
2026-07-13T19:20:45.962,42.1
2026-07-13T19:20:46.365,42.4
2026-07-13T19:20:46.768,42.5
2026-07-13T19:20:47.171,42.4
2026-07-13T19:20:47.574,42.5
2026-07-13T19:20:47.977,42.6
2026-07-13T19:20:48.380,42.5
2026-07-13T19:20:48.783,50.1
2026-07-13T19:20:49.186,48.7
2026-07-13T19:20:49.589,51.3
2026-07-13T19:20:49.992,50.8
2026-07-13T19:20:50.395,49.0
2026-07-13T19:20:50.798,47.7
2026-07-13T19:20:51.201,42.9
2026-07-13T19:20:51.604,42.9
2026-07-13T19:20:52.007,45.1
2026-07-13T19:20:52.410,45.9
2026-07-13T19:20:52.813,45.2
2026-07-13T19:20:53.216,53.1
2026-07-13T19:20:53.619,54.0
2026-07-13T19:20:54.022,53.8
2026-07-13T19:20:54.425,53.3
2026-07-13T19:20:54.828,61.8
2026-07-13T19:20:55.231,60.5
2026-07-13T19:20:55.634,59.1
2026-07-13T19:20:56.037,56.3
2026-07-13T19:20:56.440,42.5
2026-07-13T19:20:56.843,42.4
2026-07-13T19:20:57.246,42.4
2026-07-13T19:20:57.649,59.8
2026-07-13T19:20:58.052,61.9
2026-07-13T19:20:58.455,59.9
2026-07-13T19:20:58.858,57.8
2026-07-13T19:20:59.261,56.3
2026-07-13T19:20:59.664,50.4
2026-07-13T19:21:00.067,56.2
2026-07-13T19:21:00.470,54.9
2026-07-13T19:21:00.873,56.2
2026-07-13T19:21:01.276,57.6
2026-07-13T19:21:01.679,57.2
2026-07-13T19:21:02.082,59.9
2026-07-13T19:21:02.485,57.7
2026-07-13T19:21:02.888,56.2
2026-07-13T19:21:03.291,55.5
2026-07-13T19:21:03.694,46.7
2026-07-13T19:21:04.097,50.1
2026-07-13T19:21:04.500,60.5
2026-07-13T19:21:04.903,63.1
2026-07-13T19:21:05.306,62.1
2026-07-13T19:21:05.709,60.9
2026-07-13T19:21:06.112,59.2
2026-07-13T19:21:06.515,55.6
2026-07-13T19:21:06.918,55.1
2026-07-13T19:21:07.321,55.5
2026-07-13T19:21:07.724,55.2
2026-07-13T19:21:08.127,54.7
2026-07-13T19:21:08.530,54.4
2026-07-13T19:21:08.933,54.4
2026-07-13T19:21:09.336,55.1
2026-07-13T19:21:09.739,54.9
2026-07-13T19:21:10.142,54.5
2026-07-13T19:21:10.545,54.2
2026-07-13T19:21:10.948,53.5
2026-07-13T19:21:11.351,53.6
2026-07-13T19:21:11.754,61.1
2026-07-13T19:21:12.157,60.5
2026-07-13T19:21:12.560,60.4
2026-07-13T19:21:12.963,59.6
2026-07-13T19:21:13.366,60.7
2026-07-13T19:21:13.769,59.4
2026-07-13T19:21:14.172,58.4
2026-07-13T19:21:14.575,57.5
2026-07-13T19:21:14.978,58.4
2026-07-13T19:21:15.380,57.9
2026-07-13T19:21:15.783,57.0
2026-07-13T19:21:16.186,60.1
2026-07-13T19:21:16.589,58.6
2026-07-13T19:21:16.992,57.3
2026-07-13T19:21:17.395,56.8
2026-07-13T19:21:17.798,53.8
2026-07-13T19:21:18.201,53.0
2026-07-13T19:21:18.604,52.6
2026-07-13T19:21:19.007,52.0
2026-07-13T19:21:19.410,57.0
2026-07-13T19:21:19.813,62.8
2026-07-13T19:21:20.216,62.2
2026-07-13T19:21:20.619,60.9
2026-07-13T19:21:21.022,60.4
2026-07-13T19:21:21.425,61.1
2026-07-13T19:21:21.828,60.5
2026-07-13T19:21:22.231,58.5
2026-07-13T19:21:22.634,56.6
2026-07-13T19:21:23.037,50.3
2026-07-13T19:21:23.440,50.2
2026-07-13T19:21:23.843,50.1
2026-07-13T19:21:24.246,60.4
2026-07-13T19:21:24.649,60.2
2026-07-13T19:21:25.052,61.8
2026-07-13T19:21:25.455,60.3
2026-07-13T19:21:25.858,59.4
2026-07-13T19:21:26.260,58.9
2026-07-13T19:21:26.663,53.4
2026-07-13T19:21:27.066,50.6
2026-07-13T19:21:27.469,46.5
2026-07-13T19:21:27.872,45.6
2026-07-13T19:21:28.275,52.1
2026-07-13T19:21:28.678,60.1
2026-07-13T19:21:29.081,57.4
2026-07-13T19:21:29.484,62.9
2026-07-13T19:21:29.887,61.9
2026-07-13T19:21:30.290,60.9
2026-07-13T19:21:30.693,60.4
2026-07-13T19:21:31.096,58.1
2026-07-13T19:21:31.499,52.1
2026-07-13T19:21:31.902,48.9
2026-07-13T19:21:32.305,44.3
2026-07-13T19:21:32.708,44.8
2026-07-13T19:21:33.111,47.0
2026-07-13T19:21:33.514,50.4
2026-07-13T19:21:33.917,48.9
2026-07-13T19:21:34.320,48.4
2026-07-13T19:21:34.723,47.2
2026-07-13T19:21:35.126,44.5
2026-07-13T19:21:35.529,44.2
2026-07-13T19:21:35.932,44.3
2026-07-13T19:21:36.335,45.9
2026-07-13T19:21:36.738,45.2
2026-07-13T19:21:37.140,44.4
2026-07-13T19:21:37.544,49.0
2026-07-13T19:21:37.946,48.2
2026-07-13T19:21:38.349,47.0
2026-07-13T19:21:38.752,46.5
2026-07-13T19:21:39.155,43.0
2026-07-13T19:21:39.558,43.5
2026-07-13T19:21:39.961,43.5
2026-07-13T19:21:40.364,43.3
2026-07-13T19:21:40.767,43.4
2026-07-13T19:21:41.170,44.3
2026-07-13T19:21:41.573,44.0
2026-07-13T19:21:41.976,43.7
2026-07-13T19:21:42.379,43.5
2026-07-13T19:21:42.782,43.7
2026-07-13T19:21:43.185,43.5
2026-07-13T19:21:43.588,43.6
2026-07-13T19:21:43.991,43.5
2026-07-13T19:21:44.394,43.5
2026-07-13T19:21:44.797,43.5
2026-07-13T19:21:45.200,43.3
2026-07-13T19:21:45.603,44.4
2026-07-13T19:21:46.006,44.2
2026-07-13T19:21:46.409,43.8
2026-07-13T19:21:46.812,44.6
2026-07-13T19:21:47.215,50.2
2026-07-13T19:21:47.618,50.3
2026-07-13T19:21:48.020,49.6
2026-07-13T19:21:48.423,50.1
2026-07-13T19:21:48.826,51.1
2026-07-13T19:21:49.229,50.9
2026-07-13T19:21:49.632,50.7
2026-07-13T19:21:50.035,51.1
2026-07-13T19:21:50.438,51.5
2026-07-13T19:21:50.841,51.7
2026-07-13T19:21:51.244,52.6
2026-07-13T19:21:51.647,52.6
2026-07-13T19:21:52.050,53.1
2026-07-13T19:21:52.453,53.1
2026-07-13T19:21:52.856,53.7
2026-07-13T19:21:53.259,53.7
2026-07-13T19:21:53.662,53.8
2026-07-13T19:21:54.065,54.0
2026-07-13T19:21:54.468,53.9
2026-07-13T19:21:54.871,53.9
2026-07-13T19:21:55.274,56.4
2026-07-13T19:21:55.677,56.1
2026-07-13T19:21:56.080,55.6
2026-07-13T19:21:56.483,55.2
2026-07-13T19:21:56.886,54.1
2026-07-13T19:21:57.289,54.9
2026-07-13T19:21:57.692,54.7
2026-07-13T19:21:58.095,54.2
2026-07-13T19:21:58.498,57.8
2026-07-13T19:21:58.901,59.2
2026-07-13T19:21:59.304,60.8
2026-07-13T19:21:59.707,60.0
2026-07-13T19:22:00.109,58.5
2026-07-13T19:22:00.513,57.2
2026-07-13T19:22:00.915,53.8
2026-07-13T19:22:01.318,55.8
2026-07-13T19:22:01.721,55.5
2026-07-13T19:22:02.124,54.9
2026-07-13T19:22:02.527,54.3
2026-07-13T19:22:02.930,52.9
2026-07-13T19:22:03.333,53.0
2026-07-13T19:22:03.736,53.3
2026-07-13T19:22:04.139,53.1
2026-07-13T19:22:04.542,53.8
2026-07-13T19:22:04.945,53.3
2026-07-13T19:22:05.348,53.5
2026-07-13T19:22:05.751,53.1
2026-07-13T19:22:06.154,52.8
2026-07-13T19:22:06.557,52.3
2026-07-13T19:22:06.960,51.1
2026-07-13T19:22:07.363,50.9
2026-07-13T19:22:07.766,50.7
2026-07-13T19:22:08.169,50.3
2026-07-13T19:22:08.572,50.1
2026-07-13T19:22:08.975,50.2
2026-07-13T19:22:09.378,50.0
2026-07-13T19:22:09.781,49.6
2026-07-13T19:22:10.184,49.2
2026-07-13T19:22:10.587,47.4
2026-07-13T19:22:10.990,47.6
2026-07-13T19:22:11.393,47.4
2026-07-13T19:22:11.796,47.2
2026-07-13T19:22:12.199,46.8
2026-07-13T19:22:12.602,45.1
2026-07-13T19:22:13.005,44.9
2026-07-13T19:22:13.408,44.9
2026-07-13T19:22:13.811,44.6
2026-07-13T19:22:14.214,44.5
2026-07-13T19:22:14.617,44.7
2026-07-13T19:22:15.020,44.6
2026-07-13T19:22:15.423,44.5
2026-07-13T19:22:15.826,45.9
2026-07-13T19:22:16.229,45.5
2026-07-13T19:22:16.632,45.2
2026-07-13T19:22:17.035,44.9
2026-07-13T19:22:17.438,44.2
2026-07-13T19:22:17.841,44.3
2026-07-13T19:22:18.244,44.3
2026-07-13T19:22:18.647,44.6
2026-07-13T19:22:19.050,44.7
2026-07-13T19:22:19.453,44.6
2026-07-13T19:22:19.856,45.2
2026-07-13T19:22:20.259,44.9
2026-07-13T19:22:20.662,44.5
2026-07-13T19:22:21.065,44.3
2026-07-13T19:22:21.468,43.9
2026-07-13T19:22:21.871,43.6
2026-07-13T19:22:22.274,44.5
2026-07-13T19:22:22.677,48.8
2026-07-13T19:22:23.080,47.9
2026-07-13T19:22:23.483,46.8
2026-07-13T19:22:23.886,45.7
2026-07-13T19:22:24.289,42.0
2026-07-13T19:22:24.692,42.1
2026-07-13T19:22:25.095,42.4
2026-07-13T19:22:25.498,43.0
2026-07-13T19:22:25.901,42.6
2026-07-13T19:22:26.304,42.3
2026-07-13T19:22:26.707,42.0
2026-07-13T19:22:27.110,42.4
2026-07-13T19:22:27.513,42.3
2026-07-13T19:22:27.916,42.3
2026-07-13T19:22:28.319,42.2
2026-07-13T19:22:28.722,42.1
2026-07-13T19:22:29.125,42.2
2026-07-13T19:22:29.528,42.0
2026-07-13T19:22:29.931,42.4
2026-07-13T19:22:30.334,42.1
2026-07-13T19:22:30.737,50.3
2026-07-13T19:22:31.140,51.0
2026-07-13T19:22:31.543,50.6
2026-07-13T19:22:31.946,48.8
2026-07-13T19:22:32.349,48.2
2026-07-13T19:22:32.752,50.7
2026-07-13T19:22:33.155,49.3
2026-07-13T19:22:33.558,48.7
2026-07-13T19:22:33.961,47.2
2026-07-13T19:22:34.364,43.6
2026-07-13T19:22:34.767,43.5
2026-07-13T19:22:35.170,44.9
2026-07-13T19:22:35.573,48.1
2026-07-13T19:22:35.976,47.5
2026-07-13T19:22:36.379,46.9
2026-07-13T19:22:36.782,46.8
2026-07-13T19:22:37.185,46.1
2026-07-13T19:22:37.588,50.2
2026-07-13T19:22:37.991,49.4
2026-07-13T19:22:38.394,48.5
2026-07-13T19:22:38.797,47.4
2026-07-13T19:22:39.200,44.7
2026-07-13T19:22:39.603,48.4
2026-07-13T19:22:40.006,47.1
2026-07-13T19:22:40.409,46.1
2026-07-13T19:22:40.812,45.1
2026-07-13T19:22:41.215,42.5
2026-07-13T19:22:41.618,42.1
2026-07-13T19:22:42.021,41.9
2026-07-13T19:22:42.424,42.2
2026-07-13T19:22:42.827,42.2
2026-07-13T19:22:43.230,42.1
2026-07-13T19:22:43.633,42.5
2026-07-13T19:22:44.036,42.4
2026-07-13T19:22:44.439,42.6
2026-07-13T19:22:44.842,42.8
2026-07-13T19:22:45.245,42.5
2026-07-13T19:22:45.648,42.4
2026-07-13T19:22:46.051,42.1
2026-07-13T19:22:46.454,42.1
2026-07-13T19:22:46.857,42.2
2026-07-13T19:22:47.260,42.2
2026-07-13T19:22:47.663,42.2
2026-07-13T19:22:48.066,42.0
2026-07-13T19:22:48.469,41.8
2026-07-13T19:22:48.872,42.0
2026-07-13T19:22:49.275,41.9
2026-07-13T19:22:49.678,42.7
2026-07-13T19:22:50.081,42.4
2026-07-13T19:22:50.484,42.1
2026-07-13T19:22:50.887,42.3
2026-07-13T19:22:51.290,42.7
2026-07-13T19:22:51.692,43.0
2026-07-13T19:22:52.095,42.6
2026-07-13T19:22:52.498,42.5
2026-07-13T19:22:52.901,42.3
2026-07-13T19:22:53.304,42.6
2026-07-13T19:22:53.707,60.9
2026-07-13T19:22:54.110,59.5
2026-07-13T19:22:54.513,60.0
2026-07-13T19:22:54.916,58.6
2026-07-13T19:22:55.319,57.1
2026-07-13T19:22:55.722,55.9
2026-07-13T19:22:56.125,50.2
2026-07-13T19:22:56.528,55.7
2026-07-13T19:22:56.931,54.7
2026-07-13T19:22:57.334,54.1
2026-07-13T19:22:57.737,52.0
2026-07-13T19:22:58.140,47.3
2026-07-13T19:22:58.543,48.0
2026-07-13T19:22:58.946,46.9
2026-07-13T19:22:59.349,50.8
2026-07-13T19:22:59.752,49.6
2026-07-13T19:23:00.155,48.8
2026-07-13T19:23:00.558,47.5
2026-07-13T19:23:00.961,49.4
2026-07-13T19:23:01.364,54.0
2026-07-13T19:23:01.767,53.1
2026-07-13T19:23:02.170,52.6
2026-07-13T19:23:02.572,51.6
2026-07-13T19:23:02.975,48.6
2026-07-13T19:23:03.378,44.6
2026-07-13T19:23:03.781,42.5
2026-07-13T19:23:04.184,45.4
2026-07-13T19:23:04.587,44.9
2026-07-13T19:23:04.990,44.3
2026-07-13T19:23:05.393,44.0
2026-07-13T19:23:05.796,42.4
2026-07-13T19:23:06.199,42.6
2026-07-13T19:23:06.602,43.1
2026-07-13T19:23:07.005,42.9
2026-07-13T19:23:07.408,44.2
2026-07-13T19:23:07.811,43.8
2026-07-13T19:23:08.214,43.6
2026-07-13T19:23:08.617,43.4
2026-07-13T19:23:09.020,62.6
2026-07-13T19:23:09.423,59.7
2026-07-13T19:23:09.826,57.7
2026-07-13T19:23:10.229,57.6
2026-07-13T19:23:10.632,45.4
2026-07-13T19:23:11.035,43.4
2026-07-13T19:23:11.438,48.5
2026-07-13T19:23:11.841,50.3
2026-07-13T19:23:12.244,48.9
2026-07-13T19:23:12.647,47.6
2026-07-13T19:23:13.050,46.2
2026-07-13T19:23:13.453,43.2
2026-07-13T19:23:13.856,52.6
2026-07-13T19:23:14.259,50.5
2026-07-13T19:23:14.662,48.7
2026-07-13T19:23:15.065,47.3
2026-07-13T19:23:15.468,42.6
2026-07-13T19:23:15.871,44.2
2026-07-13T19:23:16.274,43.9
2026-07-13T19:23:16.677,43.7
2026-07-13T19:23:17.080,45.2
2026-07-13T19:23:17.483,44.8
2026-07-13T19:23:17.886,44.9
2026-07-13T19:23:18.289,44.2
2026-07-13T19:23:18.692,43.9
2026-07-13T19:23:19.095,43.8
2026-07-13T19:23:19.498,45.7
2026-07-13T19:23:19.901,45.0
2026-07-13T19:23:20.304,45.7
2026-07-13T19:23:20.707,45.0
2026-07-13T19:23:21.110,44.5
2026-07-13T19:23:21.513,44.4
2026-07-13T19:23:21.916,43.3
2026-07-13T19:23:22.319,43.3
2026-07-13T19:23:22.722,43.7
2026-07-13T19:23:23.125,43.5
2026-07-13T19:23:23.528,43.4
2026-07-13T19:23:23.931,43.5
2026-07-13T19:23:24.334,46.9
2026-07-13T19:23:24.737,46.3
2026-07-13T19:23:25.140,45.6
2026-07-13T19:23:25.543,47.4
2026-07-13T19:23:25.946,46.6
2026-07-13T19:23:26.349,45.9
2026-07-13T19:23:26.752,45.0
2026-07-13T19:23:27.155,42.8
2026-07-13T19:23:27.558,44.8
2026-07-13T19:23:27.961,45.4
2026-07-13T19:23:28.364,44.7
2026-07-13T19:23:28.767,44.0
2026-07-13T19:23:29.170,43.8
2026-07-13T19:23:29.573,43.2
2026-07-13T19:23:29.976,42.3
2026-07-13T19:23:30.379,42.3
2026-07-13T19:23:30.782,42.3
2026-07-13T19:23:31.185,43.6
2026-07-13T19:23:31.588,43.8
2026-07-13T19:23:31.991,43.4
2026-07-13T19:23:32.394,43.2
2026-07-13T19:23:32.797,50.2
2026-07-13T19:23:33.200,48.9
2026-07-13T19:23:33.602,48.2
2026-07-13T19:23:34.005,47.0
2026-07-13T19:23:34.408,43.8
2026-07-13T19:23:34.811,45.1
2026-07-13T19:23:35.214,44.3
2026-07-13T19:23:35.617,44.0
2026-07-13T19:23:36.020,43.5
2026-07-13T19:23:36.423,42.7
2026-07-13T19:23:36.826,43.4
2026-07-13T19:23:37.229,43.6
2026-07-13T19:23:37.632,43.4
2026-07-13T19:23:38.035,43.1
2026-07-13T19:23:38.438,43.0
2026-07-13T19:23:38.841,42.5
2026-07-13T19:23:39.244,42.5
2026-07-13T19:23:39.647,42.5
2026-07-13T19:23:40.050,42.9
2026-07-13T19:23:40.453,42.8
2026-07-13T19:23:40.856,42.5
2026-07-13T19:23:41.259,42.5
2026-07-13T19:23:41.662,42.8
2026-07-13T19:23:42.065,42.9
2026-07-13T19:23:42.468,42.8
2026-07-13T19:23:42.871,43.1
2026-07-13T19:23:43.274,42.7
2026-07-13T19:23:43.677,48.4
2026-07-13T19:23:44.080,47.2
2026-07-13T19:23:44.483,46.2
2026-07-13T19:23:44.886,45.2
2026-07-13T19:23:45.289,43.0
2026-07-13T19:23:45.692,43.5
2026-07-13T19:23:46.095,44.7
2026-07-13T19:23:46.498,46.5
2026-07-13T19:23:46.900,47.8
2026-07-13T19:23:47.304,50.1
2026-07-13T19:23:47.706,50.6
2026-07-13T19:23:48.109,50.9
2026-07-13T19:23:48.512,51.2
2026-07-13T19:23:48.915,52.0
2026-07-13T19:23:49.318,52.2
2026-07-13T19:23:49.721,52.4
2026-07-13T19:23:50.124,52.6
2026-07-13T19:23:50.527,52.8
2026-07-13T19:23:50.930,53.5
2026-07-13T19:23:51.333,58.1
2026-07-13T19:23:51.736,58.0
2026-07-13T19:23:52.139,57.4
2026-07-13T19:23:52.542,56.4
2026-07-13T19:23:52.945,53.2
2026-07-13T19:23:53.348,53.6
2026-07-13T19:23:53.751,53.6
2026-07-13T19:23:54.154,53.4
2026-07-13T19:23:54.557,53.5
2026-07-13T19:23:54.960,53.4
2026-07-13T19:23:55.363,53.2
2026-07-13T19:23:55.766,53.2
2026-07-13T19:23:56.169,53.4
2026-07-13T19:23:56.572,53.3
2026-07-13T19:23:56.975,54.7
2026-07-13T19:23:57.378,55.3
2026-07-13T19:23:57.781,54.7
2026-07-13T19:23:58.184,54.2
2026-07-13T19:23:58.587,54.0
2026-07-13T19:23:58.990,53.0
2026-07-13T19:23:59.392,53.0
2026-07-13T19:23:59.795,54.1
2026-07-13T19:24:00.198,53.7
2026-07-13T19:24:00.601,53.3
2026-07-13T19:24:01.004,53.4
2026-07-13T19:24:01.407,53.1
2026-07-13T19:24:01.810,52.8
2026-07-13T19:24:02.213,52.8
2026-07-13T19:24:02.616,52.8
2026-07-13T19:24:03.019,52.6
2026-07-13T19:24:03.422,52.5
2026-07-13T19:24:03.825,52.3
2026-07-13T19:24:04.228,51.7
2026-07-13T19:24:04.631,52.0
2026-07-13T19:24:05.034,51.5
2026-07-13T19:24:05.437,51.3
2026-07-13T19:24:05.840,51.1
2026-07-13T19:24:06.243,50.2
2026-07-13T19:24:06.646,50.4
2026-07-13T19:24:07.049,50.2
2026-07-13T19:24:07.452,49.9
2026-07-13T19:24:07.855,49.3
2026-07-13T19:24:08.258,48.5
2026-07-13T19:24:08.661,47.7
2026-07-13T19:24:09.063,48.2
2026-07-13T19:24:09.466,48.0
2026-07-13T19:24:09.869,47.5
2026-07-13T19:24:10.272,47.3
2026-07-13T19:24:10.675,46.5
2026-07-13T19:24:11.078,46.2
2026-07-13T19:24:11.481,45.3
2026-07-13T19:24:11.884,45.0
2026-07-13T19:24:12.287,44.8
2026-07-13T19:24:12.690,45.3
2026-07-13T19:24:13.093,44.8
2026-07-13T19:24:13.496,44.8
2026-07-13T19:24:13.899,45.4
2026-07-13T19:24:14.302,45.0
2026-07-13T19:24:14.705,45.5
2026-07-13T19:24:15.108,45.2
2026-07-13T19:24:15.511,44.7
2026-07-13T19:24:15.914,44.4
2026-07-13T19:24:16.317,43.4
2026-07-13T19:24:16.720,43.8
2026-07-13T19:24:17.123,44.1
2026-07-13T19:24:17.526,43.6
2026-07-13T19:24:17.929,43.2
2026-07-13T19:24:18.332,43.3
2026-07-13T19:24:18.735,43.1
2026-07-13T19:24:19.137,42.9
2026-07-13T19:24:19.540,43.2
2026-07-13T19:24:19.943,43.3
2026-07-13T19:24:20.346,43.7
2026-07-13T19:24:20.749,44.0
2026-07-13T19:24:21.152,43.8
2026-07-13T19:24:21.555,43.6
2026-07-13T19:24:21.958,44.8
2026-07-13T19:24:22.361,44.6
2026-07-13T19:24:22.764,44.6
2026-07-13T19:24:23.167,57.7
2026-07-13T19:24:23.570,56.9
2026-07-13T19:24:23.973,56.5
2026-07-13T19:24:24.376,56.3
2026-07-13T19:24:24.779,50.1
2026-07-13T19:24:25.182,43.7
2026-07-13T19:24:25.585,46.9
2026-07-13T19:24:25.988,46.4
2026-07-13T19:24:26.391,52.9
2026-07-13T19:24:26.794,56.8
2026-07-13T19:24:27.197,55.4
2026-07-13T19:24:27.600,54.9
2026-07-13T19:24:28.003,54.5
2026-07-13T19:24:28.406,51.6
2026-07-13T19:24:28.809,47.7
2026-07-13T19:24:29.212,50.2
2026-07-13T19:24:29.615,49.4
2026-07-13T19:24:30.018,55.6
2026-07-13T19:24:30.421,55.1
2026-07-13T19:24:30.824,54.6
2026-07-13T19:24:31.227,53.5
2026-07-13T19:24:31.630,48.6
2026-07-13T19:24:32.033,49.9
2026-07-13T19:24:32.436,50.1
2026-07-13T19:24:32.839,54.8
2026-07-13T19:24:33.242,57.0
2026-07-13T19:24:33.645,58.1
2026-07-13T19:24:34.047,56.7
2026-07-13T19:24:34.450,55.5
2026-07-13T19:24:34.853,54.6
2026-07-13T19:24:35.256,52.9
2026-07-13T19:24:35.659,53.1
2026-07-13T19:24:36.062,52.9
2026-07-13T19:24:36.465,53.1
2026-07-13T19:24:36.868,53.1
2026-07-13T19:24:37.271,53.0
2026-07-13T19:24:37.674,53.2
2026-07-13T19:24:38.077,53.4
2026-07-13T19:24:38.480,53.2
2026-07-13T19:24:38.883,53.1
2026-07-13T19:24:39.286,53.5
2026-07-13T19:24:39.689,53.3
2026-07-13T19:24:40.092,53.2
2026-07-13T19:24:40.495,53.3
2026-07-13T19:24:40.898,53.1
2026-07-13T19:24:41.301,53.4
2026-07-13T19:24:41.704,53.5
2026-07-13T19:24:42.107,53.7
2026-07-13T19:24:42.510,53.4
2026-07-13T19:24:42.913,53.1
2026-07-13T19:24:43.316,53.0
2026-07-13T19:24:43.719,52.9
2026-07-13T19:24:44.122,54.2
2026-07-13T19:24:44.525,53.9
2026-07-13T19:24:44.928,53.7
2026-07-13T19:24:45.331,53.4
2026-07-13T19:24:45.734,52.5
2026-07-13T19:24:46.137,52.2
2026-07-13T19:24:46.539,52.5
2026-07-13T19:24:46.942,52.7
2026-07-13T19:24:47.345,53.7
2026-07-13T19:24:47.748,53.2
2026-07-13T19:24:48.151,52.5
2026-07-13T19:24:48.554,52.2
2026-07-13T19:24:48.957,51.0
2026-07-13T19:24:49.360,53.7
2026-07-13T19:24:49.763,53.1
2026-07-13T19:24:50.166,52.5
2026-07-13T19:24:50.569,51.8
2026-07-13T19:24:50.972,50.0
2026-07-13T19:24:51.375,49.2
2026-07-13T19:24:51.778,49.0
2026-07-13T19:24:52.181,48.6
2026-07-13T19:24:52.584,47.8
2026-07-13T19:24:52.987,48.6
2026-07-13T19:24:53.390,50.5
2026-07-13T19:24:53.793,49.7
2026-07-13T19:24:54.196,48.6
2026-07-13T19:24:54.599,47.8
2026-07-13T19:24:55.002,46.9
2026-07-13T19:24:55.405,44.1
2026-07-13T19:24:55.808,44.1
2026-07-13T19:24:56.211,50.5
2026-07-13T19:24:56.614,52.4
2026-07-13T19:24:57.017,52.1
2026-07-13T19:24:57.420,50.3
2026-07-13T19:24:57.823,49.9
2026-07-13T19:24:58.226,45.5
2026-07-13T19:24:58.629,48.5
2026-07-13T19:24:59.032,50.1
2026-07-13T19:24:59.435,53.8
2026-07-13T19:24:59.838,51.3
2026-07-13T19:25:00.240,49.5
2026-07-13T19:25:00.643,48.3
2026-07-13T19:25:01.046,47.4
2026-07-13T19:25:01.449,45.2
2026-07-13T19:25:01.852,42.7
2026-07-13T19:25:02.255,42.5
2026-07-13T19:25:02.658,42.5
2026-07-13T19:25:03.061,42.5
2026-07-13T19:25:03.464,50.2
2026-07-13T19:25:03.867,48.4
2026-07-13T19:25:04.270,47.0
2026-07-13T19:25:04.673,45.8
2026-07-13T19:25:05.076,42.9
2026-07-13T19:25:05.479,43.0
2026-07-13T19:25:05.882,42.7
2026-07-13T19:25:06.285,42.9
2026-07-13T19:25:06.688,43.0
2026-07-13T19:25:07.091,42.9
2026-07-13T19:25:07.494,43.1
2026-07-13T19:25:07.897,42.9
2026-07-13T19:25:08.300,42.8
2026-07-13T19:25:08.703,44.8
2026-07-13T19:25:09.106,51.5
2026-07-13T19:25:09.509,51.9
2026-07-13T19:25:09.912,51.0
2026-07-13T19:25:10.315,49.5
2026-07-13T19:25:10.718,48.3
2026-07-13T19:25:11.121,45.2
2026-07-13T19:25:11.524,43.2
2026-07-13T19:25:11.926,43.9
2026-07-13T19:25:12.329,44.1
2026-07-13T19:25:12.733,43.5
2026-07-13T19:25:13.135,43.3
2026-07-13T19:25:13.538,43.2
2026-07-13T19:25:13.941,43.3
2026-07-13T19:25:14.344,43.2
2026-07-13T19:25:14.747,45.7
2026-07-13T19:25:15.150,45.0
2026-07-13T19:25:15.553,44.5
2026-07-13T19:25:15.956,44.1
2026-07-13T19:25:16.359,42.5
2026-07-13T19:25:16.762,43.0
2026-07-13T19:25:17.165,44.1
2026-07-13T19:25:17.568,43.7
2026-07-13T19:25:17.971,45.0
2026-07-13T19:25:18.374,45.7
2026-07-13T19:25:18.777,45.2
2026-07-13T19:25:19.180,44.5
2026-07-13T19:25:19.583,43.8
2026-07-13T19:25:19.986,43.3
2026-07-13T19:25:20.389,43.2
2026-07-13T19:25:20.792,43.0
2026-07-13T19:25:21.195,45.1
2026-07-13T19:25:21.598,44.9
2026-07-13T19:25:22.001,44.4
2026-07-13T19:25:22.404,44.0
2026-07-13T19:25:22.807,42.4
2026-07-13T19:25:23.210,42.4
2026-07-13T19:25:23.613,42.4
2026-07-13T19:25:24.015,42.7
2026-07-13T19:25:24.418,42.4
2026-07-13T19:25:24.821,50.7
2026-07-13T19:25:25.224,50.4
2026-07-13T19:25:25.627,49.8
2026-07-13T19:25:26.030,48.9
2026-07-13T19:25:26.433,45.2
2026-07-13T19:25:26.836,46.1
2026-07-13T19:25:27.239,45.7
2026-07-13T19:25:27.642,45.4
2026-07-13T19:25:28.045,44.9
2026-07-13T19:25:28.448,43.0
2026-07-13T19:25:28.851,42.8
2026-07-13T19:25:29.254,42.6
2026-07-13T19:25:29.657,43.3
2026-07-13T19:25:30.060,43.6
2026-07-13T19:25:30.463,43.1
2026-07-13T19:25:30.866,42.7
2026-07-13T19:25:31.269,42.8
2026-07-13T19:25:31.672,42.8
2026-07-13T19:25:32.075,42.8
2026-07-13T19:25:32.477,42.7
2026-07-13T19:25:32.880,43.7
2026-07-13T19:25:33.285,43.7
2026-07-13T19:25:33.686,43.5
2026-07-13T19:25:34.089,46.6
2026-07-13T19:25:34.492,46.3
2026-07-13T19:25:34.895,45.7
2026-07-13T19:25:35.298,45.1
2026-07-13T19:25:35.701,43.5
2026-07-13T19:25:36.104,43.2
2026-07-13T19:25:36.507,43.6
2026-07-13T19:25:36.910,43.5
2026-07-13T19:25:37.313,43.5
2026-07-13T19:25:37.716,43.5
2026-07-13T19:25:38.119,43.3
2026-07-13T19:25:38.522,43.6
2026-07-13T19:25:38.925,43.2
2026-07-13T19:25:39.328,43.2
2026-07-13T19:25:39.731,43.0
2026-07-13T19:25:40.134,42.8
2026-07-13T19:25:40.537,43.1
2026-07-13T19:25:40.939,42.8
2026-07-13T19:25:41.342,42.7
2026-07-13T19:25:41.745,43.0
2026-07-13T19:25:42.148,42.8
2026-07-13T19:25:42.551,42.5
2026-07-13T19:25:42.954,42.7
2026-07-13T19:25:43.357,42.7
2026-07-13T19:25:43.760,48.9
2026-07-13T19:25:44.163,47.5
2026-07-13T19:25:44.566,46.6
2026-07-13T19:25:44.969,55.6
2026-07-13T19:25:45.372,58.9
2026-07-13T19:25:45.775,58.1
2026-07-13T19:25:46.178,57.8
2026-07-13T19:25:46.581,56.3
2026-07-13T19:25:46.984,50.8
2026-07-13T19:25:47.387,50.4
2026-07-13T19:25:47.790,50.7
2026-07-13T19:25:48.193,51.1
2026-07-13T19:25:48.596,51.8
2026-07-13T19:25:48.999,52.3
2026-07-13T19:25:49.402,55.8
2026-07-13T19:25:49.805,61.9
2026-07-13T19:25:50.207,60.8
2026-07-13T19:25:50.610,60.0
2026-07-13T19:25:51.013,60.6
2026-07-13T19:25:51.416,59.4
2026-07-13T19:25:51.819,58.3
2026-07-13T19:25:52.222,57.3
2026-07-13T19:25:52.625,53.4
2026-07-13T19:25:53.028,53.1
2026-07-13T19:25:53.431,53.7
2026-07-13T19:25:53.834,53.6
2026-07-13T19:25:54.237,54.9
2026-07-13T19:25:54.640,60.2
2026-07-13T19:25:55.043,59.5
2026-07-13T19:25:55.446,58.2
2026-07-13T19:25:55.849,57.3
2026-07-13T19:25:56.252,53.3
2026-07-13T19:25:56.655,53.3
2026-07-13T19:25:57.058,53.3
2026-07-13T19:25:57.461,53.1
2026-07-13T19:25:57.864,52.9
2026-07-13T19:25:58.267,53.3
2026-07-13T19:25:58.670,53.1
2026-07-13T19:25:59.073,53.3
2026-07-13T19:25:59.476,53.2
2026-07-13T19:25:59.879,52.9
2026-07-13T19:26:00.282,52.6
2026-07-13T19:26:00.685,52.8
2026-07-13T19:26:01.088,52.4
2026-07-13T19:26:01.491,52.4
2026-07-13T19:26:01.894,52.5
2026-07-13T19:26:02.297,52.2
2026-07-13T19:26:02.700,52.1
2026-07-13T19:26:03.103,51.9
2026-07-13T19:26:03.506,51.6
2026-07-13T19:26:03.909,51.5
2026-07-13T19:26:04.312,51.3
2026-07-13T19:26:04.715,50.9
2026-07-13T19:26:05.118,50.8
2026-07-13T19:26:05.521,51.0
2026-07-13T19:26:05.924,52.2
2026-07-13T19:26:06.327,51.8
2026-07-13T19:26:06.730,51.6
2026-07-13T19:26:07.133,51.4
2026-07-13T19:26:07.535,50.3
2026-07-13T19:26:07.938,50.1
2026-07-13T19:26:08.341,49.2
2026-07-13T19:26:08.744,49.6
2026-07-13T19:26:09.147,50.2
2026-07-13T19:26:09.550,50.5
2026-07-13T19:26:09.953,50.1
2026-07-13T19:26:10.356,49.5
2026-07-13T19:26:10.759,49.1
2026-07-13T19:26:11.162,50.0
2026-07-13T19:26:11.565,49.4
2026-07-13T19:26:11.968,48.6
2026-07-13T19:26:12.371,48.3
2026-07-13T19:26:12.774,49.4
2026-07-13T19:26:13.177,48.8
2026-07-13T19:26:13.580,48.3
2026-07-13T19:26:13.983,47.8
2026-07-13T19:26:14.386,46.4
2026-07-13T19:26:14.789,47.4
2026-07-13T19:26:15.192,47.1
2026-07-13T19:26:15.595,46.7
2026-07-13T19:26:15.998,46.7
2026-07-13T19:26:16.401,50.0
2026-07-13T19:26:16.804,49.7
2026-07-13T19:26:17.207,49.5
2026-07-13T19:26:17.610,49.2
2026-07-13T19:26:18.013,47.3
2026-07-13T19:26:18.416,50.0
2026-07-13T19:26:18.820,49.5
2026-07-13T19:26:19.222,49.2
2026-07-13T19:26:19.626,48.6
2026-07-13T19:26:20.029,47.4
2026-07-13T19:26:20.432,50.3
2026-07-13T19:26:20.835,49.8
2026-07-13T19:26:21.238,49.2
2026-07-13T19:26:21.641,48.9
2026-07-13T19:26:22.044,48.9
2026-07-13T19:26:22.447,48.8
2026-07-13T19:26:22.850,50.3
2026-07-13T19:26:23.253,49.9
2026-07-13T19:26:23.656,49.6
2026-07-13T19:26:24.058,49.1
2026-07-13T19:26:24.461,48.8
2026-07-13T19:26:24.864,47.9
2026-07-13T19:26:25.267,47.8
2026-07-13T19:26:25.670,49.0
2026-07-13T19:26:26.073,48.9
2026-07-13T19:26:26.476,49.4
2026-07-13T19:26:26.879,50.1
2026-07-13T19:26:27.283,50.1
2026-07-13T19:26:27.685,49.8
2026-07-13T19:26:28.088,50.0
2026-07-13T19:26:28.491,50.0
2026-07-13T19:26:28.894,50.3
2026-07-13T19:26:29.300,50.2
2026-07-13T19:26:29.700,51.2
2026-07-13T19:26:30.103,50.7
2026-07-13T19:26:30.506,50.6
2026-07-13T19:26:30.909,50.5
2026-07-13T19:26:31.312,50.1
2026-07-13T19:26:31.715,50.2
2026-07-13T19:26:32.118,50.6
2026-07-13T19:26:32.521,50.5
2026-07-13T19:26:32.924,50.8
2026-07-13T19:26:33.327,51.1
2026-07-13T19:26:33.730,51.8
2026-07-13T19:26:34.133,52.3
2026-07-13T19:26:34.536,52.1
2026-07-13T19:26:34.939,52.1
2026-07-13T19:26:35.342,52.7
2026-07-13T19:26:35.745,52.6
2026-07-13T19:26:36.148,52.5
2026-07-13T19:26:36.551,52.4
2026-07-13T19:26:36.954,52.4
2026-07-13T19:26:37.357,53.6
2026-07-13T19:26:37.760,53.2
2026-07-13T19:26:38.163,53.5
2026-07-13T19:26:38.566,53.4
2026-07-13T19:26:38.969,53.2
2026-07-13T19:26:39.372,52.8
2026-07-13T19:26:39.775,52.9
2026-07-13T19:26:40.178,53.0
2026-07-13T19:26:40.581,52.8
2026-07-13T19:26:40.984,53.1
2026-07-13T19:26:41.387,53.0
2026-07-13T19:26:41.790,53.0
2026-07-13T19:26:42.193,53.1
2026-07-13T19:26:42.596,52.9
2026-07-13T19:26:42.999,53.0
2026-07-13T19:26:43.402,53.2
2026-07-13T19:26:43.805,53.2
2026-07-13T19:26:44.208,52.9
2026-07-13T19:26:44.611,53.1
2026-07-13T19:26:45.014,52.9
2026-07-13T19:26:45.417,55.8
2026-07-13T19:26:45.820,56.4
2026-07-13T19:26:46.223,55.5
2026-07-13T19:26:46.626,55.0
2026-07-13T19:26:47.029,54.4
2026-07-13T19:26:47.431,52.5
2026-07-13T19:26:47.834,52.6
2026-07-13T19:26:48.237,52.2
2026-07-13T19:26:48.640,52.0
2026-07-13T19:26:49.043,51.9
2026-07-13T19:26:49.446,51.2
2026-07-13T19:26:49.849,50.9
2026-07-13T19:26:50.252,50.8
2026-07-13T19:26:50.655,50.5
2026-07-13T19:26:51.058,50.3
2026-07-13T19:26:51.461,50.3
2026-07-13T19:26:51.864,50.1
2026-07-13T19:26:52.267,50.0
2026-07-13T19:26:52.670,49.7
2026-07-13T19:26:53.073,49.5
2026-07-13T19:26:53.476,48.5
2026-07-13T19:26:53.879,47.9
2026-07-13T19:26:54.282,48.0
2026-07-13T19:26:54.685,47.7
2026-07-13T19:26:55.088,47.2
2026-07-13T19:26:55.491,47.7
2026-07-13T19:26:55.894,47.2
2026-07-13T19:26:56.297,47.0
2026-07-13T19:26:56.700,46.6
2026-07-13T19:26:57.103,45.1
2026-07-13T19:26:57.506,45.2
2026-07-13T19:26:57.909,45.1
2026-07-13T19:26:58.312,44.8
2026-07-13T19:26:58.715,44.4
2026-07-13T19:26:59.118,44.1
2026-07-13T19:26:59.521,44.0
2026-07-13T19:26:59.924,43.7
2026-07-13T19:27:00.326,43.5
2026-07-13T19:27:00.729,43.6
2026-07-13T19:27:01.132,43.4
2026-07-13T19:27:01.535,43.4
2026-07-13T19:27:01.938,43.1
2026-07-13T19:27:02.341,43.3
2026-07-13T19:27:02.744,43.2
2026-07-13T19:27:03.147,43.4
2026-07-13T19:27:03.550,43.5
2026-07-13T19:27:03.953,43.2
2026-07-13T19:27:04.356,43.1
2026-07-13T19:27:04.759,43.1
2026-07-13T19:27:05.162,43.2
2026-07-13T19:27:05.565,43.1
2026-07-13T19:27:05.968,42.8
2026-07-13T19:27:06.371,42.6
2026-07-13T19:27:06.774,42.9
2026-07-13T19:27:07.177,42.8
2026-07-13T19:27:07.580,42.9
2026-07-13T19:27:07.983,42.7
2026-07-13T19:27:08.386,42.6
2026-07-13T19:27:08.789,42.5
2026-07-13T19:27:09.192,42.3
2026-07-13T19:27:09.595,42.2
2026-07-13T19:27:09.998,42.5
2026-07-13T19:27:10.401,42.2
2026-07-13T19:27:10.804,42.1
2026-07-13T19:27:11.207,42.9
2026-07-13T19:27:11.610,42.7
2026-07-13T19:27:12.012,42.5
2026-07-13T19:27:12.415,42.3
2026-07-13T19:27:12.818,42.4
2026-07-13T19:27:13.221,42.6
2026-07-13T19:27:13.624,42.2
2026-07-13T19:27:14.027,42.3
2026-07-13T19:27:14.430,42.5
2026-07-13T19:27:14.833,45.9
2026-07-13T19:27:15.236,51.3
2026-07-13T19:27:15.639,49.6
2026-07-13T19:27:16.042,47.9
2026-07-13T19:27:16.445,46.6
2026-07-13T19:27:16.848,60.6
2026-07-13T19:27:17.251,59.7
2026-07-13T19:27:17.654,58.2
2026-07-13T19:27:18.057,56.5
2026-07-13T19:27:18.460,43.5
2026-07-13T19:27:18.863,43.8
2026-07-13T19:27:19.266,43.4
2026-07-13T19:27:19.669,44.4
2026-07-13T19:27:20.072,56.2
2026-07-13T19:27:20.475,59.1
2026-07-13T19:27:20.878,57.2
2026-07-13T19:27:21.281,57.0
2026-07-13T19:27:21.684,55.9
2026-07-13T19:27:22.087,56.6
2026-07-13T19:27:22.490,55.3
2026-07-13T19:27:22.893,54.0
2026-07-13T19:27:23.296,51.6
2026-07-13T19:27:23.699,42.6
2026-07-13T19:27:24.101,51.2
2026-07-13T19:27:24.504,50.9
2026-07-13T19:27:24.907,49.3
2026-07-13T19:27:25.310,48.1
2026-07-13T19:27:25.713,43.3
2026-07-13T19:27:26.116,42.6
2026-07-13T19:27:26.519,43.1
2026-07-13T19:27:26.922,43.1
2026-07-13T19:27:27.325,42.8
2026-07-13T19:27:27.728,43.0
2026-07-13T19:27:28.131,44.0
2026-07-13T19:27:28.534,45.5
2026-07-13T19:27:28.937,57.7
2026-07-13T19:27:29.340,57.7
2026-07-13T19:27:29.743,56.1
2026-07-13T19:27:30.146,55.0
2026-07-13T19:27:30.549,54.0
2026-07-13T19:27:30.952,42.6
2026-07-13T19:27:31.355,51.4
2026-07-13T19:27:31.758,52.4
2026-07-13T19:27:32.161,52.1
2026-07-13T19:27:32.564,51.7
2026-07-13T19:27:32.967,50.4
2026-07-13T19:27:33.370,50.7
2026-07-13T19:27:33.773,49.1
2026-07-13T19:27:34.176,47.7
2026-07-13T19:27:34.579,46.4
2026-07-13T19:27:34.982,42.8
2026-07-13T19:27:35.385,43.5
2026-07-13T19:27:35.788,43.2
2026-07-13T19:27:36.191,43.0
2026-07-13T19:27:36.594,42.6
2026-07-13T19:27:36.997,42.2
2026-07-13T19:27:37.400,51.5
2026-07-13T19:27:37.803,51.4
2026-07-13T19:27:38.206,51.1
2026-07-13T19:27:38.609,49.4
2026-07-13T19:27:39.012,51.2
2026-07-13T19:27:39.415,52.4
2026-07-13T19:27:39.818,50.5
2026-07-13T19:27:40.221,58.9
2026-07-13T19:27:40.624,57.4
2026-07-13T19:27:41.027,54.8
2026-07-13T19:27:41.430,52.1
2026-07-13T19:27:41.833,47.8
2026-07-13T19:27:42.236,52.1
2026-07-13T19:27:42.639,50.3
2026-07-13T19:27:43.042,48.8
2026-07-13T19:27:43.445,47.8
2026-07-13T19:27:43.848,42.5
2026-07-13T19:27:44.251,47.6
2026-07-13T19:27:44.654,46.9
2026-07-13T19:27:45.057,46.6
2026-07-13T19:27:45.460,45.6
2026-07-13T19:27:45.863,42.9
2026-07-13T19:27:46.266,50.2
2026-07-13T19:27:46.669,51.1
2026-07-13T19:27:47.072,49.7
2026-07-13T19:27:47.475,47.9
2026-07-13T19:27:47.878,46.5
2026-07-13T19:27:48.281,42.4
2026-07-13T19:27:48.684,43.1
2026-07-13T19:27:49.087,43.3
2026-07-13T19:27:49.490,43.9
2026-07-13T19:27:49.893,50.6
2026-07-13T19:27:50.296,50.6
2026-07-13T19:27:50.699,50.2
2026-07-13T19:27:51.102,49.0
2026-07-13T19:27:51.505,50.9
2026-07-13T19:27:51.908,50.7
2026-07-13T19:27:52.311,49.5
2026-07-13T19:27:52.714,48.6
2026-07-13T19:27:53.117,45.7
2026-07-13T19:27:53.520,47.2
2026-07-13T19:27:53.923,47.6
2026-07-13T19:27:54.326,46.7
2026-07-13T19:27:54.729,46.0
2026-07-13T19:27:55.132,45.4
2026-07-13T19:27:55.535,42.5
2026-07-13T19:27:55.938,42.4
2026-07-13T19:27:56.341,45.5
2026-07-13T19:27:56.744,48.9
2026-07-13T19:27:57.147,48.5
2026-07-13T19:27:57.550,47.3
2026-07-13T19:27:57.953,46.8
2026-07-13T19:27:58.356,46.5
2026-07-13T19:27:58.759,44.3
2026-07-13T19:27:59.162,44.1
2026-07-13T19:27:59.565,44.8
2026-07-13T19:27:59.968,45.1
2026-07-13T19:28:00.371,44.6
2026-07-13T19:28:00.774,44.0
2026-07-13T19:28:01.177,45.7
2026-07-13T19:28:01.580,45.5
2026-07-13T19:28:01.983,45.0
2026-07-13T19:28:02.386,53.6
2026-07-13T19:28:02.789,52.8
2026-07-13T19:28:03.192,52.1
2026-07-13T19:28:03.595,51.1
2026-07-13T19:28:03.998,52.2
2026-07-13T19:28:04.401,55.9
2026-07-13T19:28:04.804,55.3
2026-07-13T19:28:05.207,52.6
2026-07-13T19:28:05.610,51.8
2026-07-13T19:28:06.013,51.1
2026-07-13T19:28:06.416,46.8
2026-07-13T19:28:06.819,53.0
2026-07-13T19:28:07.222,52.1
2026-07-13T19:28:07.625,50.4
2026-07-13T19:28:08.028,50.1
2026-07-13T19:28:08.431,43.3
2026-07-13T19:28:08.834,43.1
2026-07-13T19:28:09.237,43.6
2026-07-13T19:28:09.640,48.7
2026-07-13T19:28:10.043,55.7
2026-07-13T19:28:10.446,63.2
2026-07-13T19:28:10.849,62.8
2026-07-13T19:28:11.252,62.0
2026-07-13T19:28:11.655,61.7
2026-07-13T19:28:12.058,55.3
2026-07-13T19:28:12.461,54.4
2026-07-13T19:28:12.864,55.0
2026-07-13T19:28:13.267,54.3
2026-07-13T19:28:13.670,53.6
2026-07-13T19:28:14.073,53.3
2026-07-13T19:28:14.476,54.3
2026-07-13T19:28:14.879,55.4
2026-07-13T19:28:15.283,55.0
2026-07-13T19:28:15.685,54.7
2026-07-13T19:28:16.088,56.2
2026-07-13T19:28:16.491,55.6
2026-07-13T19:28:16.894,55.2
2026-07-13T19:28:17.297,54.8
2026-07-13T19:28:17.700,53.7
2026-07-13T19:28:18.103,55.3
2026-07-13T19:28:18.506,55.5
2026-07-13T19:28:18.909,58.1
2026-07-13T19:28:19.312,57.5
2026-07-13T19:28:19.715,56.8
2026-07-13T19:28:20.118,56.3
2026-07-13T19:28:20.521,55.4
2026-07-13T19:28:20.924,54.9
2026-07-13T19:28:21.327,54.4
2026-07-13T19:28:21.730,55.6
2026-07-13T19:28:22.133,54.9
2026-07-13T19:28:22.536,54.4
2026-07-13T19:28:22.939,54.5
2026-07-13T19:28:23.342,54.4
2026-07-13T19:28:23.745,54.3
2026-07-13T19:28:24.148,54.5
2026-07-13T19:28:24.551,54.3
2026-07-13T19:28:24.954,54.1
2026-07-13T19:28:25.357,54.0
2026-07-13T19:28:25.760,54.8
2026-07-13T19:28:26.163,54.4
2026-07-13T19:28:26.566,54.2
2026-07-13T19:28:26.969,53.9
2026-07-13T19:28:27.372,53.0
2026-07-13T19:28:27.775,54.3
2026-07-13T19:28:28.178,54.1
2026-07-13T19:28:28.581,53.5
2026-07-13T19:28:28.984,53.3
2026-07-13T19:28:29.387,52.1
2026-07-13T19:28:29.790,52.0
2026-07-13T19:28:30.193,53.6
2026-07-13T19:28:30.596,52.9
2026-07-13T19:28:30.999,52.2
2026-07-13T19:28:31.402,51.6
2026-07-13T19:28:31.805,50.4
2026-07-13T19:28:32.208,50.1
2026-07-13T19:28:32.611,50.8
2026-07-13T19:28:33.014,50.6
2026-07-13T19:28:33.417,50.0
2026-07-13T19:28:33.820,49.3
2026-07-13T19:28:34.223,46.7
2026-07-13T19:28:34.626,47.9
2026-07-13T19:28:35.029,50.0
2026-07-13T19:28:35.432,49.0
2026-07-13T19:28:35.835,48.2
2026-07-13T19:28:36.238,47.3
2026-07-13T19:28:36.641,44.8
2026-07-13T19:28:37.044,44.8
2026-07-13T19:28:37.447,50.5
2026-07-13T19:28:37.850,51.8
2026-07-13T19:28:38.253,53.4
2026-07-13T19:28:38.656,53.0
2026-07-13T19:28:39.059,52.2
2026-07-13T19:28:39.462,51.6
2026-07-13T19:28:39.865,48.7
2026-07-13T19:28:40.268,45.2
2026-07-13T19:28:40.671,49.0
2026-07-13T19:28:41.074,48.8
2026-07-13T19:28:41.477,50.3
2026-07-13T19:28:41.880,51.8
2026-07-13T19:28:42.285,50.3
2026-07-13T19:28:42.686,49.5
2026-07-13T19:28:43.089,50.4
2026-07-13T19:28:43.492,52.3
2026-07-13T19:28:43.896,53.6
2026-07-13T19:28:44.299,53.0
2026-07-13T19:28:44.702,52.6
2026-07-13T19:28:45.105,53.6
2026-07-13T19:28:45.508,53.3
2026-07-13T19:28:45.911,57.3
2026-07-13T19:28:46.314,55.3
2026-07-13T19:28:46.717,61.6
2026-07-13T19:28:47.120,61.4
2026-07-13T19:28:47.523,60.4
2026-07-13T19:28:47.926,62.0
2026-07-13T19:28:48.329,60.2
2026-07-13T19:28:48.732,58.8
2026-07-13T19:28:49.135,57.9
2026-07-13T19:28:49.538,54.1
2026-07-13T19:28:49.941,50.5
2026-07-13T19:28:50.344,47.1
2026-07-13T19:28:50.747,56.8
2026-07-13T19:28:51.150,56.2
2026-07-13T19:28:51.553,55.1
2026-07-13T19:28:51.956,54.5
2026-07-13T19:28:52.359,60.2
2026-07-13T19:28:52.762,59.5
2026-07-13T19:28:53.165,58.3
2026-07-13T19:28:53.568,58.5
2026-07-13T19:28:53.971,56.2
2026-07-13T19:28:54.374,54.3
2026-07-13T19:28:54.777,53.8
2026-07-13T19:28:55.180,46.6
2026-07-13T19:28:55.583,53.6
2026-07-13T19:28:55.986,61.8
2026-07-13T19:28:56.389,61.6
2026-07-13T19:28:56.792,62.9
2026-07-13T19:28:57.195,61.7
2026-07-13T19:28:57.598,60.2
2026-07-13T19:28:58.001,59.0
2026-07-13T19:28:58.404,44.5
2026-07-13T19:28:58.807,46.7
2026-07-13T19:28:59.210,60.3
2026-07-13T19:28:59.613,59.0
2026-07-13T19:29:00.016,57.5
2026-07-13T19:29:00.419,56.3
2026-07-13T19:29:00.822,46.8
2026-07-13T19:29:01.225,50.1
2026-07-13T19:29:01.628,57.0
2026-07-13T19:29:02.031,55.0
2026-07-13T19:29:02.434,53.5
2026-07-13T19:29:02.837,54.7
2026-07-13T19:29:03.240,54.1
2026-07-13T19:29:03.643,56.7
2026-07-13T19:29:04.046,56.6
2026-07-13T19:29:04.449,56.3
2026-07-13T19:29:04.852,55.2
2026-07-13T19:29:05.255,51.7
2026-07-13T19:29:05.658,54.0
2026-07-13T19:29:06.061,54.6
2026-07-13T19:29:06.464,54.1
2026-07-13T19:29:06.867,60.0
2026-07-13T19:29:07.270,59.0
2026-07-13T19:29:07.673,58.3
2026-07-13T19:29:08.076,60.3
2026-07-13T19:29:08.479,58.9
2026-07-13T19:29:08.882,57.6
2026-07-13T19:29:09.286,58.4
2026-07-13T19:29:09.688,58.8
2026-07-13T19:29:10.091,57.9
2026-07-13T19:29:10.494,56.9
2026-07-13T19:29:10.897,56.3
2026-07-13T19:29:11.300,56.2
2026-07-13T19:29:11.703,57.0
2026-07-13T19:29:12.106,58.3
2026-07-13T19:29:12.509,57.2
2026-07-13T19:29:12.912,57.4
2026-07-13T19:29:13.315,56.9
2026-07-13T19:29:13.718,56.2
2026-07-13T19:29:14.121,56.1
2026-07-13T19:29:14.524,53.7
2026-07-13T19:29:14.927,59.8
2026-07-13T19:29:15.330,59.0
2026-07-13T19:29:15.733,58.7
2026-07-13T19:29:16.136,58.1
2026-07-13T19:29:16.539,55.4
2026-07-13T19:29:16.942,53.6
2026-07-13T19:29:17.345,52.7
2026-07-13T19:29:17.748,52.9
2026-07-13T19:29:18.151,52.5
2026-07-13T19:29:18.554,52.4
2026-07-13T19:29:18.957,52.3
2026-07-13T19:29:19.360,52.2
2026-07-13T19:29:19.763,52.4
2026-07-13T19:29:20.166,52.0
2026-07-13T19:29:20.569,51.8
2026-07-13T19:29:20.972,51.8
2026-07-13T19:29:21.375,52.5
2026-07-13T19:29:21.778,56.7
2026-07-13T19:29:22.181,56.1
2026-07-13T19:29:22.584,54.8
2026-07-13T19:29:22.987,53.9
2026-07-13T19:29:23.390,50.5
2026-07-13T19:29:23.793,50.5
2026-07-13T19:29:24.196,50.4
2026-07-13T19:29:24.599,50.2
2026-07-13T19:29:25.002,49.8
2026-07-13T19:29:25.405,49.4
2026-07-13T19:29:25.808,49.0
2026-07-13T19:29:26.211,48.4
2026-07-13T19:29:26.614,48.1
2026-07-13T19:29:27.017,47.1
2026-07-13T19:29:27.420,46.8
2026-07-13T19:29:27.823,46.3
2026-07-13T19:29:28.226,45.6
2026-07-13T19:29:28.629,45.3
2026-07-13T19:29:29.032,45.0
2026-07-13T19:29:29.435,44.8
2026-07-13T19:29:29.838,44.7
2026-07-13T19:29:30.241,44.6
2026-07-13T19:29:30.644,45.0
2026-07-13T19:29:31.047,44.8
2026-07-13T19:29:31.450,44.7
2026-07-13T19:29:31.853,44.3
2026-07-13T19:29:32.256,44.0
2026-07-13T19:29:32.659,43.6
2026-07-13T19:29:33.062,43.6
2026-07-13T19:29:33.465,43.4
2026-07-13T19:29:33.868,43.4
2026-07-13T19:29:34.271,43.7
2026-07-13T19:29:34.674,43.6
2026-07-13T19:29:35.077,44.6
2026-07-13T19:29:35.480,44.1
2026-07-13T19:29:35.883,44.0
2026-07-13T19:29:36.286,44.1
2026-07-13T19:29:36.689,44.0
2026-07-13T19:29:37.092,43.7
2026-07-13T19:29:37.495,43.5
2026-07-13T19:29:37.898,43.0
2026-07-13T19:29:38.301,43.0
2026-07-13T19:29:38.704,43.7
2026-07-13T19:29:39.107,43.3
2026-07-13T19:29:39.510,43.1
2026-07-13T19:29:39.913,42.7
2026-07-13T19:29:40.316,42.5
2026-07-13T19:29:40.719,42.9
2026-07-13T19:29:41.122,42.8
2026-07-13T19:29:41.525,42.6
2026-07-13T19:29:41.928,42.8
2026-07-13T19:29:42.331,42.7
2026-07-13T19:29:42.734,43.2
2026-07-13T19:29:43.137,48.0
2026-07-13T19:29:43.540,46.7
2026-07-13T19:29:43.943,45.7
2026-07-13T19:29:44.346,44.9
2026-07-13T19:29:44.749,42.6
2026-07-13T19:29:45.152,42.5
2026-07-13T19:29:45.555,42.7
2026-07-13T19:29:45.958,42.3
2026-07-13T19:29:46.361,42.6
2026-07-13T19:29:46.764,42.5
2026-07-13T19:29:47.167,42.3
2026-07-13T19:29:47.572,46.9
2026-07-13T19:29:47.973,45.7
2026-07-13T19:29:48.376,45.1
2026-07-13T19:29:48.779,44.6
2026-07-13T19:29:49.182,43.1
2026-07-13T19:29:49.585,42.7
2026-07-13T19:29:49.988,42.6
2026-07-13T19:29:50.391,42.4
2026-07-13T19:29:50.794,42.7
2026-07-13T19:29:51.197,43.0
2026-07-13T19:29:51.600,42.7
2026-07-13T19:29:52.003,43.1
2026-07-13T19:29:52.406,43.0
2026-07-13T19:29:52.809,42.7
2026-07-13T19:29:53.212,42.7
2026-07-13T19:29:53.615,42.8
2026-07-13T19:29:54.018,42.7
2026-07-13T19:29:54.421,43.0
2026-07-13T19:29:54.824,43.0
2026-07-13T19:29:55.227,42.8
2026-07-13T19:29:55.630,42.9
2026-07-13T19:29:56.033,42.9
2026-07-13T19:29:56.436,42.9
2026-07-13T19:29:56.839,43.1
2026-07-13T19:29:57.242,43.2
2026-07-13T19:29:57.645,43.0
2026-07-13T19:29:58.048,42.8
2026-07-13T19:29:58.451,42.7
2026-07-13T19:29:58.854,42.6
2026-07-13T19:29:59.257,42.7
2026-07-13T19:29:59.660,42.4
2026-07-13T19:30:00.063,42.4
2026-07-13T19:30:00.466,42.6
2026-07-13T19:30:00.869,42.5
2026-07-13T19:30:01.272,42.7
2026-07-13T19:30:01.675,42.5
2026-07-13T19:30:02.078,42.3
2026-07-13T19:30:02.481,42.6
2026-07-13T19:30:02.884,43.2
2026-07-13T19:30:03.288,42.9
2026-07-13T19:30:03.690,42.8
2026-07-13T19:30:04.093,42.9
2026-07-13T19:30:04.496,42.6
2026-07-13T19:30:04.899,42.8
2026-07-13T19:30:05.302,42.5
2026-07-13T19:30:05.705,42.7
2026-07-13T19:30:06.108,42.8
2026-07-13T19:30:06.511,42.9
2026-07-13T19:30:06.914,42.9
2026-07-13T19:30:07.317,43.1
2026-07-13T19:30:07.720,43.3
2026-07-13T19:30:08.123,44.0
2026-07-13T19:30:08.526,45.5
2026-07-13T19:30:08.929,47.4
2026-07-13T19:30:09.332,49.4
2026-07-13T19:30:09.735,50.4
2026-07-13T19:30:10.138,51.1
2026-07-13T19:30:10.541,51.8
2026-07-13T19:30:10.944,52.2
2026-07-13T19:30:11.347,52.7
2026-07-13T19:30:11.750,53.1
2026-07-13T19:30:12.153,53.3
2026-07-13T19:30:12.556,53.6
2026-07-13T19:30:12.959,53.9
2026-07-13T19:30:13.362,53.9
2026-07-13T19:30:13.765,53.9
2026-07-13T19:30:14.168,54.2
2026-07-13T19:30:14.571,53.9
2026-07-13T19:30:14.974,54.1
2026-07-13T19:30:15.377,54.1
2026-07-13T19:30:15.780,53.7
2026-07-13T19:30:16.183,54.2
2026-07-13T19:30:16.586,54.1
2026-07-13T19:30:16.989,54.2
2026-07-13T19:30:17.392,54.3
2026-07-13T19:30:17.795,54.3
2026-07-13T19:30:18.198,54.1
2026-07-13T19:30:18.601,54.2
2026-07-13T19:30:19.004,54.1
2026-07-13T19:30:19.407,54.0
2026-07-13T19:30:19.810,54.1
2026-07-13T19:30:20.213,54.2
2026-07-13T19:30:20.616,54.1
2026-07-13T19:30:21.019,54.1
2026-07-13T19:30:21.422,53.7
2026-07-13T19:30:21.825,54.0
2026-07-13T19:30:22.228,53.6
2026-07-13T19:30:22.631,53.7
2026-07-13T19:30:23.034,53.5
2026-07-13T19:30:23.437,53.7
2026-07-13T19:30:23.840,53.5
2026-07-13T19:30:24.243,53.1
2026-07-13T19:30:24.646,53.2
2026-07-13T19:30:25.049,52.9
2026-07-13T19:30:25.452,52.8
2026-07-13T19:30:25.855,52.8
2026-07-13T19:30:26.258,52.5
2026-07-13T19:30:26.661,52.4
2026-07-13T19:30:27.064,52.2
2026-07-13T19:30:27.467,52.0
2026-07-13T19:30:27.870,51.8
2026-07-13T19:30:28.273,51.3
2026-07-13T19:30:28.676,51.0
2026-07-13T19:30:29.079,50.9
2026-07-13T19:30:29.482,50.9
2026-07-13T19:30:29.885,50.9
2026-07-13T19:30:30.288,50.7
2026-07-13T19:30:30.691,54.3
2026-07-13T19:30:31.094,56.8
2026-07-13T19:30:31.497,55.2
2026-07-13T19:30:31.899,53.8
2026-07-13T19:30:32.303,52.8
2026-07-13T19:30:32.705,48.0
2026-07-13T19:30:33.108,47.4
2026-07-13T19:30:33.511,47.4
2026-07-13T19:30:33.914,51.9
2026-07-13T19:30:34.317,50.3
2026-07-13T19:30:34.720,49.1
2026-07-13T19:30:35.123,48.0
2026-07-13T19:30:35.526,43.7
2026-07-13T19:30:35.929,44.0
2026-07-13T19:30:36.332,43.7
2026-07-13T19:30:36.735,43.2
2026-07-13T19:30:37.138,42.8
2026-07-13T19:30:37.541,42.8
2026-07-13T19:30:37.944,42.7
2026-07-13T19:30:38.347,42.6
2026-07-13T19:30:38.750,42.4
2026-07-13T19:30:39.153,42.1
2026-07-13T19:30:39.556,42.1
2026-07-13T19:30:39.959,42.2
2026-07-13T19:30:40.362,42.2
2026-07-13T19:30:40.765,44.1
2026-07-13T19:30:41.168,43.7
2026-07-13T19:30:41.571,43.4
2026-07-13T19:30:41.974,43.6
2026-07-13T19:30:42.377,43.1
2026-07-13T19:30:42.780,43.4
2026-07-13T19:30:43.183,43.3
2026-07-13T19:30:43.586,43.1
2026-07-13T19:30:43.989,42.8
2026-07-13T19:30:44.392,42.9
2026-07-13T19:30:44.795,42.7
2026-07-13T19:30:45.198,43.5
2026-07-13T19:30:45.601,43.2
2026-07-13T19:30:46.004,42.7
2026-07-13T19:30:46.407,42.3
2026-07-13T19:30:46.812,42.8
2026-07-13T19:30:47.213,42.7
2026-07-13T19:30:47.615,43.6
2026-07-13T19:30:48.018,43.1
2026-07-13T19:30:48.421,42.7
2026-07-13T19:30:48.824,43.6
2026-07-13T19:30:49.227,43.5
2026-07-13T19:30:49.630,44.1
2026-07-13T19:30:50.033,43.8
2026-07-13T19:30:50.436,43.5
2026-07-13T19:30:50.839,43.0
2026-07-13T19:30:51.242,43.0
2026-07-13T19:30:51.645,42.7
2026-07-13T19:30:52.048,42.6
2026-07-13T19:30:52.451,42.2
2026-07-13T19:30:52.854,42.8
2026-07-13T19:30:53.257,42.8
2026-07-13T19:30:53.660,43.8
2026-07-13T19:30:54.063,43.2
2026-07-13T19:30:54.466,43.5
2026-07-13T19:30:54.869,44.8
2026-07-13T19:30:55.272,44.2
2026-07-13T19:30:55.675,43.7
2026-07-13T19:30:56.078,43.3
2026-07-13T19:30:56.481,42.0
2026-07-13T19:30:56.884,42.5
2026-07-13T19:30:57.287,42.7
2026-07-13T19:30:57.690,43.4
2026-07-13T19:30:58.093,43.1
2026-07-13T19:30:58.496,42.7
2026-07-13T19:30:58.898,43.7
2026-07-13T19:30:59.301,44.9
2026-07-13T19:30:59.704,44.2
2026-07-13T19:31:00.107,43.8
2026-07-13T19:31:00.510,43.5
2026-07-13T19:31:00.913,43.6
2026-07-13T19:31:01.316,43.7
2026-07-13T19:31:01.719,43.4
2026-07-13T19:31:02.122,43.2
2026-07-13T19:31:02.525,42.9
2026-07-13T19:31:02.928,43.1
2026-07-13T19:31:03.331,43.6
2026-07-13T19:31:03.734,45.5
2026-07-13T19:31:04.137,44.8
2026-07-13T19:31:04.540,44.5
2026-07-13T19:31:04.943,44.8
2026-07-13T19:31:05.346,45.3
2026-07-13T19:31:05.749,45.5
2026-07-13T19:31:06.152,46.2
2026-07-13T19:31:06.555,45.7
2026-07-13T19:31:06.958,45.4
2026-07-13T19:31:07.361,45.2
2026-07-13T19:31:07.764,50.1
2026-07-13T19:31:08.167,48.9
2026-07-13T19:31:08.570,48.1
2026-07-13T19:31:08.973,47.1
2026-07-13T19:31:09.376,42.8
2026-07-13T19:31:09.779,42.7
2026-07-13T19:31:10.182,42.9
2026-07-13T19:31:10.585,42.5
2026-07-13T19:31:10.988,43.2
2026-07-13T19:31:11.391,42.9
2026-07-13T19:31:11.794,43.0
2026-07-13T19:31:12.197,42.9
2026-07-13T19:31:12.600,42.6
2026-07-13T19:31:13.002,42.7
2026-07-13T19:31:13.405,42.6
2026-07-13T19:31:13.808,42.7
2026-07-13T19:31:14.211,42.7
2026-07-13T19:31:14.614,42.7
2026-07-13T19:31:15.017,42.7
2026-07-13T19:31:15.420,42.8
2026-07-13T19:31:15.823,42.9
2026-07-13T19:31:16.226,43.1
2026-07-13T19:31:16.629,43.0
2026-07-13T19:31:17.032,43.5
2026-07-13T19:31:17.435,44.0
2026-07-13T19:31:17.838,43.5
2026-07-13T19:31:18.241,43.2
2026-07-13T19:31:18.644,43.0
2026-07-13T19:31:19.047,42.8
2026-07-13T19:31:19.450,42.4
2026-07-13T19:31:19.853,42.5
2026-07-13T19:31:20.256,42.5
2026-07-13T19:31:20.659,42.3
2026-07-13T19:31:21.062,42.3
2026-07-13T19:31:21.465,42.1
2026-07-13T19:31:21.868,42.3
2026-07-13T19:31:22.271,41.9
2026-07-13T19:31:22.674,42.3
2026-07-13T19:31:23.077,42.3
2026-07-13T19:31:23.479,42.3
2026-07-13T19:31:23.882,43.6
2026-07-13T19:31:24.286,44.7
2026-07-13T19:31:24.688,51.3
2026-07-13T19:31:25.091,49.5
2026-07-13T19:31:25.494,48.0
2026-07-13T19:31:25.897,46.5
2026-07-13T19:31:26.300,42.5
2026-07-13T19:31:26.703,42.0
2026-07-13T19:31:27.106,42.0
2026-07-13T19:31:27.509,42.3
2026-07-13T19:31:27.912,41.9
2026-07-13T19:31:28.315,42.2
2026-07-13T19:31:28.718,42.6
2026-07-13T19:31:29.121,42.9
2026-07-13T19:31:29.524,44.0
2026-07-13T19:31:29.927,43.4
2026-07-13T19:31:30.330,42.8
2026-07-13T19:31:30.733,42.5
2026-07-13T19:31:31.136,42.2
2026-07-13T19:31:31.539,42.2
2026-07-13T19:31:31.942,42.3
2026-07-13T19:31:32.345,42.0
2026-07-13T19:31:32.748,41.8
2026-07-13T19:31:33.151,42.1
2026-07-13T19:31:33.554,42.2
2026-07-13T19:31:33.957,42.3
2026-07-13T19:31:34.360,42.2
2026-07-13T19:31:34.763,41.9
2026-07-13T19:31:35.166,42.1
2026-07-13T19:31:35.569,42.0
2026-07-13T19:31:35.972,41.9
2026-07-13T19:31:36.375,42.0
2026-07-13T19:31:36.778,42.2
2026-07-13T19:31:37.181,42.2
2026-07-13T19:31:37.584,42.1
2026-07-13T19:31:37.987,42.2
2026-07-13T19:31:38.390,41.9
2026-07-13T19:31:38.793,42.1
2026-07-13T19:31:39.196,42.1
2026-07-13T19:31:39.599,42.0
2026-07-13T19:31:40.002,42.2
2026-07-13T19:31:40.405,42.2
2026-07-13T19:31:40.808,42.2
2026-07-13T19:31:41.211,42.3
2026-07-13T19:31:41.614,42.2
2026-07-13T19:31:42.017,42.0
2026-07-13T19:31:42.420,41.9
2026-07-13T19:31:42.823,42.0
2026-07-13T19:31:43.226,42.1
2026-07-13T19:31:43.629,42.0
2026-07-13T19:31:44.032,42.2
2026-07-13T19:31:44.435,42.0
2026-07-13T19:31:44.838,42.1
2026-07-13T19:31:45.241,42.0
2026-07-13T19:31:45.644,41.9
2026-07-13T19:31:46.047,42.0
2026-07-13T19:31:46.450,42.5
2026-07-13T19:31:46.853,42.2
2026-07-13T19:31:47.256,42.1
2026-07-13T19:31:47.659,42.3
2026-07-13T19:31:48.062,42.3
2026-07-13T19:31:48.465,42.4
2026-07-13T19:31:48.868,43.0
2026-07-13T19:31:49.271,43.2
2026-07-13T19:31:49.674,44.6
2026-07-13T19:31:50.077,46.3
2026-07-13T19:31:50.480,48.3
2026-07-13T19:31:50.883,49.8
2026-07-13T19:31:51.287,50.2
2026-07-13T19:31:51.689,51.0
2026-07-13T19:31:52.092,51.8
2026-07-13T19:31:52.495,52.3
2026-07-13T19:31:52.898,52.9
2026-07-13T19:31:53.301,53.3
2026-07-13T19:31:53.704,53.3
2026-07-13T19:31:54.107,53.5
2026-07-13T19:31:54.510,53.5
2026-07-13T19:31:54.912,53.8
2026-07-13T19:31:55.316,54.1
2026-07-13T19:31:55.719,54.1
2026-07-13T19:31:56.121,53.7
2026-07-13T19:31:56.524,54.1
2026-07-13T19:31:56.927,54.1
2026-07-13T19:31:57.330,53.8
2026-07-13T19:31:57.733,53.9
2026-07-13T19:31:58.136,53.6
2026-07-13T19:31:58.539,53.7
2026-07-13T19:31:58.942,53.7
2026-07-13T19:31:59.345,54.0
2026-07-13T19:31:59.748,54.0
2026-07-13T19:32:00.151,54.0
2026-07-13T19:32:00.554,54.7
2026-07-13T19:32:00.957,54.4
2026-07-13T19:32:01.360,54.3
2026-07-13T19:32:01.763,54.1
2026-07-13T19:32:02.166,54.4
2026-07-13T19:32:02.569,54.0
2026-07-13T19:32:02.972,53.9
2026-07-13T19:32:03.375,53.5
2026-07-13T19:32:03.778,53.6
2026-07-13T19:32:04.181,53.5
2026-07-13T19:32:04.584,53.2
2026-07-13T19:32:04.987,53.0
2026-07-13T19:32:05.390,52.9
2026-07-13T19:32:05.793,52.7
2026-07-13T19:32:06.196,53.0
2026-07-13T19:32:06.599,52.8
2026-07-13T19:32:07.002,52.6
2026-07-13T19:32:07.405,52.4
2026-07-13T19:32:07.808,51.9
2026-07-13T19:32:08.211,52.1
2026-07-13T19:32:08.614,51.9
2026-07-13T19:32:09.017,51.8
2026-07-13T19:32:09.420,51.6
2026-07-13T19:32:09.823,51.6
2026-07-13T19:32:10.226,51.4
2026-07-13T19:32:10.629,51.3
2026-07-13T19:32:11.032,51.1
2026-07-13T19:32:11.435,50.9
2026-07-13T19:32:11.838,50.8
2026-07-13T19:32:12.241,50.7
2026-07-13T19:32:12.644,50.4
2026-07-13T19:32:13.047,50.1
2026-07-13T19:32:13.450,50.3
2026-07-13T19:32:13.853,49.9
2026-07-13T19:32:14.256,49.8
2026-07-13T19:32:14.659,49.4
2026-07-13T19:32:15.062,49.1
2026-07-13T19:32:15.465,48.5
2026-07-13T19:32:15.868,48.6
2026-07-13T19:32:16.271,48.6
2026-07-13T19:32:16.674,48.9
2026-07-13T19:32:17.077,48.9
2026-07-13T19:32:17.480,48.9
2026-07-13T19:32:17.883,48.8
2026-07-13T19:32:18.286,48.3
2026-07-13T19:32:18.689,48.2
2026-07-13T19:32:19.092,48.2
2026-07-13T19:32:19.495,48.4
2026-07-13T19:32:19.898,48.0
2026-07-13T19:32:20.301,48.1
2026-07-13T19:32:20.704,47.8
2026-07-13T19:32:21.107,47.6
2026-07-13T19:32:21.510,47.9
2026-07-13T19:32:21.913,48.0
2026-07-13T19:32:22.316,47.8
2026-07-13T19:32:22.719,48.2
2026-07-13T19:32:23.122,47.8
2026-07-13T19:32:23.525,48.2
2026-07-13T19:32:23.928,48.7
2026-07-13T19:32:24.331,49.3
2026-07-13T19:32:24.734,49.9
2026-07-13T19:32:25.137,49.5
2026-07-13T19:32:25.540,50.4
2026-07-13T19:32:25.943,50.1
2026-07-13T19:32:26.346,49.7
2026-07-13T19:32:26.749,49.9
2026-07-13T19:32:27.152,50.4
2026-07-13T19:32:27.555,50.3
2026-07-13T19:32:27.958,50.0
2026-07-13T19:32:28.361,50.0
2026-07-13T19:32:28.764,50.0
2026-07-13T19:32:29.167,50.0
2026-07-13T19:32:29.570,50.0
2026-07-13T19:32:29.973,50.1
2026-07-13T19:32:30.376,50.1
2026-07-13T19:32:30.779,50.1
2026-07-13T19:32:31.182,50.0
2026-07-13T19:32:31.585,50.1
2026-07-13T19:32:31.988,50.2
2026-07-13T19:32:32.391,50.1
2026-07-13T19:32:32.794,50.1
2026-07-13T19:32:33.196,50.1
2026-07-13T19:32:33.599,50.2
2026-07-13T19:32:34.002,50.2
2026-07-13T19:32:34.405,50.2
2026-07-13T19:32:34.808,50.2
2026-07-13T19:32:35.211,50.6
2026-07-13T19:32:35.614,50.6
2026-07-13T19:32:36.017,50.6
2026-07-13T19:32:36.420,50.6
2026-07-13T19:32:36.823,50.8
2026-07-13T19:32:37.226,51.0
2026-07-13T19:32:37.629,51.0
2026-07-13T19:32:38.032,51.0
2026-07-13T19:32:38.435,51.2
2026-07-13T19:32:38.838,51.3
2026-07-13T19:32:39.241,51.5
2026-07-13T19:32:39.644,51.8
2026-07-13T19:32:40.047,51.8
2026-07-13T19:32:40.450,51.8
2026-07-13T19:32:40.853,52.0
2026-07-13T19:32:41.256,52.2
2026-07-13T19:32:41.659,52.4
2026-07-13T19:32:42.062,52.6
2026-07-13T19:32:42.465,52.6
2026-07-13T19:32:42.868,52.8
2026-07-13T19:32:43.271,52.6
2026-07-13T19:32:43.674,52.6
2026-07-13T19:32:44.077,52.9
2026-07-13T19:32:44.480,52.7
2026-07-13T19:32:44.883,52.7
2026-07-13T19:32:45.286,52.9
2026-07-13T19:32:45.689,52.8
2026-07-13T19:32:46.092,52.7
2026-07-13T19:32:46.495,52.7
2026-07-13T19:32:46.898,52.8
2026-07-13T19:32:47.301,52.5
2026-07-13T19:32:47.704,52.4
2026-07-13T19:32:48.107,52.6
2026-07-13T19:32:48.510,52.5
2026-07-13T19:32:48.913,52.3
2026-07-13T19:32:49.316,52.2
2026-07-13T19:32:49.719,52.3
2026-07-13T19:32:50.122,52.0
2026-07-13T19:32:50.525,52.1
2026-07-13T19:32:50.928,51.9
2026-07-13T19:32:51.331,52.0
2026-07-13T19:32:51.734,51.8
2026-07-13T19:32:52.137,52.6
2026-07-13T19:32:52.540,52.2
2026-07-13T19:32:52.943,51.9
2026-07-13T19:32:53.346,51.6
2026-07-13T19:32:53.749,51.4
2026-07-13T19:32:54.152,51.1
2026-07-13T19:32:54.555,51.3
2026-07-13T19:32:54.958,51.0
2026-07-13T19:32:55.361,51.0
2026-07-13T19:32:55.764,50.6
2026-07-13T19:32:56.167,50.5
2026-07-13T19:32:56.570,50.4
2026-07-13T19:32:56.973,50.2
2026-07-13T19:32:57.376,50.2
2026-07-13T19:32:57.779,49.8
2026-07-13T19:32:58.182,49.8
2026-07-13T19:32:58.585,60.6
2026-07-13T19:32:58.988,58.2
2026-07-13T19:32:59.391,56.2
2026-07-13T19:32:59.794,54.2
2026-07-13T19:33:00.197,47.0
2026-07-13T19:33:00.600,46.8
2026-07-13T19:33:01.003,46.9
2026-07-13T19:33:01.406,46.7
2026-07-13T19:33:01.809,46.4
2026-07-13T19:33:02.212,46.1
2026-07-13T19:33:02.615,45.9
2026-07-13T19:33:03.018,45.8
2026-07-13T19:33:03.421,45.6
2026-07-13T19:33:03.824,45.6
2026-07-13T19:33:04.227,45.7
2026-07-13T19:33:04.630,45.6
2026-07-13T19:33:05.033,45.9
2026-07-13T19:33:05.436,46.6
2026-07-13T19:33:05.839,46.7
2026-07-13T19:33:06.242,46.6
2026-07-13T19:33:06.645,46.5
2026-07-13T19:33:07.048,46.8
2026-07-13T19:33:07.451,47.0
2026-07-13T19:33:07.854,47.0
2026-07-13T19:33:08.257,46.8
2026-07-13T19:33:08.660,46.6
2026-07-13T19:33:09.063,46.2
2026-07-13T19:33:09.466,46.1
2026-07-13T19:33:09.869,46.3
2026-07-13T19:33:10.272,46.4
2026-07-13T19:33:10.675,46.7
2026-07-13T19:33:11.078,46.4
2026-07-13T19:33:11.481,46.3
2026-07-13T19:33:11.884,46.6
2026-07-13T19:33:12.288,46.9
2026-07-13T19:33:12.690,47.6
2026-07-13T19:33:13.093,48.2
2026-07-13T19:33:13.496,49.1
2026-07-13T19:33:13.899,49.8
2026-07-13T19:33:14.302,49.9
2026-07-13T19:33:14.705,50.3
2026-07-13T19:33:15.108,50.2
2026-07-13T19:33:15.511,50.2
2026-07-13T19:33:15.914,50.7
2026-07-13T19:33:16.317,50.7
2026-07-13T19:33:16.720,51.0
2026-07-13T19:33:17.123,51.2
2026-07-13T19:33:17.526,51.4
2026-07-13T19:33:17.929,51.5
2026-07-13T19:33:18.332,51.7
2026-07-13T19:33:18.735,51.8
2026-07-13T19:33:19.138,52.0
2026-07-13T19:33:19.541,52.0
2026-07-13T19:33:19.944,52.3
2026-07-13T19:33:20.347,52.5
2026-07-13T19:33:20.750,52.5
2026-07-13T19:33:21.153,52.5
2026-07-13T19:33:21.556,52.6
2026-07-13T19:33:21.959,52.7
2026-07-13T19:33:22.362,52.9
2026-07-13T19:33:22.765,52.9
2026-07-13T19:33:23.168,52.6
2026-07-13T19:33:23.571,52.9
2026-07-13T19:33:23.974,52.5
2026-07-13T19:33:24.377,52.6
2026-07-13T19:33:24.780,52.4
2026-07-13T19:33:25.183,53.0
2026-07-13T19:33:25.586,52.6
2026-07-13T19:33:25.989,52.8
2026-07-13T19:33:26.392,52.7
2026-07-13T19:33:26.795,52.8
2026-07-13T19:33:27.198,52.6
2026-07-13T19:33:27.601,52.7
2026-07-13T19:33:28.004,52.5
2026-07-13T19:33:28.407,52.9
2026-07-13T19:33:28.810,52.7
2026-07-13T19:33:29.213,53.0
2026-07-13T19:33:29.616,52.8
2026-07-13T19:33:30.019,52.8
2026-07-13T19:33:30.422,53.0
2026-07-13T19:33:30.825,52.9
2026-07-13T19:33:31.228,52.8
2026-07-13T19:33:31.631,53.0
2026-07-13T19:33:32.034,53.2
2026-07-13T19:33:32.437,53.1
2026-07-13T19:33:32.840,53.0
2026-07-13T19:33:33.243,53.1
2026-07-13T19:33:33.646,53.0
2026-07-13T19:33:34.049,52.7
2026-07-13T19:33:34.452,52.5
2026-07-13T19:33:34.855,52.2
2026-07-13T19:33:35.258,51.8
2026-07-13T19:33:35.661,51.6
2026-07-13T19:33:36.064,51.5
2026-07-13T19:33:36.467,51.4
2026-07-13T19:33:36.870,51.5
2026-07-13T19:33:37.273,51.3
2026-07-13T19:33:37.676,51.2
2026-07-13T19:33:38.079,51.1
2026-07-13T19:33:38.482,51.1
2026-07-13T19:33:38.885,50.8
2026-07-13T19:33:39.288,50.7
2026-07-13T19:33:39.691,50.6
2026-07-13T19:33:40.094,50.3
2026-07-13T19:33:40.497,50.2
2026-07-13T19:33:40.900,50.2
2026-07-13T19:33:41.303,50.1
2026-07-13T19:33:41.706,50.4
2026-07-13T19:33:42.109,49.9
2026-07-13T19:33:42.512,49.6
2026-07-13T19:33:42.915,49.1
2026-07-13T19:33:43.318,47.9
2026-07-13T19:33:43.721,47.9
2026-07-13T19:33:44.124,47.9
2026-07-13T19:33:44.527,49.4
2026-07-13T19:33:44.930,49.0
2026-07-13T19:33:45.333,48.6
2026-07-13T19:33:45.736,48.5
2026-07-13T19:33:46.139,47.7
2026-07-13T19:33:46.542,47.6
2026-07-13T19:33:46.945,47.8
2026-07-13T19:33:47.348,47.6
2026-07-13T19:33:47.751,47.4
2026-07-13T19:33:48.154,47.0
2026-07-13T19:33:48.557,47.4
2026-07-13T19:33:48.960,47.5
2026-07-13T19:33:49.363,47.2
2026-07-13T19:33:49.766,47.3
2026-07-13T19:33:50.169,47.1
2026-07-13T19:33:50.572,47.3
2026-07-13T19:33:50.975,47.3
2026-07-13T19:33:51.378,50.9
2026-07-13T19:33:51.781,50.5
2026-07-13T19:33:52.184,50.1
2026-07-13T19:33:52.587,49.6
2026-07-13T19:33:52.990,48.0
2026-07-13T19:33:53.393,47.5
2026-07-13T19:33:53.796,47.5
2026-07-13T19:33:54.199,47.5
2026-07-13T19:33:54.602,48.0
2026-07-13T19:33:55.005,49.8
2026-07-13T19:33:55.408,49.1
2026-07-13T19:33:55.811,48.8
2026-07-13T19:33:56.214,48.5
2026-07-13T19:33:56.617,47.7
2026-07-13T19:33:57.020,48.0
2026-07-13T19:33:57.423,48.2
2026-07-13T19:33:57.826,47.9
2026-07-13T19:33:58.229,48.6
2026-07-13T19:33:58.632,48.7
2026-07-13T19:33:59.035,48.9
2026-07-13T19:33:59.438,49.3
2026-07-13T19:33:59.841,49.1
2026-07-13T19:34:00.244,49.5
2026-07-13T19:34:00.647,49.9
2026-07-13T19:34:01.050,50.4
2026-07-13T19:34:01.453,50.0
2026-07-13T19:34:01.856,50.2
2026-07-13T19:34:02.259,50.4
2026-07-13T19:34:02.662,50.5
2026-07-13T19:34:03.065,50.6
2026-07-13T19:34:03.468,50.7
2026-07-13T19:34:03.871,51.4
2026-07-13T19:34:04.274,51.9
2026-07-13T19:34:04.677,52.0
2026-07-13T19:34:05.080,52.1
2026-07-13T19:34:05.483,52.5
2026-07-13T19:34:05.886,53.4
2026-07-13T19:34:06.289,53.3
2026-07-13T19:34:06.692,53.5
2026-07-13T19:34:07.094,53.3
2026-07-13T19:34:07.498,53.2
2026-07-13T19:34:07.900,53.2
2026-07-13T19:34:08.304,53.6
2026-07-13T19:34:08.706,53.5
2026-07-13T19:34:09.109,54.0
2026-07-13T19:34:09.512,53.6
2026-07-13T19:34:09.915,53.6
2026-07-13T19:34:10.318,53.8
2026-07-13T19:34:10.721,53.7
2026-07-13T19:34:11.124,54.2
2026-07-13T19:34:11.528,54.0
2026-07-13T19:34:11.930,53.6
2026-07-13T19:34:12.333,53.6
2026-07-13T19:34:12.736,53.7
2026-07-13T19:34:13.139,53.5
2026-07-13T19:34:13.542,53.4
2026-07-13T19:34:13.945,53.7
2026-07-13T19:34:14.348,53.6
2026-07-13T19:34:14.751,53.3
2026-07-13T19:34:15.154,53.3
2026-07-13T19:34:15.558,53.2
2026-07-13T19:34:15.961,53.3
2026-07-13T19:34:16.364,53.2
2026-07-13T19:34:16.767,53.2
2026-07-13T19:34:17.170,53.2
2026-07-13T19:34:17.573,53.0
2026-07-13T19:34:17.976,53.0
2026-07-13T19:34:18.379,52.7
2026-07-13T19:34:18.782,52.6
2026-07-13T19:34:19.185,52.5
2026-07-13T19:34:19.588,52.1
2026-07-13T19:34:19.991,52.1
2026-07-13T19:34:20.394,51.7
2026-07-13T19:34:20.797,51.7
2026-07-13T19:34:21.200,51.6
2026-07-13T19:34:21.603,51.5
2026-07-13T19:34:22.006,51.3
2026-07-13T19:34:22.409,51.3
2026-07-13T19:34:22.812,51.4
2026-07-13T19:34:23.215,51.2
2026-07-13T19:34:23.618,51.1
2026-07-13T19:34:24.021,50.9
2026-07-13T19:34:24.424,50.7
2026-07-13T19:34:24.827,50.8
2026-07-13T19:34:25.230,50.5
2026-07-13T19:34:25.633,50.5
2026-07-13T19:34:26.036,50.4
2026-07-13T19:34:26.439,50.2
2026-07-13T19:34:26.842,50.2
2026-07-13T19:34:27.245,50.1
2026-07-13T19:34:27.648,50.4
2026-07-13T19:34:28.051,50.0
2026-07-13T19:34:28.454,49.7
2026-07-13T19:34:28.857,49.9
2026-07-13T19:34:29.260,49.7
2026-07-13T19:34:29.663,49.8
2026-07-13T19:34:30.066,49.9
2026-07-13T19:34:30.469,49.8
2026-07-13T19:34:30.872,50.0
2026-07-13T19:34:31.275,50.1
2026-07-13T19:34:31.678,49.8
2026-07-13T19:34:32.081,49.9
2026-07-13T19:34:32.484,49.8
2026-07-13T19:34:32.887,49.7
2026-07-13T19:34:33.290,49.6
2026-07-13T19:34:33.693,49.2
2026-07-13T19:34:34.096,49.6
2026-07-13T19:34:34.499,50.0
2026-07-13T19:34:34.902,49.7
2026-07-13T19:34:35.305,49.6
2026-07-13T19:34:35.708,49.3
2026-07-13T19:34:36.111,49.7
2026-07-13T19:34:36.514,49.5
2026-07-13T19:34:36.917,49.3
2026-07-13T19:34:37.320,49.4
2026-07-13T19:34:37.723,50.1
2026-07-13T19:34:38.126,50.0
2026-07-13T19:34:38.529,50.3
2026-07-13T19:34:38.932,50.4
2026-07-13T19:34:39.335,50.0
2026-07-13T19:34:39.738,49.9
2026-07-13T19:34:40.141,49.6
2026-07-13T19:34:40.544,50.2
2026-07-13T19:34:40.947,49.8
2026-07-13T19:34:41.350,50.9
2026-07-13T19:34:41.753,50.4
2026-07-13T19:34:42.156,50.1
2026-07-13T19:34:42.559,49.8
2026-07-13T19:34:42.962,48.4
2026-07-13T19:34:43.365,48.5
2026-07-13T19:34:43.768,48.4
2026-07-13T19:34:44.171,48.8
2026-07-13T19:34:44.574,50.0
2026-07-13T19:34:44.977,49.8
2026-07-13T19:34:45.380,49.2
2026-07-13T19:34:45.783,48.9
2026-07-13T19:34:46.186,47.5
2026-07-13T19:34:46.589,47.8
2026-07-13T19:34:46.992,47.4
2026-07-13T19:34:47.395,47.3
2026-07-13T19:34:47.798,47.3
2026-07-13T19:34:48.201,47.1
2026-07-13T19:34:48.604,47.3
2026-07-13T19:34:49.007,47.2
2026-07-13T19:34:49.410,47.1
2026-07-13T19:34:49.813,46.7
2026-07-13T19:34:50.216,46.4
2026-07-13T19:34:50.619,45.7
2026-07-13T19:34:51.022,46.1
2026-07-13T19:34:51.425,46.4
2026-07-13T19:34:51.828,46.0
2026-07-13T19:34:52.231,45.7
2026-07-13T19:34:52.634,45.6
2026-07-13T19:34:53.037,45.6
2026-07-13T19:34:53.440,52.9
2026-07-13T19:34:53.843,52.1
2026-07-13T19:34:54.246,50.6
2026-07-13T19:34:54.649,49.5
2026-07-13T19:34:55.052,44.5
2026-07-13T19:34:55.455,44.6
2026-07-13T19:34:55.858,44.5
2026-07-13T19:34:56.261,44.5
2026-07-13T19:34:56.664,44.3
2026-07-13T19:34:57.067,44.9
2026-07-13T19:34:57.470,44.6
2026-07-13T19:34:57.873,49.5
2026-07-13T19:34:58.276,48.7
2026-07-13T19:34:58.679,47.8
2026-07-13T19:34:59.082,47.2
2026-07-13T19:34:59.485,44.7
2026-07-13T19:34:59.888,44.9
2026-07-13T19:35:00.291,44.7
2026-07-13T19:35:00.694,44.6
2026-07-13T19:35:01.097,44.5
2026-07-13T19:35:01.500,44.1
2026-07-13T19:35:01.903,43.8
2026-07-13T19:35:02.306,43.7
2026-07-13T19:35:02.709,43.6
2026-07-13T19:35:03.112,43.9
2026-07-13T19:35:03.515,44.0
2026-07-13T19:35:03.918,44.0
2026-07-13T19:35:04.321,43.9
2026-07-13T19:35:04.724,44.2
2026-07-13T19:35:05.127,44.3
2026-07-13T19:35:05.530,44.3
2026-07-13T19:35:05.933,44.6
2026-07-13T19:35:06.336,44.5
2026-07-13T19:35:06.739,47.0
2026-07-13T19:35:07.142,46.9
2026-07-13T19:35:07.545,46.5
2026-07-13T19:35:07.948,46.0
2026-07-13T19:35:08.351,44.5
2026-07-13T19:35:08.754,44.6
2026-07-13T19:35:09.157,44.2
2026-07-13T19:35:09.560,44.7
2026-07-13T19:35:09.963,45.4
2026-07-13T19:35:10.366,46.1
2026-07-13T19:35:10.769,46.9
2026-07-13T19:35:11.172,47.2
2026-07-13T19:35:11.575,47.9
2026-07-13T19:35:11.978,49.2
2026-07-13T19:35:12.381,50.0
2026-07-13T19:35:12.784,50.5
2026-07-13T19:35:13.187,51.0
2026-07-13T19:35:13.590,51.6
2026-07-13T19:35:13.993,52.0
2026-07-13T19:35:14.396,52.5
2026-07-13T19:35:14.799,52.8
2026-07-13T19:35:15.202,53.3
2026-07-13T19:35:15.605,53.3
2026-07-13T19:35:16.008,53.6
2026-07-13T19:35:16.411,53.6
2026-07-13T19:35:16.814,53.9
2026-07-13T19:35:17.217,54.2
2026-07-13T19:35:17.620,54.0
2026-07-13T19:35:18.023,54.3
2026-07-13T19:35:18.426,54.1
2026-07-13T19:35:18.829,54.2
2026-07-13T19:35:19.232,54.3
2026-07-13T19:35:19.635,54.1
2026-07-13T19:35:20.038,54.0
2026-07-13T19:35:20.441,54.1
2026-07-13T19:35:20.844,54.0
2026-07-13T19:35:21.247,54.3
2026-07-13T19:35:21.650,54.1
2026-07-13T19:35:22.053,54.1
2026-07-13T19:35:22.456,54.2
2026-07-13T19:35:22.859,54.0
2026-07-13T19:35:23.262,53.8
2026-07-13T19:35:23.665,53.9
2026-07-13T19:35:24.068,53.6
2026-07-13T19:35:24.471,53.8
2026-07-13T19:35:24.874,54.1
2026-07-13T19:35:25.277,53.9
2026-07-13T19:35:25.680,53.7
2026-07-13T19:35:26.083,53.6
2026-07-13T19:35:26.486,53.5
2026-07-13T19:35:26.889,53.2
2026-07-13T19:35:27.292,53.0
2026-07-13T19:35:27.695,53.4
2026-07-13T19:35:28.097,53.3
2026-07-13T19:35:28.500,52.9
2026-07-13T19:35:28.903,52.7
2026-07-13T19:35:29.306,52.5
2026-07-13T19:35:29.709,52.4
2026-07-13T19:35:30.112,52.1
2026-07-13T19:35:30.515,52.1
2026-07-13T19:35:30.918,52.1
2026-07-13T19:35:31.321,52.0
2026-07-13T19:35:31.724,51.9
2026-07-13T19:35:32.127,52.0
2026-07-13T19:35:32.530,51.8
2026-07-13T19:35:32.933,51.5
2026-07-13T19:35:33.336,51.4
2026-07-13T19:35:33.739,51.3
2026-07-13T19:35:34.142,51.2
2026-07-13T19:35:34.545,51.0
2026-07-13T19:35:34.948,50.9
2026-07-13T19:35:35.351,50.5
2026-07-13T19:35:35.754,50.2
2026-07-13T19:35:36.157,50.2
2026-07-13T19:35:36.560,50.1
2026-07-13T19:35:36.963,49.6
2026-07-13T19:35:37.366,49.2
2026-07-13T19:35:37.769,47.9
2026-07-13T19:35:38.172,47.8
2026-07-13T19:35:38.575,47.4
2026-07-13T19:35:38.977,47.0
2026-07-13T19:35:39.380,46.9
2026-07-13T19:35:39.783,46.6
2026-07-13T19:35:40.186,46.2
2026-07-13T19:35:40.589,45.7
2026-07-13T19:35:40.992,45.3
2026-07-13T19:35:41.395,45.2
2026-07-13T19:35:41.798,45.1
2026-07-13T19:35:42.201,44.7
2026-07-13T19:35:42.604,44.3
2026-07-13T19:35:43.007,44.5
2026-07-13T19:35:43.410,44.4
2026-07-13T19:35:43.813,44.1
2026-07-13T19:35:44.216,44.0
2026-07-13T19:35:44.619,43.7
2026-07-13T19:35:45.022,44.0
2026-07-13T19:35:45.425,44.2
2026-07-13T19:35:45.828,43.9
2026-07-13T19:35:46.231,44.0
2026-07-13T19:35:46.634,44.1
2026-07-13T19:35:47.037,43.9
2026-07-13T19:35:47.440,44.2
2026-07-13T19:35:47.843,43.8
2026-07-13T19:35:48.246,43.7
2026-07-13T19:35:48.649,49.9
2026-07-13T19:35:49.052,58.3
2026-07-13T19:35:49.455,55.0
2026-07-13T19:35:49.858,53.3
2026-07-13T19:35:50.261,52.1
2026-07-13T19:35:50.664,57.2
2026-07-13T19:35:51.067,55.4
2026-07-13T19:35:51.470,53.5
2026-07-13T19:35:51.873,51.7
2026-07-13T19:35:52.276,47.5
2026-07-13T19:35:52.679,47.2
2026-07-13T19:35:53.082,46.5
2026-07-13T19:35:53.484,46.3
2026-07-13T19:35:53.887,46.7
2026-07-13T19:35:54.291,50.2
2026-07-13T19:35:54.693,50.1
2026-07-13T19:35:55.096,49.4
2026-07-13T19:35:55.499,49.2
2026-07-13T19:35:55.902,49.7
2026-07-13T19:35:56.305,50.3
2026-07-13T19:35:56.708,50.6
2026-07-13T19:35:57.111,51.1
2026-07-13T19:35:57.514,52.1
2026-07-13T19:35:57.917,52.6
2026-07-13T19:35:58.320,52.7
2026-07-13T19:35:58.723,53.0
2026-07-13T19:35:59.126,53.4
2026-07-13T19:35:59.529,53.6
2026-07-13T19:35:59.932,53.7
2026-07-13T19:36:00.335,55.3
2026-07-13T19:36:00.738,55.2
2026-07-13T19:36:01.141,55.0
2026-07-13T19:36:01.544,54.7
2026-07-13T19:36:01.947,53.7
2026-07-13T19:36:02.350,53.7
2026-07-13T19:36:02.753,53.9
2026-07-13T19:36:03.156,53.8
2026-07-13T19:36:03.559,53.8
2026-07-13T19:36:03.962,53.7
2026-07-13T19:36:04.365,55.5
2026-07-13T19:36:04.768,55.1
2026-07-13T19:36:05.171,54.6
2026-07-13T19:36:05.574,55.2
2026-07-13T19:36:05.977,54.8
2026-07-13T19:36:06.380,54.5
2026-07-13T19:36:06.783,54.2
2026-07-13T19:36:07.186,53.3
2026-07-13T19:36:07.589,53.6
2026-07-13T19:36:07.992,53.7
2026-07-13T19:36:08.395,53.3
2026-07-13T19:36:08.798,53.2
2026-07-13T19:36:09.200,53.0
2026-07-13T19:36:09.603,52.8
2026-07-13T19:36:10.006,52.8
2026-07-13T19:36:10.409,52.8
2026-07-13T19:36:10.812,52.5
2026-07-13T19:36:11.215,52.6
2026-07-13T19:36:11.618,52.4
2026-07-13T19:36:12.021,52.4
2026-07-13T19:36:12.424,52.3
2026-07-13T19:36:12.827,52.2
2026-07-13T19:36:13.230,52.1
2026-07-13T19:36:13.633,52.0
2026-07-13T19:36:14.036,52.0
2026-07-13T19:36:14.439,51.9
2026-07-13T19:36:14.842,51.8
2026-07-13T19:36:15.245,51.4
2026-07-13T19:36:15.648,51.2
2026-07-13T19:36:16.051,57.7
2026-07-13T19:36:16.454,56.4
2026-07-13T19:36:16.857,55.0
2026-07-13T19:36:17.260,53.7
2026-07-13T19:36:17.663,50.1
2026-07-13T19:36:18.066,49.6
2026-07-13T19:36:18.469,48.9
2026-07-13T19:36:18.872,48.0
2026-07-13T19:36:19.275,47.3
2026-07-13T19:36:19.678,51.5
2026-07-13T19:36:20.081,50.4
2026-07-13T19:36:20.484,49.6
2026-07-13T19:36:20.887,48.7
2026-07-13T19:36:21.290,47.2
2026-07-13T19:36:21.693,45.6
2026-07-13T19:36:22.096,45.9
2026-07-13T19:36:22.499,46.2
2026-07-13T19:36:22.902,45.9
2026-07-13T19:36:23.305,45.4
2026-07-13T19:36:23.708,44.9
2026-07-13T19:36:24.111,45.1
2026-07-13T19:36:24.514,50.0
2026-07-13T19:36:24.917,48.9
2026-07-13T19:36:25.320,47.9
2026-07-13T19:36:25.723,47.2
2026-07-13T19:36:26.126,43.6
2026-07-13T19:36:26.529,46.1
2026-07-13T19:36:26.932,45.3
2026-07-13T19:36:27.335,44.7
2026-07-13T19:36:27.738,44.3
2026-07-13T19:36:28.140,45.2
2026-07-13T19:36:28.544,44.9
2026-07-13T19:36:28.946,44.5
2026-07-13T19:36:29.349,44.1
2026-07-13T19:36:29.752,42.6
2026-07-13T19:36:30.155,45.5
2026-07-13T19:36:30.558,44.7
2026-07-13T19:36:30.961,44.3
2026-07-13T19:36:31.364,43.9
2026-07-13T19:36:31.767,42.7
2026-07-13T19:36:32.170,42.5
2026-07-13T19:36:32.573,42.7
2026-07-13T19:36:32.976,42.3
2026-07-13T19:36:33.379,42.8
2026-07-13T19:36:33.782,42.7
2026-07-13T19:36:34.185,42.3
2026-07-13T19:36:34.588,42.5
2026-07-13T19:36:34.991,42.4
2026-07-13T19:36:35.394,42.4
2026-07-13T19:36:35.797,42.4
2026-07-13T19:36:36.200,42.3
2026-07-13T19:36:36.603,42.6
2026-07-13T19:36:37.006,42.6
2026-07-13T19:36:37.409,43.5
2026-07-13T19:36:37.812,43.0
2026-07-13T19:36:38.215,42.7
2026-07-13T19:36:38.618,43.3
2026-07-13T19:36:39.021,43.2
2026-07-13T19:36:39.424,43.0
2026-07-13T19:36:39.827,42.7
2026-07-13T19:36:40.230,42.5
2026-07-13T19:36:40.633,42.4
2026-07-13T19:36:41.036,42.3
2026-07-13T19:36:41.439,42.8
2026-07-13T19:36:41.842,42.7
2026-07-13T19:36:42.245,42.5
2026-07-13T19:36:42.648,42.5
2026-07-13T19:36:43.051,42.6
2026-07-13T19:36:43.454,42.5
2026-07-13T19:36:43.857,42.3
2026-07-13T19:36:44.262,42.8
2026-07-13T19:36:44.663,42.5
2026-07-13T19:36:45.066,42.8
2026-07-13T19:36:45.469,42.4
2026-07-13T19:36:45.872,42.6
2026-07-13T19:36:46.275,42.2
2026-07-13T19:36:46.678,42.3
2026-07-13T19:36:47.081,42.3
2026-07-13T19:36:47.484,42.3
2026-07-13T19:36:47.887,42.6
2026-07-13T19:36:48.290,42.5
2026-07-13T19:36:48.693,42.4
2026-07-13T19:36:49.096,42.6
2026-07-13T19:36:49.499,42.7
2026-07-13T19:36:49.902,42.6
2026-07-13T19:36:50.305,42.8
2026-07-13T19:36:50.708,42.6
2026-07-13T19:36:51.111,43.1
2026-07-13T19:36:51.514,42.9
2026-07-13T19:36:51.917,42.6
2026-07-13T19:36:52.320,42.6
2026-07-13T19:36:52.723,42.3
2026-07-13T19:36:53.126,42.3
2026-07-13T19:36:53.529,42.5
2026-07-13T19:36:53.932,42.3
2026-07-13T19:36:54.335,42.4
2026-07-13T19:36:54.738,42.5
2026-07-13T19:36:55.141,42.5
2026-07-13T19:36:55.544,42.2
2026-07-13T19:36:55.947,42.5
2026-07-13T19:36:56.350,42.4
2026-07-13T19:36:56.753,42.6
2026-07-13T19:36:57.156,42.2
2026-07-13T19:36:57.559,42.4
2026-07-13T19:36:57.962,42.2
2026-07-13T19:36:58.365,42.4
2026-07-13T19:36:58.768,42.2
2026-07-13T19:36:59.171,42.3
2026-07-13T19:36:59.574,43.0
2026-07-13T19:36:59.977,43.0
2026-07-13T19:37:00.380,43.0
2026-07-13T19:37:00.783,43.2
2026-07-13T19:37:01.186,42.8
2026-07-13T19:37:01.589,43.4
2026-07-13T19:37:01.992,43.1
2026-07-13T19:37:02.395,43.2
2026-07-13T19:37:02.798,43.2
2026-07-13T19:37:03.201,43.1
2026-07-13T19:37:03.604,43.0
2026-07-13T19:37:04.007,42.9
2026-07-13T19:37:04.410,42.5
2026-07-13T19:37:04.813,42.8
2026-07-13T19:37:05.216,42.7
2026-07-13T19:37:05.619,42.4
2026-07-13T19:37:06.022,42.6
2026-07-13T19:37:06.425,42.8
2026-07-13T19:37:06.828,42.7
2026-07-13T19:37:07.231,42.7
2026-07-13T19:37:07.633,42.6
2026-07-13T19:37:08.036,42.7
2026-07-13T19:37:08.439,42.6
2026-07-13T19:37:08.842,42.7
2026-07-13T19:37:09.245,42.9
2026-07-13T19:37:09.648,42.8
2026-07-13T19:37:10.051,42.8
2026-07-13T19:37:10.454,42.9
2026-07-13T19:37:10.857,42.8
2026-07-13T19:37:11.260,42.8
2026-07-13T19:37:11.663,42.7
2026-07-13T19:37:12.066,43.5
2026-07-13T19:37:12.469,43.3
2026-07-13T19:37:12.872,43.2
2026-07-13T19:37:13.275,42.9
2026-07-13T19:37:13.678,48.1
2026-07-13T19:37:14.081,46.8
2026-07-13T19:37:14.484,46.0
2026-07-13T19:37:14.887,45.3
2026-07-13T19:37:15.290,43.5
2026-07-13T19:37:15.693,45.0
2026-07-13T19:37:16.096,46.9
2026-07-13T19:37:16.499,48.5
2026-07-13T19:37:16.902,50.4
2026-07-13T19:37:17.305,50.4
2026-07-13T19:37:17.708,51.1
2026-07-13T19:37:18.111,51.7
2026-07-13T19:37:18.514,52.7
2026-07-13T19:37:18.917,52.6
2026-07-13T19:37:19.320,52.8
2026-07-13T19:37:19.723,53.0
2026-07-13T19:37:20.126,53.5
2026-07-13T19:37:20.529,53.2
2026-07-13T19:37:20.932,53.7
2026-07-13T19:37:21.335,53.7
2026-07-13T19:37:21.738,53.9
2026-07-13T19:37:22.140,54.7
2026-07-13T19:37:22.543,54.5
2026-07-13T19:37:22.946,54.4
2026-07-13T19:37:23.349,54.2
2026-07-13T19:37:23.752,53.6
2026-07-13T19:37:24.155,54.2
2026-07-13T19:37:24.558,54.0
2026-07-13T19:37:24.961,53.9
2026-07-13T19:37:25.364,54.0
2026-07-13T19:37:25.767,53.8
2026-07-13T19:37:26.170,53.6
2026-07-13T19:37:26.573,53.7
2026-07-13T19:37:26.976,53.8
2026-07-13T19:37:27.379,53.7
2026-07-13T19:37:27.782,53.7
2026-07-13T19:37:28.185,53.8
2026-07-13T19:37:28.588,53.7
2026-07-13T19:37:28.991,57.3
2026-07-13T19:37:29.394,57.4
2026-07-13T19:37:29.797,56.7
2026-07-13T19:37:30.200,56.4
2026-07-13T19:37:30.603,55.8
2026-07-13T19:37:31.006,53.3
2026-07-13T19:37:31.409,53.2
2026-07-13T19:37:31.812,53.3
2026-07-13T19:37:32.215,54.8
2026-07-13T19:37:32.618,54.1
2026-07-13T19:37:33.021,53.6
2026-07-13T19:37:33.424,53.4
2026-07-13T19:37:33.827,56.4
2026-07-13T19:37:34.230,55.3
2026-07-13T19:37:34.633,54.5
2026-07-13T19:37:35.036,54.0
2026-07-13T19:37:35.439,57.0
2026-07-13T19:37:35.842,56.1
2026-07-13T19:37:36.245,55.3
2026-07-13T19:37:36.648,54.5
2026-07-13T19:37:37.051,55.1
2026-07-13T19:37:37.454,54.2
2026-07-13T19:37:37.856,53.6
2026-07-13T19:37:38.259,53.0
2026-07-13T19:37:38.662,50.6
2026-07-13T19:37:39.065,50.3
2026-07-13T19:37:39.468,60.0
2026-07-13T19:37:39.871,63.6
2026-07-13T19:37:40.274,62.2
2026-07-13T19:37:40.677,60.8
2026-07-13T19:37:41.080,58.1
2026-07-13T19:37:41.483,47.6
2026-07-13T19:37:41.886,47.8
2026-07-13T19:37:42.289,47.4
2026-07-13T19:37:42.692,47.3
2026-07-13T19:37:43.095,47.0
2026-07-13T19:37:43.498,55.6
2026-07-13T19:37:43.901,55.1
2026-07-13T19:37:44.304,53.3
2026-07-13T19:37:44.707,51.7
2026-07-13T19:37:45.110,44.2
2026-07-13T19:37:45.513,43.8
2026-07-13T19:37:45.916,44.3
2026-07-13T19:37:46.319,49.1
2026-07-13T19:37:46.722,50.0
2026-07-13T19:37:47.125,48.8
2026-07-13T19:37:47.528,50.0
2026-07-13T19:37:47.931,48.9
2026-07-13T19:37:48.334,48.0
2026-07-13T19:37:48.737,47.4
2026-07-13T19:37:49.140,44.6
2026-07-13T19:37:49.543,43.6
2026-07-13T19:37:49.946,48.7
2026-07-13T19:37:50.349,47.9
2026-07-13T19:37:50.752,55.8
2026-07-13T19:37:51.155,53.4
2026-07-13T19:37:51.558,51.1
2026-07-13T19:37:51.961,49.4
2026-07-13T19:37:52.364,43.0
2026-07-13T19:37:52.767,43.8
2026-07-13T19:37:53.170,43.5
2026-07-13T19:37:53.573,43.2
2026-07-13T19:37:53.976,43.2
2026-07-13T19:37:54.379,43.4
2026-07-13T19:37:54.782,43.3
2026-07-13T19:37:55.185,43.5
2026-07-13T19:37:55.588,43.6
2026-07-13T19:37:55.991,44.0
2026-07-13T19:37:56.394,44.0
2026-07-13T19:37:56.797,44.7
2026-07-13T19:37:57.200,44.8
2026-07-13T19:37:57.603,45.0
2026-07-13T19:37:58.006,46.2
2026-07-13T19:37:58.409,47.1
2026-07-13T19:37:58.812,48.0
2026-07-13T19:37:59.215,49.5
2026-07-13T19:37:59.618,49.9
2026-07-13T19:38:00.020,50.3
2026-07-13T19:38:00.424,50.7
2026-07-13T19:38:00.826,51.4
2026-07-13T19:38:01.229,52.1
2026-07-13T19:38:01.632,52.2
2026-07-13T19:38:02.035,52.7
2026-07-13T19:38:02.438,52.7
2026-07-13T19:38:02.841,52.9
2026-07-13T19:38:03.244,53.0
2026-07-13T19:38:03.647,53.3
2026-07-13T19:38:04.050,53.3
2026-07-13T19:38:04.453,53.6
2026-07-13T19:38:04.856,53.4
2026-07-13T19:38:05.259,53.7
2026-07-13T19:38:05.662,53.6
2026-07-13T19:38:06.065,53.9
2026-07-13T19:38:06.468,53.8
2026-07-13T19:38:06.871,54.0
2026-07-13T19:38:07.274,53.7
2026-07-13T19:38:07.677,53.5
2026-07-13T19:38:08.080,53.8
2026-07-13T19:38:08.483,53.6
2026-07-13T19:38:08.886,54.1
2026-07-13T19:38:09.289,54.0
2026-07-13T19:38:09.692,53.6
2026-07-13T19:38:10.095,53.4
2026-07-13T19:38:10.498,53.9
2026-07-13T19:38:10.901,53.7
2026-07-13T19:38:11.304,53.9
2026-07-13T19:38:11.707,53.6
2026-07-13T19:38:12.110,53.8
2026-07-13T19:38:12.513,53.4
2026-07-13T19:38:12.916,53.4
2026-07-13T19:38:13.319,53.6
2026-07-13T19:38:13.722,53.4
2026-07-13T19:38:14.125,53.3
2026-07-13T19:38:14.528,53.2
2026-07-13T19:38:14.931,53.2
2026-07-13T19:38:15.334,52.8
2026-07-13T19:38:15.737,53.1
2026-07-13T19:38:16.140,53.1
2026-07-13T19:38:16.543,53.2
2026-07-13T19:38:16.946,53.1
2026-07-13T19:38:17.349,52.7
2026-07-13T19:38:17.752,52.3
2026-07-13T19:38:18.154,52.0
2026-07-13T19:38:18.557,51.8
2026-07-13T19:38:18.960,51.8
2026-07-13T19:38:19.363,51.4
2026-07-13T19:38:19.766,51.1
2026-07-13T19:38:20.169,51.0
2026-07-13T19:38:20.572,50.8
2026-07-13T19:38:20.975,50.5
2026-07-13T19:38:21.378,50.3
2026-07-13T19:38:21.781,49.8
2026-07-13T19:38:22.184,48.8
2026-07-13T19:38:22.587,48.1
2026-07-13T19:38:22.990,47.2
2026-07-13T19:38:23.393,47.4
2026-07-13T19:38:23.796,48.8
2026-07-13T19:38:24.199,48.2
2026-07-13T19:38:24.602,47.7
2026-07-13T19:38:25.005,46.8
2026-07-13T19:38:25.408,44.4
2026-07-13T19:38:25.811,44.3
2026-07-13T19:38:26.214,44.0
2026-07-13T19:38:26.617,43.7
2026-07-13T19:38:27.020,43.4
2026-07-13T19:38:27.423,42.9
2026-07-13T19:38:27.826,42.5
2026-07-13T19:38:28.229,42.8
2026-07-13T19:38:28.632,42.8
2026-07-13T19:38:29.035,43.5
2026-07-13T19:38:29.438,49.7
2026-07-13T19:38:29.841,49.1
2026-07-13T19:38:30.244,48.3
2026-07-13T19:38:30.647,47.0
2026-07-13T19:38:31.050,42.8
2026-07-13T19:38:31.453,42.4
2026-07-13T19:38:31.856,42.5
2026-07-13T19:38:32.259,42.4
2026-07-13T19:38:32.662,42.3
2026-07-13T19:38:33.065,42.5
2026-07-13T19:38:33.468,42.6
2026-07-13T19:38:33.871,50.0
2026-07-13T19:38:34.274,48.5
2026-07-13T19:38:34.677,47.6
2026-07-13T19:38:35.080,46.7
2026-07-13T19:38:35.483,42.6
2026-07-13T19:38:35.886,42.2
2026-07-13T19:38:36.289,42.5
2026-07-13T19:38:36.692,42.3
2026-07-13T19:38:37.095,42.8
2026-07-13T19:38:37.498,42.7
2026-07-13T19:38:37.901,42.4
2026-07-13T19:38:38.304,42.8
2026-07-13T19:38:38.707,42.5
2026-07-13T19:38:39.110,42.7
2026-07-13T19:38:39.513,42.3
2026-07-13T19:38:39.916,42.6
2026-07-13T19:38:40.319,42.3
2026-07-13T19:38:40.722,42.3
2026-07-13T19:38:41.125,42.5
2026-07-13T19:38:41.528,42.6
2026-07-13T19:38:41.931,42.4
2026-07-13T19:38:42.334,42.5
2026-07-13T19:38:42.736,42.5
2026-07-13T19:38:43.139,42.9
2026-07-13T19:38:43.542,42.6
2026-07-13T19:38:43.945,42.6
2026-07-13T19:38:44.348,43.4
2026-07-13T19:38:44.752,43.3
2026-07-13T19:38:45.154,45.2
2026-07-13T19:38:45.557,45.6
2026-07-13T19:38:45.960,44.9
2026-07-13T19:38:46.363,44.3
2026-07-13T19:38:46.766,44.2
2026-07-13T19:38:47.169,43.3
2026-07-13T19:38:47.572,43.3
2026-07-13T19:38:47.975,43.9
2026-07-13T19:38:48.378,43.7
2026-07-13T19:38:48.781,43.3
2026-07-13T19:38:49.184,44.5
2026-07-13T19:38:49.587,44.1
2026-07-13T19:38:49.990,43.6
2026-07-13T19:38:50.393,43.1
2026-07-13T19:38:50.796,42.5
2026-07-13T19:38:51.199,42.5
2026-07-13T19:38:51.602,42.6
2026-07-13T19:38:52.005,42.5
2026-07-13T19:38:52.408,42.6
2026-07-13T19:38:52.811,43.0
2026-07-13T19:38:53.214,42.7
2026-07-13T19:38:53.617,42.4
2026-07-13T19:38:54.020,42.6
2026-07-13T19:38:54.423,42.6
2026-07-13T19:38:54.826,42.7
2026-07-13T19:38:55.229,42.4
2026-07-13T19:38:55.632,42.6
2026-07-13T19:38:56.035,42.6
2026-07-13T19:38:56.438,42.4
2026-07-13T19:38:56.841,42.5
2026-07-13T19:38:57.244,42.4
2026-07-13T19:38:57.647,42.3
2026-07-13T19:38:58.050,42.6
2026-07-13T19:38:58.453,42.6
2026-07-13T19:38:58.856,42.4
2026-07-13T19:38:59.259,42.5
2026-07-13T19:38:59.662,42.6
2026-07-13T19:39:00.064,42.7
2026-07-13T19:39:00.467,42.5
2026-07-13T19:39:00.870,42.2
2026-07-13T19:39:01.273,42.4
2026-07-13T19:39:01.676,42.7
2026-07-13T19:39:02.079,42.6
2026-07-13T19:39:02.482,42.4
2026-07-13T19:39:02.885,42.3
2026-07-13T19:39:03.292,41.9
2026-07-13T19:39:03.691,42.4
2026-07-13T19:39:04.094,42.6
2026-07-13T19:39:04.497,42.5
2026-07-13T19:39:04.900,42.3
2026-07-13T19:39:05.304,42.6
2026-07-13T19:39:05.706,42.8
2026-07-13T19:39:06.109,42.6
2026-07-13T19:39:06.512,42.3
2026-07-13T19:39:06.915,42.4
2026-07-13T19:39:07.318,42.6
2026-07-13T19:39:07.721,42.4
2026-07-13T19:39:08.124,42.2
2026-07-13T19:39:08.527,42.2
2026-07-13T19:39:08.930,42.3
2026-07-13T19:39:09.333,42.5
2026-07-13T19:39:09.736,42.3
2026-07-13T19:39:10.139,42.3
2026-07-13T19:39:10.542,42.3
2026-07-13T19:39:10.945,42.6
2026-07-13T19:39:11.348,42.8
2026-07-13T19:39:11.751,42.7
2026-07-13T19:39:12.154,42.4
2026-07-13T19:39:12.556,42.5
2026-07-13T19:39:12.959,42.3
2026-07-13T19:39:13.362,42.5
2026-07-13T19:39:13.765,42.4
2026-07-13T19:39:14.168,42.4
2026-07-13T19:39:14.571,42.6
2026-07-13T19:39:14.974,42.5
2026-07-13T19:39:15.377,42.4
2026-07-13T19:39:15.780,42.6
2026-07-13T19:39:16.183,42.9
2026-07-13T19:39:16.586,43.6
2026-07-13T19:39:16.989,43.3
2026-07-13T19:39:17.392,47.8
2026-07-13T19:39:17.795,47.3
2026-07-13T19:39:18.198,46.4
2026-07-13T19:39:18.601,45.7
2026-07-13T19:39:19.004,42.7
2026-07-13T19:39:19.407,43.3
2026-07-13T19:39:19.810,43.2
2026-07-13T19:39:20.213,43.0
2026-07-13T19:39:20.616,42.8
2026-07-13T19:39:21.019,44.4
2026-07-13T19:39:21.422,44.1
2026-07-13T19:39:21.825,43.5
2026-07-13T19:39:22.228,43.0
2026-07-13T19:39:22.631,43.3
2026-07-13T19:39:23.034,43.1
2026-07-13T19:39:23.437,43.0
2026-07-13T19:39:23.840,43.0
2026-07-13T19:39:24.243,44.7
2026-07-13T19:39:24.646,44.1
2026-07-13T19:39:25.049,43.5
2026-07-13T19:39:25.452,43.2
2026-07-13T19:39:25.855,42.5
2026-07-13T19:39:26.258,42.6
2026-07-13T19:39:26.661,42.4
2026-07-13T19:39:27.064,42.7
2026-07-13T19:39:27.467,43.7
2026-07-13T19:39:27.870,44.5
2026-07-13T19:39:28.273,44.0
2026-07-13T19:39:28.676,43.9
2026-07-13T19:39:29.079,43.7
2026-07-13T19:39:29.481,43.6
2026-07-13T19:39:29.884,43.1
2026-07-13T19:39:30.287,43.8
2026-07-13T19:39:30.690,44.0
2026-07-13T19:39:31.093,47.8
2026-07-13T19:39:31.496,46.9
2026-07-13T19:39:31.899,46.3
2026-07-13T19:39:32.302,46.1
2026-07-13T19:39:32.705,42.8
2026-07-13T19:39:33.108,42.6
2026-07-13T19:39:33.511,42.8
2026-07-13T19:39:33.914,43.0
2026-07-13T19:39:34.317,43.3
2026-07-13T19:39:34.720,43.2
2026-07-13T19:39:35.123,43.0
2026-07-13T19:39:35.526,42.9
2026-07-13T19:39:35.929,42.5
2026-07-13T19:39:36.332,42.6
2026-07-13T19:39:36.735,42.4
2026-07-13T19:39:37.138,42.5
2026-07-13T19:39:37.541,42.6
2026-07-13T19:39:37.944,42.6
2026-07-13T19:39:38.347,42.4
2026-07-13T19:39:38.750,42.9
2026-07-13T19:39:39.153,42.8
2026-07-13T19:39:39.556,42.4
2026-07-13T19:39:39.959,42.5
2026-07-13T19:39:40.362,42.6
2026-07-13T19:39:40.765,43.0
2026-07-13T19:39:41.168,42.9
2026-07-13T19:39:41.571,42.7
2026-07-13T19:39:41.974,42.5
2026-07-13T19:39:42.376,43.1
2026-07-13T19:39:42.779,45.1
2026-07-13T19:39:43.182,45.2
2026-07-13T19:39:43.585,45.0
2026-07-13T19:39:43.988,44.4
2026-07-13T19:39:44.391,44.6
2026-07-13T19:39:44.794,50.6
2026-07-13T19:39:45.197,55.3
2026-07-13T19:39:45.600,54.3
2026-07-13T19:39:46.003,52.0
2026-07-13T19:39:46.406,50.4
2026-07-13T19:39:46.809,43.4
2026-07-13T19:39:47.212,45.2
2026-07-13T19:39:47.615,44.7
2026-07-13T19:39:48.018,45.2
2026-07-13T19:39:48.421,46.1
2026-07-13T19:39:48.824,45.4
2026-07-13T19:39:49.227,45.3
2026-07-13T19:39:49.630,45.0
2026-07-13T19:39:50.033,49.2
2026-07-13T19:39:50.436,48.2
2026-07-13T19:39:50.839,47.7
2026-07-13T19:39:51.242,49.8
2026-07-13T19:39:51.645,48.3
2026-07-13T19:39:52.048,54.2
2026-07-13T19:39:52.451,51.8
2026-07-13T19:39:52.854,50.0
2026-07-13T19:39:53.257,48.5
2026-07-13T19:39:53.660,42.7
2026-07-13T19:39:54.063,44.9
2026-07-13T19:39:54.466,44.5
2026-07-13T19:39:54.869,44.1
2026-07-13T19:39:55.272,43.5
2026-07-13T19:39:55.674,42.5
2026-07-13T19:39:56.077,42.6
2026-07-13T19:39:56.480,42.8
2026-07-13T19:39:56.883,42.7
2026-07-13T19:39:57.286,42.4
2026-07-13T19:39:57.689,42.6
2026-07-13T19:39:58.092,42.8
2026-07-13T19:39:58.495,42.9
2026-07-13T19:39:58.898,42.6
2026-07-13T19:39:59.301,42.8
2026-07-13T19:39:59.704,42.5
2026-07-13T19:40:00.107,42.6
2026-07-13T19:40:00.510,42.6
2026-07-13T19:40:00.913,42.7
2026-07-13T19:40:01.316,42.3
2026-07-13T19:40:01.719,42.5
2026-07-13T19:40:02.122,42.6
2026-07-13T19:40:02.525,42.3
2026-07-13T19:40:02.928,42.5
2026-07-13T19:40:03.331,42.8
2026-07-13T19:40:03.734,42.7
2026-07-13T19:40:04.137,42.3
2026-07-13T19:40:04.540,42.6
2026-07-13T19:40:04.943,42.6
2026-07-13T19:40:05.346,42.8
2026-07-13T19:40:05.749,42.5
2026-07-13T19:40:06.152,42.4
2026-07-13T19:40:06.555,42.5
2026-07-13T19:40:06.958,42.4
2026-07-13T19:40:07.361,42.3
2026-07-13T19:40:07.764,42.2
2026-07-13T19:40:08.166,42.3
2026-07-13T19:40:08.569,42.6
2026-07-13T19:40:08.972,42.5
2026-07-13T19:40:09.375,42.5
2026-07-13T19:40:09.778,42.7
2026-07-13T19:40:10.181,42.7
2026-07-13T19:40:10.584,42.4
2026-07-13T19:40:10.987,42.4
2026-07-13T19:40:11.390,43.0
2026-07-13T19:40:11.793,42.6
2026-07-13T19:40:12.196,42.7
2026-07-13T19:40:12.599,42.7
2026-07-13T19:40:13.002,42.5
2026-07-13T19:40:13.405,42.6
2026-07-13T19:40:13.808,42.4
2026-07-13T19:40:14.211,42.7
2026-07-13T19:40:14.614,43.2
2026-07-13T19:40:15.017,43.5
2026-07-13T19:40:15.420,44.3
2026-07-13T19:40:15.823,46.6
2026-07-13T19:40:16.226,48.4
2026-07-13T19:40:16.629,50.2
2026-07-13T19:40:17.032,51.1
2026-07-13T19:40:17.435,51.9
2026-07-13T19:40:17.838,52.6
2026-07-13T19:40:18.241,53.0
2026-07-13T19:40:18.644,53.2
2026-07-13T19:40:19.047,53.6
2026-07-13T19:40:19.450,53.7
2026-07-13T19:40:19.853,54.0
2026-07-13T19:40:20.256,53.9
2026-07-13T19:40:20.659,54.0
2026-07-13T19:40:21.062,54.3
2026-07-13T19:40:21.465,54.1
2026-07-13T19:40:21.868,54.3
2026-07-13T19:40:22.271,54.4
2026-07-13T19:40:22.674,54.1
2026-07-13T19:40:23.077,54.3
2026-07-13T19:40:23.479,54.3
2026-07-13T19:40:23.882,54.3
2026-07-13T19:40:24.286,54.5
2026-07-13T19:40:24.688,54.4
2026-07-13T19:40:25.091,54.5
2026-07-13T19:40:25.494,54.4
2026-07-13T19:40:25.897,54.8
2026-07-13T19:40:26.300,54.8
2026-07-13T19:40:26.703,54.4
2026-07-13T19:40:27.106,54.2
2026-07-13T19:40:27.509,54.4
2026-07-13T19:40:27.912,54.1
2026-07-13T19:40:28.315,54.1
2026-07-13T19:40:28.718,54.0
2026-07-13T19:40:29.121,54.1
2026-07-13T19:40:29.524,53.9
2026-07-13T19:40:29.927,53.8
2026-07-13T19:40:30.330,53.9
2026-07-13T19:40:30.733,53.8
2026-07-13T19:40:31.136,53.8
2026-07-13T19:40:31.539,53.6
2026-07-13T19:40:31.942,53.5
2026-07-13T19:40:32.345,53.4
2026-07-13T19:40:32.748,53.3
2026-07-13T19:40:33.151,53.2
2026-07-13T19:40:33.554,52.9
2026-07-13T19:40:33.957,52.9
2026-07-13T19:40:34.360,52.8
2026-07-13T19:40:34.763,52.9
2026-07-13T19:40:35.166,52.6
2026-07-13T19:40:35.569,52.6
2026-07-13T19:40:35.972,52.4
2026-07-13T19:40:36.375,52.0
2026-07-13T19:40:36.778,51.9
2026-07-13T19:40:37.181,51.3
2026-07-13T19:40:37.584,51.0
2026-07-13T19:40:37.987,50.9
2026-07-13T19:40:38.390,50.4
2026-07-13T19:40:38.793,50.2
2026-07-13T19:40:39.196,50.4
2026-07-13T19:40:39.599,50.2
2026-07-13T19:40:40.001,49.7
2026-07-13T19:40:40.404,49.5
2026-07-13T19:40:40.807,47.7
2026-07-13T19:40:41.210,47.1
2026-07-13T19:40:41.613,46.5
2026-07-13T19:40:42.016,46.3
2026-07-13T19:40:42.419,46.0
2026-07-13T19:40:42.822,45.6
2026-07-13T19:40:43.225,45.6
2026-07-13T19:40:43.628,45.6
2026-07-13T19:40:44.031,45.1
2026-07-13T19:40:44.434,45.0
2026-07-13T19:40:44.837,44.8
2026-07-13T19:40:45.240,44.1
2026-07-13T19:40:45.643,44.0
2026-07-13T19:40:46.046,43.9
2026-07-13T19:40:46.449,43.5
2026-07-13T19:40:46.852,43.3
2026-07-13T19:40:47.255,43.5
2026-07-13T19:40:47.658,43.6
2026-07-13T19:40:48.061,43.7
2026-07-13T19:40:48.464,44.0
2026-07-13T19:40:48.867,43.9
2026-07-13T19:40:49.270,43.5
2026-07-13T19:40:49.673,43.7
2026-07-13T19:40:50.076,44.7
2026-07-13T19:40:50.479,44.2
2026-07-13T19:40:50.882,43.9
2026-07-13T19:40:51.286,43.6
2026-07-13T19:40:51.688,43.6
2026-07-13T19:40:52.091,43.6
2026-07-13T19:40:52.494,43.4
2026-07-13T19:40:52.897,43.6
2026-07-13T19:40:53.300,43.9
2026-07-13T19:40:53.703,43.8
2026-07-13T19:40:54.106,43.6
2026-07-13T19:40:54.509,44.2
2026-07-13T19:40:54.911,44.1
2026-07-13T19:40:55.314,44.9
2026-07-13T19:40:55.717,44.7
2026-07-13T19:40:56.120,44.7
2026-07-13T19:40:56.523,45.7
2026-07-13T19:40:56.926,46.6
2026-07-13T19:40:57.329,47.6
2026-07-13T19:40:57.732,48.3
2026-07-13T19:40:58.135,48.9
2026-07-13T19:40:58.538,49.5
2026-07-13T19:40:58.941,50.2
2026-07-13T19:40:59.344,50.1
2026-07-13T19:40:59.747,50.5
2026-07-13T19:41:00.150,50.9
2026-07-13T19:41:00.553,51.2
2026-07-13T19:41:00.956,51.3
2026-07-13T19:41:01.359,51.7
2026-07-13T19:41:01.762,51.9
2026-07-13T19:41:02.165,52.4
2026-07-13T19:41:02.568,52.4
2026-07-13T19:41:02.971,52.8
2026-07-13T19:41:03.374,52.9
2026-07-13T19:41:03.777,53.0
2026-07-13T19:41:04.180,53.4
2026-07-13T19:41:04.583,53.4
2026-07-13T19:41:04.986,53.4
2026-07-13T19:41:05.389,53.6
2026-07-13T19:41:05.792,53.8
2026-07-13T19:41:06.195,53.8
2026-07-13T19:41:06.598,53.7
2026-07-13T19:41:07.001,53.8
2026-07-13T19:41:07.404,53.6
2026-07-13T19:41:07.807,53.6
2026-07-13T19:41:08.210,53.8
2026-07-13T19:41:08.613,53.4
2026-07-13T19:41:09.016,53.5
2026-07-13T19:41:09.419,54.8
2026-07-13T19:41:09.821,54.4
2026-07-13T19:41:10.224,54.2
2026-07-13T19:41:10.627,54.0
2026-07-13T19:41:11.030,53.3
2026-07-13T19:41:11.433,53.6
2026-07-13T19:41:11.836,53.5
2026-07-13T19:41:12.239,53.4
2026-07-13T19:41:12.642,53.4
2026-07-13T19:41:13.045,53.4
2026-07-13T19:41:13.448,53.0
2026-07-13T19:41:13.851,53.1
2026-07-13T19:41:14.254,53.0
2026-07-13T19:41:14.657,53.0
2026-07-13T19:41:15.060,52.8
2026-07-13T19:41:15.463,52.8
2026-07-13T19:41:15.866,52.6
2026-07-13T19:41:16.269,52.8
2026-07-13T19:41:16.672,52.6
2026-07-13T19:41:17.075,52.3
2026-07-13T19:41:17.478,52.1
2026-07-13T19:41:17.881,52.1
2026-07-13T19:41:18.286,52.1
2026-07-13T19:41:18.687,51.9
2026-07-13T19:41:19.090,51.8
2026-07-13T19:41:19.493,51.6
2026-07-13T19:41:19.895,51.2
2026-07-13T19:41:20.298,51.4
2026-07-13T19:41:20.701,51.2
2026-07-13T19:41:21.104,51.0
2026-07-13T19:41:21.507,50.9
2026-07-13T19:41:21.910,50.6
2026-07-13T19:41:22.313,50.5
2026-07-13T19:41:22.716,50.3
2026-07-13T19:41:23.119,50.3
2026-07-13T19:41:23.522,50.2
2026-07-13T19:41:23.925,49.9
2026-07-13T19:41:24.328,49.6
2026-07-13T19:41:24.731,49.0
2026-07-13T19:41:25.134,49.7
2026-07-13T19:41:25.537,49.6
2026-07-13T19:41:25.940,49.3
2026-07-13T19:41:26.343,49.0
2026-07-13T19:41:26.746,48.5
2026-07-13T19:41:27.149,48.1
2026-07-13T19:41:27.552,47.8
2026-07-13T19:41:27.955,47.3
2026-07-13T19:41:28.358,47.6
2026-07-13T19:41:28.761,48.2
2026-07-13T19:41:29.164,48.3
2026-07-13T19:41:29.567,48.1
2026-07-13T19:41:29.970,48.4
2026-07-13T19:41:30.373,48.3
2026-07-13T19:41:30.775,48.5
2026-07-13T19:41:31.178,49.3
2026-07-13T19:41:31.581,49.3
2026-07-13T19:41:31.984,49.8
2026-07-13T19:41:32.387,50.3
2026-07-13T19:41:32.790,50.0
2026-07-13T19:41:33.193,50.1
2026-07-13T19:41:33.596,50.0
2026-07-13T19:41:33.999,50.0
2026-07-13T19:41:34.402,50.1
2026-07-13T19:41:34.805,50.1
2026-07-13T19:41:35.208,50.1
2026-07-13T19:41:35.611,50.0
2026-07-13T19:41:36.014,50.0
2026-07-13T19:41:36.417,50.1
2026-07-13T19:41:36.820,50.1
2026-07-13T19:41:37.223,50.4
2026-07-13T19:41:37.626,50.4
2026-07-13T19:41:38.029,50.5
2026-07-13T19:41:38.432,50.4
2026-07-13T19:41:38.835,50.7
2026-07-13T19:41:39.238,50.6
2026-07-13T19:41:39.641,50.8
2026-07-13T19:41:40.044,51.1
2026-07-13T19:41:40.447,51.2
2026-07-13T19:41:40.850,51.6
2026-07-13T19:41:41.253,51.7
2026-07-13T19:41:41.656,52.1
2026-07-13T19:41:42.059,52.4
2026-07-13T19:41:42.462,52.5
2026-07-13T19:41:42.864,52.6
2026-07-13T19:41:43.267,52.9
2026-07-13T19:41:43.670,52.9
2026-07-13T19:41:44.073,52.8
2026-07-13T19:41:44.476,52.9
2026-07-13T19:41:44.879,53.0
2026-07-13T19:41:45.285,52.7
2026-07-13T19:41:45.685,52.7
2026-07-13T19:41:46.088,53.2
2026-07-13T19:41:46.491,53.2
2026-07-13T19:41:46.894,53.0
2026-07-13T19:41:47.297,53.2
2026-07-13T19:41:47.700,53.0
2026-07-13T19:41:48.103,55.2
2026-07-13T19:41:48.506,54.5
2026-07-13T19:41:48.909,54.1
2026-07-13T19:41:49.312,53.8
2026-07-13T19:41:49.715,53.1
2026-07-13T19:41:50.118,53.1
2026-07-13T19:41:50.521,52.8
2026-07-13T19:41:50.924,52.8
2026-07-13T19:41:51.327,53.0
2026-07-13T19:41:51.730,53.2
2026-07-13T19:41:52.133,52.9
2026-07-13T19:41:52.536,53.2
2026-07-13T19:41:52.938,53.0
2026-07-13T19:41:53.341,52.8
2026-07-13T19:41:53.744,52.7
2026-07-13T19:41:54.147,52.6
2026-07-13T19:41:54.550,52.5
2026-07-13T19:41:54.953,52.6
2026-07-13T19:41:55.356,52.5
2026-07-13T19:41:55.759,52.5
2026-07-13T19:41:56.162,52.2
2026-07-13T19:41:56.565,52.9
2026-07-13T19:41:56.968,52.6
2026-07-13T19:41:57.371,52.5
2026-07-13T19:41:57.774,52.2
2026-07-13T19:41:58.177,51.9
2026-07-13T19:41:58.580,51.7
2026-07-13T19:41:58.983,51.4
2026-07-13T19:41:59.386,51.5
2026-07-13T19:41:59.789,51.4
2026-07-13T19:42:00.192,51.0
2026-07-13T19:42:00.595,51.0
2026-07-13T19:42:00.998,51.0
2026-07-13T19:42:01.401,51.0
2026-07-13T19:42:01.804,51.5
2026-07-13T19:42:02.207,51.3
2026-07-13T19:42:02.610,51.1
2026-07-13T19:42:03.013,50.7
2026-07-13T19:42:03.416,50.6
2026-07-13T19:42:03.819,50.8
2026-07-13T19:42:04.221,50.7
2026-07-13T19:42:04.624,51.2
2026-07-13T19:42:05.027,51.0
2026-07-13T19:42:05.430,51.0
2026-07-13T19:42:05.833,50.6
2026-07-13T19:42:06.236,50.3
2026-07-13T19:42:06.639,49.9
2026-07-13T19:42:07.042,49.7
2026-07-13T19:42:07.445,49.0
2026-07-13T19:42:07.848,49.4
2026-07-13T19:42:08.251,49.1
2026-07-13T19:42:08.654,49.1
2026-07-13T19:42:09.057,48.7
2026-07-13T19:42:09.460,48.7
2026-07-13T19:42:09.863,48.2
2026-07-13T19:42:10.266,47.8
2026-07-13T19:42:10.669,47.5
2026-07-13T19:42:11.072,47.7
2026-07-13T19:42:11.475,47.5
2026-07-13T19:42:11.878,49.8
2026-07-13T19:42:12.281,50.8
2026-07-13T19:42:12.684,50.0
2026-07-13T19:42:13.087,48.9
2026-07-13T19:42:13.490,48.1
2026-07-13T19:42:13.893,46.4
2026-07-13T19:42:14.296,46.5
2026-07-13T19:42:14.699,46.4
2026-07-13T19:42:15.102,46.3
2026-07-13T19:42:15.505,46.2
2026-07-13T19:42:15.908,45.8
2026-07-13T19:42:16.311,46.2
2026-07-13T19:42:16.714,46.0
2026-07-13T19:42:17.117,50.2
2026-07-13T19:42:17.520,50.1
2026-07-13T19:42:17.923,50.6
2026-07-13T19:42:18.325,49.3
2026-07-13T19:42:18.728,48.4
2026-07-13T19:42:19.131,47.6
2026-07-13T19:42:19.534,44.6
2026-07-13T19:42:19.937,45.0
2026-07-13T19:42:20.340,44.8
2026-07-13T19:42:20.743,44.5
2026-07-13T19:42:21.146,44.9
2026-07-13T19:42:21.549,45.4
2026-07-13T19:42:21.952,45.4
2026-07-13T19:42:22.355,45.5
2026-07-13T19:42:22.758,45.4
2026-07-13T19:42:23.161,45.4
2026-07-13T19:42:23.564,45.8
2026-07-13T19:42:23.967,46.5
2026-07-13T19:42:24.370,46.4
2026-07-13T19:42:24.773,46.8
2026-07-13T19:42:25.176,47.1
2026-07-13T19:42:25.579,47.7
2026-07-13T19:42:25.982,50.7
2026-07-13T19:42:26.385,50.2
2026-07-13T19:42:26.787,50.0
2026-07-13T19:42:27.190,50.4
2026-07-13T19:42:27.593,53.2
2026-07-13T19:42:27.996,52.6
2026-07-13T19:42:28.399,52.4
2026-07-13T19:42:28.802,51.9
2026-07-13T19:42:29.205,51.6
2026-07-13T19:42:29.608,51.8
2026-07-13T19:42:30.011,52.0
2026-07-13T19:42:30.414,52.3
2026-07-13T19:42:30.817,52.5
2026-07-13T19:42:31.220,52.7
2026-07-13T19:42:31.623,53.0
2026-07-13T19:42:32.026,52.9
2026-07-13T19:42:32.429,53.4
2026-07-13T19:42:32.832,53.9
2026-07-13T19:42:33.235,53.8
2026-07-13T19:42:33.638,53.4
2026-07-13T19:42:34.041,53.8
2026-07-13T19:42:34.443,53.6
2026-07-13T19:42:34.846,53.7
2026-07-13T19:42:35.249,53.5
2026-07-13T19:42:35.652,53.9
2026-07-13T19:42:36.055,53.8
2026-07-13T19:42:36.458,53.9
2026-07-13T19:42:36.861,53.9
2026-07-13T19:42:37.264,53.8
2026-07-13T19:42:37.667,54.0
2026-07-13T19:42:38.070,53.9
2026-07-13T19:42:38.473,53.8
2026-07-13T19:42:38.876,53.8
2026-07-13T19:42:39.279,54.0
2026-07-13T19:42:39.682,54.4
2026-07-13T19:42:40.085,54.4
2026-07-13T19:42:40.488,54.2
2026-07-13T19:42:40.891,53.9
2026-07-13T19:42:41.294,53.9
2026-07-13T19:42:41.697,53.8
2026-07-13T19:42:42.100,53.7
2026-07-13T19:42:42.503,53.7
2026-07-13T19:42:42.906,53.6
2026-07-13T19:42:43.309,53.3
2026-07-13T19:42:43.712,53.2
2026-07-13T19:42:44.115,53.3
2026-07-13T19:42:44.518,53.2
2026-07-13T19:42:44.921,52.9
2026-07-13T19:42:45.324,52.7
2026-07-13T19:42:45.727,52.7
2026-07-13T19:42:46.130,52.5
2026-07-13T19:42:46.533,52.2
2026-07-13T19:42:46.935,52.2
2026-07-13T19:42:47.338,51.8
2026-07-13T19:42:47.742,51.8
2026-07-13T19:42:48.144,51.6
2026-07-13T19:42:48.547,51.3
2026-07-13T19:42:48.950,51.0
2026-07-13T19:42:49.353,50.8
2026-07-13T19:42:49.756,50.6
2026-07-13T19:42:50.159,50.5
2026-07-13T19:42:50.562,50.2
2026-07-13T19:42:50.965,50.3
2026-07-13T19:42:51.368,50.3
2026-07-13T19:42:51.771,49.9
2026-07-13T19:42:52.174,49.7
2026-07-13T19:42:52.577,49.6
2026-07-13T19:42:52.980,48.7
2026-07-13T19:42:53.383,47.4
2026-07-13T19:42:53.786,46.7
2026-07-13T19:42:54.189,46.4
2026-07-13T19:42:54.592,45.8
2026-07-13T19:42:54.995,45.5
2026-07-13T19:42:55.398,45.1
2026-07-13T19:42:55.801,45.2
2026-07-13T19:42:56.204,44.9
2026-07-13T19:42:56.606,45.0
2026-07-13T19:42:57.009,45.4
2026-07-13T19:42:57.412,46.3
2026-07-13T19:42:57.815,45.8
2026-07-13T19:42:58.218,45.5
2026-07-13T19:42:58.621,45.0
2026-07-13T19:42:59.024,44.1
2026-07-13T19:42:59.427,44.7
2026-07-13T19:42:59.830,46.1
2026-07-13T19:43:00.233,45.5
2026-07-13T19:43:00.636,44.8
2026-07-13T19:43:01.039,44.3
2026-07-13T19:43:01.442,44.1
2026-07-13T19:43:01.845,43.5
2026-07-13T19:43:02.248,43.7
2026-07-13T19:43:02.651,43.7
2026-07-13T19:43:03.054,44.4
2026-07-13T19:43:03.456,44.7
2026-07-13T19:43:03.859,44.8
2026-07-13T19:43:04.262,44.6
2026-07-13T19:43:04.665,44.8
2026-07-13T19:43:05.068,44.7
2026-07-13T19:43:05.471,46.3
2026-07-13T19:43:05.874,45.6
2026-07-13T19:43:06.277,45.0
2026-07-13T19:43:06.680,44.7
2026-07-13T19:43:07.083,44.1
2026-07-13T19:43:07.486,43.5
2026-07-13T19:43:07.889,43.2
2026-07-13T19:43:08.292,42.9
2026-07-13T19:43:08.695,43.3
2026-07-13T19:43:09.098,43.6
2026-07-13T19:43:09.501,43.2
2026-07-13T19:43:09.904,42.9
2026-07-13T19:43:10.307,42.8
2026-07-13T19:43:10.709,42.9
2026-07-13T19:43:11.112,43.3
2026-07-13T19:43:11.515,43.2
2026-07-13T19:43:11.918,43.4
2026-07-13T19:43:12.321,43.0
2026-07-13T19:43:12.724,42.6
2026-07-13T19:43:13.127,43.3
2026-07-13T19:43:13.530,43.1
2026-07-13T19:43:13.933,42.8
2026-07-13T19:43:14.336,42.7
2026-07-13T19:43:14.739,42.7
2026-07-13T19:43:15.142,42.5
2026-07-13T19:43:15.545,42.5
2026-07-13T19:43:15.948,42.5
2026-07-13T19:43:16.351,42.9
2026-07-13T19:43:16.754,42.7
2026-07-13T19:43:17.157,42.5
2026-07-13T19:43:17.560,42.5
2026-07-13T19:43:17.963,42.7
2026-07-13T19:43:18.365,42.4
2026-07-13T19:43:18.768,43.2
2026-07-13T19:43:19.171,43.0
2026-07-13T19:43:19.574,42.8
2026-07-13T19:43:19.977,42.9
2026-07-13T19:43:20.380,42.8
2026-07-13T19:43:20.783,42.7
2026-07-13T19:43:21.186,42.6
2026-07-13T19:43:21.589,42.6
2026-07-13T19:43:21.992,42.7
2026-07-13T19:43:22.395,44.5
2026-07-13T19:43:22.798,43.9
2026-07-13T19:43:23.201,43.6
2026-07-13T19:43:23.604,43.8
2026-07-13T19:43:24.007,43.5
2026-07-13T19:43:24.410,43.1
2026-07-13T19:43:24.813,43.0
2026-07-13T19:43:25.216,43.2
2026-07-13T19:43:25.619,43.4
2026-07-13T19:43:26.021,43.8
2026-07-13T19:43:26.424,43.5
2026-07-13T19:43:26.827,43.6
2026-07-13T19:43:27.230,43.4
2026-07-13T19:43:27.633,43.3
2026-07-13T19:43:28.036,43.1
2026-07-13T19:43:28.439,43.0
2026-07-13T19:43:28.842,43.0
2026-07-13T19:43:29.245,43.6
2026-07-13T19:43:29.648,43.1
2026-07-13T19:43:30.051,42.9
2026-07-13T19:43:30.454,42.8
2026-07-13T19:43:30.857,42.5
2026-07-13T19:43:31.260,42.4
2026-07-13T19:43:31.663,42.8
2026-07-13T19:43:32.066,42.7
2026-07-13T19:43:32.469,42.8
2026-07-13T19:43:32.872,44.1
2026-07-13T19:43:33.275,43.5
2026-07-13T19:43:33.678,43.3
2026-07-13T19:43:34.080,43.1
2026-07-13T19:43:34.483,42.9
2026-07-13T19:43:34.886,42.9
2026-07-13T19:43:35.289,43.3
2026-07-13T19:43:35.692,43.1
2026-07-13T19:43:36.095,42.7
2026-07-13T19:43:36.498,42.5
2026-07-13T19:43:36.901,42.7
2026-07-13T19:43:37.304,42.5
2026-07-13T19:43:37.707,42.4
2026-07-13T19:43:38.110,42.8
2026-07-13T19:43:38.513,42.7
2026-07-13T19:43:38.916,42.5
2026-07-13T19:43:39.319,42.6
2026-07-13T19:43:39.722,42.6
2026-07-13T19:43:40.125,42.6
2026-07-13T19:43:40.528,43.1
2026-07-13T19:43:40.931,42.7
2026-07-13T19:43:41.334,42.8
2026-07-13T19:43:41.737,42.4
2026-07-13T19:43:42.140,42.6
2026-07-13T19:43:42.542,42.2
2026-07-13T19:43:42.945,42.6
2026-07-13T19:43:43.348,42.6
2026-07-13T19:43:43.751,43.3
2026-07-13T19:43:44.154,43.6
2026-07-13T19:43:44.557,43.3
2026-07-13T19:43:44.960,43.2
2026-07-13T19:43:45.363,42.9
2026-07-13T19:43:45.766,42.6
2026-07-13T19:43:46.169,42.7
2026-07-13T19:43:46.572,42.7
2026-07-13T19:43:46.975,42.9
2026-07-13T19:43:47.378,42.8
2026-07-13T19:43:47.781,42.9
2026-07-13T19:43:48.184,42.9
2026-07-13T19:43:48.587,42.8
2026-07-13T19:43:48.990,43.5
2026-07-13T19:43:49.393,43.2
2026-07-13T19:43:49.795,43.0
2026-07-13T19:43:50.198,43.0
2026-07-13T19:43:50.601,42.7
2026-07-13T19:43:51.004,42.8
2026-07-13T19:43:51.407,43.0
2026-07-13T19:43:51.810,43.7
2026-07-13T19:43:52.213,43.5
2026-07-13T19:43:52.616,43.3
2026-07-13T19:43:53.019,44.9
2026-07-13T19:43:53.422,44.6
2026-07-13T19:43:53.825,44.1
2026-07-13T19:43:54.228,43.7
2026-07-13T19:43:54.631,43.8
2026-07-13T19:43:55.034,43.9
2026-07-13T19:43:55.437,43.6
2026-07-13T19:43:55.840,43.3
2026-07-13T19:43:56.243,42.9
2026-07-13T19:43:56.646,42.6
2026-07-13T19:43:57.049,42.4
2026-07-13T19:43:57.452,42.7
2026-07-13T19:43:57.855,42.8
2026-07-13T19:43:58.258,43.0
2026-07-13T19:43:58.661,42.9
2026-07-13T19:43:59.064,42.6
2026-07-13T19:43:59.467,42.6
2026-07-13T19:43:59.870,42.8
2026-07-13T19:44:00.273,43.4
2026-07-13T19:44:00.675,43.3
2026-07-13T19:44:01.078,43.1
2026-07-13T19:44:01.481,42.9
2026-07-13T19:44:01.884,42.7
2026-07-13T19:44:02.287,42.7
2026-07-13T19:44:02.690,42.5
2026-07-13T19:44:03.093,42.8
2026-07-13T19:44:03.496,42.6
2026-07-13T19:44:03.899,42.9
2026-07-13T19:44:04.302,42.9
2026-07-13T19:44:04.705,42.9
2026-07-13T19:44:05.108,43.0
2026-07-13T19:44:05.511,43.8
2026-07-13T19:44:05.914,43.8
2026-07-13T19:44:06.317,44.5
2026-07-13T19:44:06.720,44.2
2026-07-13T19:44:07.123,44.1
2026-07-13T19:44:07.526,43.9
2026-07-13T19:44:07.929,43.1
2026-07-13T19:44:08.332,43.1
2026-07-13T19:44:08.735,43.4
2026-07-13T19:44:09.138,43.8
2026-07-13T19:44:09.541,43.5
2026-07-13T19:44:09.944,43.1
2026-07-13T19:44:10.347,43.5
2026-07-13T19:44:10.750,43.5
2026-07-13T19:44:11.153,44.8
2026-07-13T19:44:11.556,44.7
2026-07-13T19:44:11.959,44.4
2026-07-13T19:44:12.362,43.9
2026-07-13T19:44:12.765,43.0
2026-07-13T19:44:13.168,43.1
2026-07-13T19:44:13.571,43.0
2026-07-13T19:44:13.974,43.0
2026-07-13T19:44:14.377,43.3
2026-07-13T19:44:14.780,43.5
2026-07-13T19:44:15.183,43.3
2026-07-13T19:44:15.586,43.1
2026-07-13T19:44:15.989,42.7
2026-07-13T19:44:16.392,42.8
2026-07-13T19:44:16.795,42.7
2026-07-13T19:44:17.198,43.2
2026-07-13T19:44:17.600,43.3
2026-07-13T19:44:18.003,44.3
2026-07-13T19:44:18.406,44.1
2026-07-13T19:44:18.809,43.8
2026-07-13T19:44:19.212,43.6
2026-07-13T19:44:19.615,42.6
2026-07-13T19:44:20.018,42.7
2026-07-13T19:44:20.421,43.6
2026-07-13T19:44:20.824,43.3
2026-07-13T19:44:21.227,43.1
2026-07-13T19:44:21.630,42.9
2026-07-13T19:44:22.033,50.1
2026-07-13T19:44:22.436,48.7
2026-07-13T19:44:22.839,47.4
2026-07-13T19:44:23.242,46.4
2026-07-13T19:44:23.645,42.8
2026-07-13T19:44:24.048,42.9
2026-07-13T19:44:24.451,42.8
2026-07-13T19:44:24.854,42.7
2026-07-13T19:44:25.257,43.0
2026-07-13T19:44:25.660,42.8
2026-07-13T19:44:26.063,43.1
2026-07-13T19:44:26.466,44.0
2026-07-13T19:44:26.869,44.8
2026-07-13T19:44:27.272,46.3
2026-07-13T19:44:27.675,48.1
2026-07-13T19:44:28.078,50.0
2026-07-13T19:44:28.481,51.0
2026-07-13T19:44:28.883,51.6
2026-07-13T19:44:29.286,52.2
2026-07-13T19:44:29.689,53.0
2026-07-13T19:44:30.092,52.9
2026-07-13T19:44:30.495,53.6
2026-07-13T19:44:30.898,53.5
2026-07-13T19:44:31.301,53.3
2026-07-13T19:44:31.704,53.9
2026-07-13T19:44:32.107,53.5
2026-07-13T19:44:32.510,54.0
2026-07-13T19:44:32.913,54.0
2026-07-13T19:44:33.316,54.1
2026-07-13T19:44:33.719,54.0
2026-07-13T19:44:34.122,54.1
2026-07-13T19:44:34.525,54.0
2026-07-13T19:44:34.928,54.2
2026-07-13T19:44:35.331,54.5
2026-07-13T19:44:35.733,54.4
2026-07-13T19:44:36.136,54.2
2026-07-13T19:44:36.539,54.2
2026-07-13T19:44:36.942,54.3
2026-07-13T19:44:37.345,53.9
2026-07-13T19:44:37.748,53.7
2026-07-13T19:44:38.151,53.6
2026-07-13T19:44:38.554,54.0
2026-07-13T19:44:38.957,53.7
2026-07-13T19:44:39.360,53.8
2026-07-13T19:44:39.763,53.6
2026-07-13T19:44:40.166,53.9
2026-07-13T19:44:40.569,53.8
2026-07-13T19:44:40.972,53.4
2026-07-13T19:44:41.375,53.5
2026-07-13T19:44:41.778,53.5
2026-07-13T19:44:42.181,53.3
2026-07-13T19:44:42.584,53.3
2026-07-13T19:44:42.986,53.2
2026-07-13T19:44:43.389,53.0
2026-07-13T19:44:43.792,52.9
2026-07-13T19:44:44.195,52.7
2026-07-13T19:44:44.598,52.8
2026-07-13T19:44:45.001,52.8
2026-07-13T19:44:45.404,52.6
2026-07-13T19:44:45.807,52.2
2026-07-13T19:44:46.210,52.0
2026-07-13T19:44:46.613,51.9
2026-07-13T19:44:47.016,51.7
2026-07-13T19:44:47.419,51.7
2026-07-13T19:44:47.822,51.4
2026-07-13T19:44:48.225,51.3
2026-07-13T19:44:48.628,51.4
2026-07-13T19:44:49.031,51.0
2026-07-13T19:44:49.434,50.8
2026-07-13T19:44:49.837,50.7
2026-07-13T19:44:50.239,50.5
2026-07-13T19:44:50.642,50.4
2026-07-13T19:44:51.045,50.3
2026-07-13T19:44:51.448,50.2
2026-07-13T19:44:51.851,50.1
2026-07-13T19:44:52.254,50.0
2026-07-13T19:44:52.657,50.1
2026-07-13T19:44:53.060,49.8
2026-07-13T19:44:53.463,49.4
2026-07-13T19:44:53.866,48.9
2026-07-13T19:44:54.269,46.9
2026-07-13T19:44:54.672,46.7
2026-07-13T19:44:55.075,46.4
2026-07-13T19:44:55.478,46.1
2026-07-13T19:44:55.881,45.7
2026-07-13T19:44:56.286,45.7
2026-07-13T19:44:56.687,45.5
2026-07-13T19:44:57.090,45.4
2026-07-13T19:44:57.492,45.2
2026-07-13T19:44:57.895,45.0
2026-07-13T19:44:58.298,45.1
2026-07-13T19:44:58.701,45.3
2026-07-13T19:44:59.104,45.2
2026-07-13T19:44:59.507,45.2
2026-07-13T19:44:59.910,45.5
2026-07-13T19:45:00.313,45.1
2026-07-13T19:45:00.716,45.5
2026-07-13T19:45:01.119,45.3
2026-07-13T19:45:01.522,44.9
2026-07-13T19:45:01.925,44.8
2026-07-13T19:45:02.328,44.9
2026-07-13T19:45:02.731,44.9
2026-07-13T19:45:03.134,44.9
2026-07-13T19:45:03.537,44.6
2026-07-13T19:45:03.940,44.7
2026-07-13T19:45:04.342,44.6
2026-07-13T19:45:04.745,44.2
2026-07-13T19:45:05.148,44.6
2026-07-13T19:45:05.551,44.5
2026-07-13T19:45:05.954,44.3
2026-07-13T19:45:06.357,44.3
2026-07-13T19:45:06.760,44.2
2026-07-13T19:45:07.163,44.3
2026-07-13T19:45:07.566,44.9
2026-07-13T19:45:07.969,44.6
2026-07-13T19:45:08.372,44.5
2026-07-13T19:45:08.775,44.7
2026-07-13T19:45:09.178,44.7
2026-07-13T19:45:09.581,44.6
2026-07-13T19:45:09.984,45.0
2026-07-13T19:45:10.387,44.8
2026-07-13T19:45:10.790,44.7
2026-07-13T19:45:11.193,45.3
2026-07-13T19:45:11.596,46.0
2026-07-13T19:45:11.998,46.5
2026-07-13T19:45:12.401,47.6
2026-07-13T19:45:12.804,48.5
2026-07-13T19:45:13.207,49.6
2026-07-13T19:45:13.610,50.3
2026-07-13T19:45:14.013,51.0
2026-07-13T19:45:14.416,51.4
2026-07-13T19:45:14.819,51.7
2026-07-13T19:45:15.222,52.3
2026-07-13T19:45:15.625,52.7
2026-07-13T19:45:16.028,54.1
2026-07-13T19:45:16.431,53.8
2026-07-13T19:45:16.834,54.0
2026-07-13T19:45:17.237,54.4
2026-07-13T19:45:17.640,54.8
2026-07-13T19:45:18.043,56.1
2026-07-13T19:45:18.446,55.9
2026-07-13T19:45:18.849,55.5
2026-07-13T19:45:19.252,55.5
2026-07-13T19:45:19.655,55.4
2026-07-13T19:45:20.058,55.0
2026-07-13T19:45:20.461,54.7
2026-07-13T19:45:20.864,55.2
2026-07-13T19:45:21.267,54.9
2026-07-13T19:45:21.670,54.6
2026-07-13T19:45:22.073,54.2
2026-07-13T19:45:22.476,54.4
2026-07-13T19:45:22.879,54.5
2026-07-13T19:45:23.282,54.6
2026-07-13T19:45:23.685,54.6
2026-07-13T19:45:24.088,54.2
2026-07-13T19:45:24.491,54.3
2026-07-13T19:45:24.894,54.2
2026-07-13T19:45:25.297,53.9
2026-07-13T19:45:25.699,54.2
2026-07-13T19:45:26.102,54.3
2026-07-13T19:45:26.505,54.2
2026-07-13T19:45:26.908,53.8
2026-07-13T19:45:27.311,54.1
2026-07-13T19:45:27.714,54.2
2026-07-13T19:45:28.117,54.6
2026-07-13T19:45:28.520,54.3
2026-07-13T19:45:28.923,53.9
2026-07-13T19:45:29.326,53.8
2026-07-13T19:45:29.729,53.6
2026-07-13T19:45:30.132,53.6
2026-07-13T19:45:30.535,53.6
2026-07-13T19:45:30.938,53.5
2026-07-13T19:45:31.341,53.2
2026-07-13T19:45:31.744,53.1
2026-07-13T19:45:32.147,52.7
2026-07-13T19:45:32.550,52.8
2026-07-13T19:45:32.953,52.5
2026-07-13T19:45:33.356,52.5
2026-07-13T19:45:33.759,52.4
2026-07-13T19:45:34.162,52.0
2026-07-13T19:45:34.565,51.6
2026-07-13T19:45:34.968,51.2
2026-07-13T19:45:35.371,50.9
2026-07-13T19:45:35.774,50.5
2026-07-13T19:45:36.177,50.3
2026-07-13T19:45:36.580,50.1
2026-07-13T19:45:36.983,50.1
2026-07-13T19:45:37.386,49.8
2026-07-13T19:45:37.788,49.6
2026-07-13T19:45:38.191,49.3
2026-07-13T19:45:38.594,47.4
2026-07-13T19:45:38.997,47.2
2026-07-13T19:45:39.400,46.2
2026-07-13T19:45:39.803,46.2
2026-07-13T19:45:40.206,46.3
2026-07-13T19:45:40.609,46.2
2026-07-13T19:45:41.012,45.8
2026-07-13T19:45:41.415,45.6
2026-07-13T19:45:41.818,45.3
2026-07-13T19:45:42.221,45.4
2026-07-13T19:45:42.624,45.1
2026-07-13T19:45:43.027,45.0
2026-07-13T19:45:43.430,44.7
2026-07-13T19:45:43.833,44.7
2026-07-13T19:45:44.236,44.3
2026-07-13T19:45:44.639,44.2
2026-07-13T19:45:45.042,44.1
2026-07-13T19:45:45.445,43.5
2026-07-13T19:45:45.848,43.5
2026-07-13T19:45:46.251,43.8
2026-07-13T19:45:46.654,43.7
2026-07-13T19:45:47.056,44.1
2026-07-13T19:45:47.460,44.3
2026-07-13T19:45:47.863,44.0
2026-07-13T19:45:48.266,43.7
2026-07-13T19:45:48.668,44.0
2026-07-13T19:45:49.071,44.1
2026-07-13T19:45:49.474,43.7
2026-07-13T19:45:49.877,43.6
2026-07-13T19:45:50.280,43.4
2026-07-13T19:45:50.683,43.4
2026-07-13T19:45:51.086,43.8
2026-07-13T19:45:51.489,43.5
2026-07-13T19:45:51.892,43.3
2026-07-13T19:45:52.295,43.2
2026-07-13T19:45:52.698,43.2
2026-07-13T19:45:53.101,43.1
2026-07-13T19:45:53.504,43.0
2026-07-13T19:45:53.907,43.1
2026-07-13T19:45:54.310,42.8
2026-07-13T19:45:54.713,43.6
2026-07-13T19:45:55.116,43.4
2026-07-13T19:45:55.519,43.0
2026-07-13T19:45:55.922,43.0
2026-07-13T19:45:56.325,42.9
2026-07-13T19:45:56.728,43.0
2026-07-13T19:45:57.131,43.8
2026-07-13T19:45:57.534,43.5
2026-07-13T19:45:57.937,43.1
2026-07-13T19:45:58.340,44.0
2026-07-13T19:45:58.743,43.5
2026-07-13T19:45:59.146,44.1
2026-07-13T19:45:59.549,43.9
2026-07-13T19:45:59.952,45.4
2026-07-13T19:46:00.355,46.3
2026-07-13T19:46:00.758,45.7
2026-07-13T19:46:01.161,45.2
2026-07-13T19:46:01.564,44.8
2026-07-13T19:46:01.967,43.2
2026-07-13T19:46:02.370,43.0
2026-07-13T19:46:02.773,43.3
2026-07-13T19:46:03.176,43.1
2026-07-13T19:46:03.579,43.2
2026-07-13T19:46:03.982,42.8
2026-07-13T19:46:04.385,43.2
2026-07-13T19:46:04.788,42.9
2026-07-13T19:46:05.191,42.8
2026-07-13T19:46:05.594,43.0
2026-07-13T19:46:05.997,42.8
2026-07-13T19:46:06.400,42.9
2026-07-13T19:46:06.803,43.0
2026-07-13T19:46:07.206,43.0
2026-07-13T19:46:07.609,44.2
2026-07-13T19:46:08.012,43.9
2026-07-13T19:46:08.415,44.9
2026-07-13T19:46:08.818,44.5
2026-07-13T19:46:09.221,44.0
2026-07-13T19:46:09.624,43.7
2026-07-13T19:46:10.027,43.2
2026-07-13T19:46:10.430,43.2
2026-07-13T19:46:10.833,43.7
2026-07-13T19:46:11.236,43.6
2026-07-13T19:46:11.639,43.5
2026-07-13T19:46:12.042,43.3
2026-07-13T19:46:12.445,43.3
2026-07-13T19:46:12.848,43.2
2026-07-13T19:46:13.251,43.4
2026-07-13T19:46:13.654,43.2
2026-07-13T19:46:14.056,43.3
2026-07-13T19:46:14.460,43.8
2026-07-13T19:46:14.862,43.6
2026-07-13T19:46:15.265,43.3
2026-07-13T19:46:15.668,43.8
2026-07-13T19:46:16.071,44.2
2026-07-13T19:46:16.474,43.9
2026-07-13T19:46:16.877,43.7
2026-07-13T19:46:17.280,43.6
2026-07-13T19:46:17.683,43.5
2026-07-13T19:46:18.086,43.1
2026-07-13T19:46:18.489,43.3
2026-07-13T19:46:18.892,43.1
2026-07-13T19:46:19.295,42.9
2026-07-13T19:46:19.698,43.0
2026-07-13T19:46:20.101,43.0
2026-07-13T19:46:20.504,42.6
2026-07-13T19:46:20.907,42.9
2026-07-13T19:46:21.310,43.1
2026-07-13T19:46:21.713,42.8
2026-07-13T19:46:22.116,43.0
2026-07-13T19:46:22.519,43.5
2026-07-13T19:46:22.922,43.4
2026-07-13T19:46:23.325,43.2
2026-07-13T19:46:23.728,43.4
2026-07-13T19:46:24.131,43.2
2026-07-13T19:46:24.534,43.5
2026-07-13T19:46:24.937,44.1
2026-07-13T19:46:25.340,43.6
2026-07-13T19:46:25.743,43.6
2026-07-13T19:46:26.146,43.4
2026-07-13T19:46:26.549,43.3
2026-07-13T19:46:26.952,43.3
2026-07-13T19:46:27.355,42.9
2026-07-13T19:46:27.758,43.6
2026-07-13T19:46:28.161,43.5
2026-07-13T19:46:28.564,43.4
2026-07-13T19:46:28.967,43.4
2026-07-13T19:46:29.370,43.2
2026-07-13T19:46:29.773,43.7
2026-07-13T19:46:30.176,43.5
2026-07-13T19:46:30.579,43.3
2026-07-13T19:46:30.982,43.5
2026-07-13T19:46:31.385,43.3
2026-07-13T19:46:31.788,43.6
2026-07-13T19:46:32.191,43.6
2026-07-13T19:46:32.594,44.3
2026-07-13T19:46:32.997,43.8
2026-07-13T19:46:33.400,43.4
2026-07-13T19:46:33.802,43.5
2026-07-13T19:46:34.205,43.9
2026-07-13T19:46:34.608,43.7
2026-07-13T19:46:35.011,44.0
2026-07-13T19:46:35.414,43.7
2026-07-13T19:46:35.817,43.9
2026-07-13T19:46:36.220,44.0
2026-07-13T19:46:36.623,43.8
2026-07-13T19:46:37.026,44.0
2026-07-13T19:46:37.429,46.2
2026-07-13T19:46:37.832,47.5
2026-07-13T19:46:38.235,48.5
2026-07-13T19:46:38.638,49.7
2026-07-13T19:46:39.041,50.3
2026-07-13T19:46:39.444,51.0
2026-07-13T19:46:39.847,51.8
2026-07-13T19:46:40.250,52.5
2026-07-13T19:46:40.653,53.1
2026-07-13T19:46:41.056,53.4
2026-07-13T19:46:41.459,54.2
2026-07-13T19:46:41.862,54.7
2026-07-13T19:46:42.265,54.6
2026-07-13T19:46:42.668,54.2
2026-07-13T19:46:43.071,54.4
2026-07-13T19:46:43.474,54.3
2026-07-13T19:46:43.877,54.6
2026-07-13T19:46:44.280,54.6
2026-07-13T19:46:44.683,54.2
2026-07-13T19:46:45.086,54.5
2026-07-13T19:46:45.489,54.3
2026-07-13T19:46:45.892,54.4
2026-07-13T19:46:46.295,54.3
2026-07-13T19:46:46.698,54.9
2026-07-13T19:46:47.101,54.7
2026-07-13T19:46:47.504,54.5
2026-07-13T19:46:47.907,54.5
2026-07-13T19:46:48.310,54.7
2026-07-13T19:46:48.713,54.7
2026-07-13T19:46:49.116,54.8
2026-07-13T19:46:49.519,54.7
2026-07-13T19:46:49.922,54.8
2026-07-13T19:46:50.325,54.8
2026-07-13T19:46:50.728,54.6
2026-07-13T19:46:51.131,54.4
2026-07-13T19:46:51.534,54.5
2026-07-13T19:46:51.937,54.3
2026-07-13T19:46:52.340,54.3
2026-07-13T19:46:52.743,54.1
2026-07-13T19:46:53.146,53.7
2026-07-13T19:46:53.549,54.0
2026-07-13T19:46:53.952,53.8
2026-07-13T19:46:54.354,56.6
2026-07-13T19:46:54.758,58.5
2026-07-13T19:46:55.160,57.5
2026-07-13T19:46:55.563,56.5
2026-07-13T19:46:55.966,55.5
2026-07-13T19:46:56.369,53.2
2026-07-13T19:46:56.772,52.9
2026-07-13T19:46:57.175,52.6
2026-07-13T19:46:57.578,52.7
2026-07-13T19:46:57.981,52.6
2026-07-13T19:46:58.384,53.0
2026-07-13T19:46:58.787,52.8
2026-07-13T19:46:59.190,52.4
2026-07-13T19:46:59.593,52.2
2026-07-13T19:46:59.996,50.9
2026-07-13T19:47:00.399,50.6
2026-07-13T19:47:00.802,50.2
2026-07-13T19:47:01.205,50.2
2026-07-13T19:47:01.608,50.6
2026-07-13T19:47:02.011,50.3
2026-07-13T19:47:02.414,50.2
2026-07-13T19:47:02.817,51.4
2026-07-13T19:47:03.220,51.0
2026-07-13T19:47:03.623,50.1
2026-07-13T19:47:04.026,49.1
2026-07-13T19:47:04.429,46.7
2026-07-13T19:47:04.832,46.1
2026-07-13T19:47:05.235,49.2
2026-07-13T19:47:05.638,48.2
2026-07-13T19:47:06.041,47.4
2026-07-13T19:47:06.444,48.4
2026-07-13T19:47:06.847,47.5
2026-07-13T19:47:07.250,46.9
2026-07-13T19:47:07.653,46.2
2026-07-13T19:47:08.056,45.3
2026-07-13T19:47:08.459,44.6
2026-07-13T19:47:08.862,44.9
2026-07-13T19:47:09.265,46.9
2026-07-13T19:47:09.668,46.6
2026-07-13T19:47:10.071,46.1
2026-07-13T19:47:10.474,45.6
2026-07-13T19:47:10.877,44.9
2026-07-13T19:47:11.280,46.3
2026-07-13T19:47:11.683,45.7
2026-07-13T19:47:12.086,45.2
2026-07-13T19:47:12.489,44.9
2026-07-13T19:47:12.892,44.7
2026-07-13T19:47:13.295,43.8
2026-07-13T19:47:13.698,43.5
2026-07-13T19:47:14.101,43.8
2026-07-13T19:47:14.504,43.6
2026-07-13T19:47:14.907,43.7
2026-07-13T19:47:15.310,43.8
2026-07-13T19:47:15.712,43.4
2026-07-13T19:47:16.115,43.3
2026-07-13T19:47:16.518,43.2
2026-07-13T19:47:16.921,43.9
2026-07-13T19:47:17.324,44.3
2026-07-13T19:47:17.727,44.1
2026-07-13T19:47:18.130,43.9
2026-07-13T19:47:18.533,43.6
2026-07-13T19:47:18.936,44.3
2026-07-13T19:47:19.339,43.9
2026-07-13T19:47:19.742,43.7
2026-07-13T19:47:20.145,43.4
2026-07-13T19:47:20.548,43.2
2026-07-13T19:47:20.951,46.1
2026-07-13T19:47:21.354,45.5
2026-07-13T19:47:21.757,45.8
2026-07-13T19:47:22.160,45.4
2026-07-13T19:47:22.563,44.9
2026-07-13T19:47:22.966,44.4
2026-07-13T19:47:23.369,43.4
2026-07-13T19:47:23.772,42.9
2026-07-13T19:47:24.175,43.4
2026-07-13T19:47:24.578,43.6
2026-07-13T19:47:24.981,43.2
2026-07-13T19:47:25.384,43.0
2026-07-13T19:47:25.787,43.6
2026-07-13T19:47:26.190,43.2
2026-07-13T19:47:26.593,43.3
2026-07-13T19:47:26.996,43.2
2026-07-13T19:47:27.399,43.1
2026-07-13T19:47:27.802,42.9
2026-07-13T19:47:28.205,43.6
2026-07-13T19:47:28.608,43.2
2026-07-13T19:47:29.011,43.3
2026-07-13T19:47:29.414,43.1
2026-07-13T19:47:29.817,43.0
2026-07-13T19:47:30.220,42.9
2026-07-13T19:47:30.623,43.3
2026-07-13T19:47:31.026,43.1
2026-07-13T19:47:31.429,42.9
2026-07-13T19:47:31.832,43.3
2026-07-13T19:47:32.235,43.1
2026-07-13T19:47:32.638,43.1
2026-07-13T19:47:33.041,43.0
2026-07-13T19:47:33.444,43.3
2026-07-13T19:47:33.847,43.1
2026-07-13T19:47:34.250,43.1
2026-07-13T19:47:34.653,42.9
2026-07-13T19:47:35.056,43.2
2026-07-13T19:47:35.459,43.2
2026-07-13T19:47:35.862,42.9
2026-07-13T19:47:36.265,42.9
2026-07-13T19:47:36.668,42.8
2026-07-13T19:47:37.071,43.4
2026-07-13T19:47:37.474,43.3
2026-07-13T19:47:37.877,43.0
2026-07-13T19:47:38.280,43.3
2026-07-13T19:47:38.683,43.2
2026-07-13T19:47:39.086,43.2
2026-07-13T19:47:39.489,43.4
2026-07-13T19:47:39.891,43.3
2026-07-13T19:47:40.295,43.5
2026-07-13T19:47:40.697,43.1
2026-07-13T19:47:41.100,43.1
2026-07-13T19:47:41.503,43.9
2026-07-13T19:47:41.906,45.1
2026-07-13T19:47:42.309,46.5
2026-07-13T19:47:42.712,49.4
2026-07-13T19:47:43.115,50.6
2026-07-13T19:47:43.518,51.4
2026-07-13T19:47:43.921,52.2
2026-07-13T19:47:44.324,52.9
2026-07-13T19:47:44.727,53.5
2026-07-13T19:47:45.130,54.0
2026-07-13T19:47:45.533,54.3
2026-07-13T19:47:45.936,54.4
2026-07-13T19:47:46.339,54.5
2026-07-13T19:47:46.742,54.6
2026-07-13T19:47:47.145,54.6
2026-07-13T19:47:47.548,55.0
2026-07-13T19:47:47.951,55.2
2026-07-13T19:47:48.354,55.0
2026-07-13T19:47:48.757,55.0
2026-07-13T19:47:49.160,55.0
2026-07-13T19:47:49.563,55.1
2026-07-13T19:47:49.966,55.0
2026-07-13T19:47:50.369,54.7
2026-07-13T19:47:50.772,54.9
2026-07-13T19:47:51.175,55.1
2026-07-13T19:47:51.578,54.7
2026-07-13T19:47:51.981,55.2
2026-07-13T19:47:52.384,54.8
2026-07-13T19:47:52.787,54.9
2026-07-13T19:47:53.190,54.5
2026-07-13T19:47:53.593,54.9
2026-07-13T19:47:53.996,54.8
2026-07-13T19:47:54.399,54.4
2026-07-13T19:47:54.802,54.6
2026-07-13T19:47:55.205,54.3
2026-07-13T19:47:55.608,54.7
2026-07-13T19:47:56.011,54.4
2026-07-13T19:47:56.414,54.3
2026-07-13T19:47:56.817,54.0
2026-07-13T19:47:57.220,53.9
2026-07-13T19:47:57.623,54.0
2026-07-13T19:47:58.026,53.6
2026-07-13T19:47:58.429,53.8
2026-07-13T19:47:58.832,53.4
2026-07-13T19:47:59.235,53.4
2026-07-13T19:47:59.638,53.0
2026-07-13T19:48:00.041,53.2
2026-07-13T19:48:00.444,52.8
2026-07-13T19:48:00.847,52.5
2026-07-13T19:48:01.250,52.1
2026-07-13T19:48:01.653,53.2
2026-07-13T19:48:02.056,52.8
2026-07-13T19:48:02.459,52.3
2026-07-13T19:48:02.862,52.0
2026-07-13T19:48:03.265,51.3
2026-07-13T19:48:03.668,51.2
2026-07-13T19:48:04.071,51.1
2026-07-13T19:48:04.474,50.9
2026-07-13T19:48:04.877,50.9
2026-07-13T19:48:05.280,50.5
2026-07-13T19:48:05.683,50.4
2026-07-13T19:48:06.086,50.1
2026-07-13T19:48:06.489,49.4
2026-07-13T19:48:06.892,49.4
2026-07-13T19:48:07.295,49.4
2026-07-13T19:48:07.697,48.9
2026-07-13T19:48:08.100,48.5
2026-07-13T19:48:08.503,48.4
2026-07-13T19:48:08.906,47.3
2026-07-13T19:48:09.309,46.7
2026-07-13T19:48:09.712,47.2
2026-07-13T19:48:10.115,46.8
2026-07-13T19:48:10.518,46.6
2026-07-13T19:48:10.921,46.5
2026-07-13T19:48:11.324,45.8
2026-07-13T19:48:11.727,45.6
2026-07-13T19:48:12.130,45.7
2026-07-13T19:48:12.533,45.5
2026-07-13T19:48:12.936,45.7
2026-07-13T19:48:13.339,50.2
2026-07-13T19:48:13.742,50.4
2026-07-13T19:48:14.145,50.3
2026-07-13T19:48:14.548,49.1
2026-07-13T19:48:14.951,48.1
2026-07-13T19:48:15.354,50.5
2026-07-13T19:48:15.757,49.4
2026-07-13T19:48:16.160,50.5
2026-07-13T19:48:16.563,49.9
2026-07-13T19:48:16.966,49.1
2026-07-13T19:48:17.369,49.5
2026-07-13T19:48:17.772,48.7
2026-07-13T19:48:18.175,47.6
2026-07-13T19:48:18.578,46.7
2026-07-13T19:48:18.981,44.2
2026-07-13T19:48:19.384,44.2
2026-07-13T19:48:19.787,44.5
2026-07-13T19:48:20.190,44.6
2026-07-13T19:48:20.593,44.8
2026-07-13T19:48:20.996,46.1
2026-07-13T19:48:21.399,45.9
2026-07-13T19:48:21.802,45.8
2026-07-13T19:48:22.205,46.4
2026-07-13T19:48:22.608,47.0
2026-07-13T19:48:23.011,47.4
2026-07-13T19:48:23.414,48.2
2026-07-13T19:48:23.817,49.2
2026-07-13T19:48:24.220,50.1
2026-07-13T19:48:24.623,50.8
2026-07-13T19:48:25.026,50.6
2026-07-13T19:48:25.429,51.2
2026-07-13T19:48:25.831,51.6
2026-07-13T19:48:26.234,52.2
2026-07-13T19:48:26.637,52.8
2026-07-13T19:48:27.040,53.0
2026-07-13T19:48:27.443,53.2
2026-07-13T19:48:27.846,53.3
2026-07-13T19:48:28.249,53.8
2026-07-13T19:48:28.652,53.9
2026-07-13T19:48:29.055,54.1
2026-07-13T19:48:29.458,54.3
2026-07-13T19:48:29.861,54.2
2026-07-13T19:48:30.264,54.4
2026-07-13T19:48:30.667,54.5
2026-07-13T19:48:31.070,54.4
2026-07-13T19:48:31.473,54.0
2026-07-13T19:48:31.876,54.4
2026-07-13T19:48:32.279,54.1
2026-07-13T19:48:32.682,53.9
2026-07-13T19:48:33.085,53.9
2026-07-13T19:48:33.488,54.0
2026-07-13T19:48:33.890,54.1
2026-07-13T19:48:34.293,54.0
2026-07-13T19:48:34.696,54.2
2026-07-13T19:48:35.099,54.3
2026-07-13T19:48:35.502,54.1
2026-07-13T19:48:35.905,53.9
2026-07-13T19:48:36.308,53.9
2026-07-13T19:48:36.711,53.9
2026-07-13T19:48:37.114,53.8
2026-07-13T19:48:37.517,53.8
2026-07-13T19:48:37.920,53.6
2026-07-13T19:48:38.323,53.2
2026-07-13T19:48:38.726,53.1
2026-07-13T19:48:39.129,52.9
2026-07-13T19:48:39.532,52.9
2026-07-13T19:48:39.935,52.9
2026-07-13T19:48:40.338,52.7
2026-07-13T19:48:40.741,52.3
2026-07-13T19:48:41.144,52.5
2026-07-13T19:48:41.547,52.5
2026-07-13T19:48:41.950,52.4
2026-07-13T19:48:42.353,52.3
2026-07-13T19:48:42.755,52.2
2026-07-13T19:48:43.158,51.6
2026-07-13T19:48:43.561,51.6
2026-07-13T19:48:43.964,51.3
2026-07-13T19:48:44.367,51.1
2026-07-13T19:48:44.770,50.9
2026-07-13T19:48:45.173,50.9
2026-07-13T19:48:45.576,50.7
2026-07-13T19:48:45.979,50.6
2026-07-13T19:48:46.382,50.5
2026-07-13T19:48:46.785,50.3
2026-07-13T19:48:47.188,50.0
2026-07-13T19:48:47.591,50.2
2026-07-13T19:48:47.994,50.1
2026-07-13T19:48:48.397,50.0
2026-07-13T19:48:48.800,49.7
2026-07-13T19:48:49.203,49.3
2026-07-13T19:48:49.606,49.3
2026-07-13T19:48:50.009,49.9
2026-07-13T19:48:50.412,49.8
2026-07-13T19:48:50.815,49.1
2026-07-13T19:48:51.218,48.8
2026-07-13T19:48:51.621,47.4
2026-07-13T19:48:52.023,47.3
2026-07-13T19:48:52.426,47.7
2026-07-13T19:48:52.829,47.4
2026-07-13T19:48:53.232,47.1
2026-07-13T19:48:53.635,47.0
2026-07-13T19:48:54.038,46.4
2026-07-13T19:48:54.441,46.0
2026-07-13T19:48:54.844,46.1
2026-07-13T19:48:55.247,49.4
2026-07-13T19:48:55.650,48.7
2026-07-13T19:48:56.053,47.9
2026-07-13T19:48:56.456,47.5
2026-07-13T19:48:56.859,45.9
2026-07-13T19:48:57.262,45.5
2026-07-13T19:48:57.665,45.2
2026-07-13T19:48:58.068,45.2
2026-07-13T19:48:58.471,45.1
2026-07-13T19:48:58.874,44.9
2026-07-13T19:48:59.277,44.8
2026-07-13T19:48:59.680,44.7
2026-07-13T19:49:00.083,44.6
2026-07-13T19:49:00.486,44.6
2026-07-13T19:49:00.889,44.4
2026-07-13T19:49:01.295,44.3
2026-07-13T19:49:01.695,44.5
2026-07-13T19:49:02.098,44.4
2026-07-13T19:49:02.500,44.3
2026-07-13T19:49:02.903,44.1
2026-07-13T19:49:03.306,43.8
2026-07-13T19:49:03.709,43.4
2026-07-13T19:49:04.112,43.6
2026-07-13T19:49:04.515,43.2
2026-07-13T19:49:04.918,43.0
2026-07-13T19:49:05.321,43.3
2026-07-13T19:49:05.724,43.5
2026-07-13T19:49:06.127,43.5
2026-07-13T19:49:06.530,43.3
2026-07-13T19:49:06.933,43.9
2026-07-13T19:49:07.336,43.7
2026-07-13T19:49:07.739,43.5
2026-07-13T19:49:08.142,43.6
2026-07-13T19:49:08.545,43.4
2026-07-13T19:49:08.948,44.6
2026-07-13T19:49:09.351,45.0
2026-07-13T19:49:09.754,52.5
2026-07-13T19:49:10.157,51.4
2026-07-13T19:49:10.560,50.4
2026-07-13T19:49:10.963,52.6
2026-07-13T19:49:11.366,50.9
2026-07-13T19:49:11.769,49.2
2026-07-13T19:49:12.172,48.9
2026-07-13T19:49:12.575,45.4
2026-07-13T19:49:12.978,43.6
2026-07-13T19:49:13.381,43.9
2026-07-13T19:49:13.784,43.5
2026-07-13T19:49:14.187,45.5
2026-07-13T19:49:14.590,45.3
2026-07-13T19:49:14.993,44.7
2026-07-13T19:49:15.396,44.3
2026-07-13T19:49:15.799,42.8
2026-07-13T19:49:16.202,42.9
2026-07-13T19:49:16.605,42.6
2026-07-13T19:49:17.008,42.7
2026-07-13T19:49:17.411,42.7
2026-07-13T19:49:17.814,43.1
2026-07-13T19:49:18.217,42.9
2026-07-13T19:49:18.620,43.0
2026-07-13T19:49:19.023,43.1
2026-07-13T19:49:19.426,43.1
2026-07-13T19:49:19.829,43.3
2026-07-13T19:49:20.232,43.1
2026-07-13T19:49:20.635,42.8
2026-07-13T19:49:21.038,43.0
2026-07-13T19:49:21.441,43.1
2026-07-13T19:49:21.844,43.0
2026-07-13T19:49:22.247,42.6
2026-07-13T19:49:22.650,42.9
2026-07-13T19:49:23.052,43.2
2026-07-13T19:49:23.455,43.0
2026-07-13T19:49:23.858,43.3
2026-07-13T19:49:24.261,43.6
2026-07-13T19:49:24.664,43.3
2026-07-13T19:49:25.067,43.1
2026-07-13T19:49:25.470,42.8
2026-07-13T19:49:25.873,43.0
2026-07-13T19:49:26.276,42.8
2026-07-13T19:49:26.679,43.2
2026-07-13T19:49:27.082,42.9
2026-07-13T19:49:27.485,43.5
2026-07-13T19:49:27.888,43.4
2026-07-13T19:49:28.292,43.3
2026-07-13T19:49:28.694,43.6
2026-07-13T19:49:29.097,43.4
2026-07-13T19:49:29.500,43.2
2026-07-13T19:49:29.903,42.8
2026-07-13T19:49:30.306,43.1
2026-07-13T19:49:30.709,42.8
2026-07-13T19:49:31.112,42.9
2026-07-13T19:49:31.515,43.3
2026-07-13T19:49:31.918,43.7
2026-07-13T19:49:32.321,43.2
2026-07-13T19:49:32.724,42.9
2026-07-13T19:49:33.127,42.9
2026-07-13T19:49:33.530,43.1
2026-07-13T19:49:33.933,42.9
2026-07-13T19:49:34.336,42.9
2026-07-13T19:49:34.739,42.8
2026-07-13T19:49:35.142,43.1
2026-07-13T19:49:35.545,43.0
2026-07-13T19:49:35.948,42.8
2026-07-13T19:49:36.351,43.2
2026-07-13T19:49:36.754,43.1
2026-07-13T19:49:37.157,42.8
2026-07-13T19:49:37.560,42.9
2026-07-13T19:49:37.963,42.8
2026-07-13T19:49:38.366,42.6
2026-07-13T19:49:38.769,42.5
2026-07-13T19:49:39.172,42.8
2026-07-13T19:49:39.575,43.3
2026-07-13T19:49:39.978,43.1
2026-07-13T19:49:40.381,43.0
2026-07-13T19:49:40.784,43.0
2026-07-13T19:49:41.187,43.0
2026-07-13T19:49:41.590,43.0
2026-07-13T19:49:41.993,43.0
2026-07-13T19:49:42.396,43.3
2026-07-13T19:49:42.799,43.0
2026-07-13T19:49:43.202,43.0
2026-07-13T19:49:43.605,43.1
2026-07-13T19:49:44.008,42.9
2026-07-13T19:49:44.411,42.8
2026-07-13T19:49:44.814,42.8
2026-07-13T19:49:45.217,44.8
2026-07-13T19:49:45.620,44.4
2026-07-13T19:49:46.023,43.8
2026-07-13T19:49:46.426,43.6
2026-07-13T19:49:46.829,44.2
2026-07-13T19:49:47.232,49.6
2026-07-13T19:49:47.635,48.5
2026-07-13T19:49:48.038,47.5
2026-07-13T19:49:48.441,47.4
2026-07-13T19:49:48.844,45.1
2026-07-13T19:49:49.247,47.3
2026-07-13T19:49:49.650,46.8
2026-07-13T19:49:50.053,46.1
2026-07-13T19:49:50.457,53.8
2026-07-13T19:49:50.859,51.9
2026-07-13T19:49:51.262,50.3
2026-07-13T19:49:51.665,49.3
2026-07-13T19:49:52.068,44.7
2026-07-13T19:49:52.471,43.6
2026-07-13T19:49:52.874,43.0
2026-07-13T19:49:53.277,42.6
2026-07-13T19:49:53.680,42.7
2026-07-13T19:49:54.083,42.7
2026-07-13T19:49:54.486,43.1
2026-07-13T19:49:54.889,42.7
2026-07-13T19:49:55.292,42.9
2026-07-13T19:49:55.695,42.9
2026-07-13T19:49:56.098,43.3
2026-07-13T19:49:56.501,43.0
2026-07-13T19:49:56.904,43.0
2026-07-13T19:49:57.307,43.2
2026-07-13T19:49:57.709,43.1
2026-07-13T19:49:58.112,43.1
2026-07-13T19:49:58.515,43.0
2026-07-13T19:49:58.918,43.1
2026-07-13T19:49:59.321,43.8
2026-07-13T19:49:59.724,43.4
2026-07-13T19:50:00.127,43.0
2026-07-13T19:50:00.530,43.1
2026-07-13T19:50:00.933,43.0
2026-07-13T19:50:01.336,43.2
2026-07-13T19:50:01.739,43.5
2026-07-13T19:50:02.142,43.5
2026-07-13T19:50:02.545,43.8
2026-07-13T19:50:02.948,46.4
2026-07-13T19:50:03.351,45.7
2026-07-13T19:50:03.754,44.9
2026-07-13T19:50:04.157,44.8
2026-07-13T19:50:04.560,44.3
2026-07-13T19:50:04.963,44.8
2026-07-13T19:50:05.366,46.0
2026-07-13T19:50:05.769,48.2
2026-07-13T19:50:06.172,50.4
2026-07-13T19:50:06.575,50.7
2026-07-13T19:50:06.978,51.5
2026-07-13T19:50:07.381,51.8
2026-07-13T19:50:07.784,52.6
2026-07-13T19:50:08.187,53.2
2026-07-13T19:50:08.590,53.3
2026-07-13T19:50:08.993,53.5
2026-07-13T19:50:09.396,53.7
2026-07-13T19:50:09.799,53.7
2026-07-13T19:50:10.202,54.2
2026-07-13T19:50:10.605,54.0
2026-07-13T19:50:11.008,54.0
2026-07-13T19:50:11.411,54.0
2026-07-13T19:50:11.814,54.2
2026-07-13T19:50:12.217,54.0
2026-07-13T19:50:12.620,54.4
2026-07-13T19:50:13.023,54.4
2026-07-13T19:50:13.426,54.0
2026-07-13T19:50:13.829,54.1
2026-07-13T19:50:14.232,54.1
2026-07-13T19:50:14.635,55.2
2026-07-13T19:50:15.038,54.9
2026-07-13T19:50:15.441,54.7
2026-07-13T19:50:15.844,54.4
2026-07-13T19:50:16.247,53.9
2026-07-13T19:50:16.650,53.9
2026-07-13T19:50:17.052,53.6
2026-07-13T19:50:17.455,54.0
2026-07-13T19:50:17.858,55.5
2026-07-13T19:50:18.261,55.4
2026-07-13T19:50:18.664,54.9
2026-07-13T19:50:19.067,54.5
2026-07-13T19:50:19.470,54.0
2026-07-13T19:50:19.873,53.8
2026-07-13T19:50:20.276,54.0
2026-07-13T19:50:20.679,53.9
2026-07-13T19:50:21.082,53.8
2026-07-13T19:50:21.485,53.7
2026-07-13T19:50:21.888,57.5
2026-07-13T19:50:22.291,57.9
2026-07-13T19:50:22.694,57.5
2026-07-13T19:50:23.097,57.6
2026-07-13T19:50:23.500,56.9
2026-07-13T19:50:23.903,55.8
2026-07-13T19:50:24.306,55.4
2026-07-13T19:50:24.709,59.4
2026-07-13T19:50:25.112,58.0
2026-07-13T19:50:25.515,57.7
2026-07-13T19:50:25.918,57.3
2026-07-13T19:50:26.321,54.2
2026-07-13T19:50:26.724,55.4
2026-07-13T19:50:27.127,56.7
2026-07-13T19:50:27.530,56.1
2026-07-13T19:50:27.933,55.2
2026-07-13T19:50:28.336,54.7
2026-07-13T19:50:28.739,60.4
2026-07-13T19:50:29.142,62.0
2026-07-13T19:50:29.545,60.9
2026-07-13T19:50:29.948,59.2
2026-07-13T19:50:30.351,57.6
2026-07-13T19:50:30.754,50.7
2026-07-13T19:50:31.157,57.8
2026-07-13T19:50:31.560,57.3
2026-07-13T19:50:31.963,56.3
2026-07-13T19:50:32.366,54.9
2026-07-13T19:50:32.768,48.2
2026-07-13T19:50:33.171,50.4
2026-07-13T19:50:33.574,50.3
2026-07-13T19:50:33.977,49.3
2026-07-13T19:50:34.380,56.2
2026-07-13T19:50:34.783,55.1
2026-07-13T19:50:35.186,53.9
2026-07-13T19:50:35.589,53.2
2026-07-13T19:50:35.992,55.6
2026-07-13T19:50:36.395,54.9
2026-07-13T19:50:36.798,54.5
2026-07-13T19:50:37.201,53.7
2026-07-13T19:50:37.604,58.8
2026-07-13T19:50:38.007,57.2
2026-07-13T19:50:38.410,55.5
2026-07-13T19:50:38.813,54.2
2026-07-13T19:50:39.216,50.2
2026-07-13T19:50:39.619,50.1
2026-07-13T19:50:40.022,53.3
2026-07-13T19:50:40.425,52.9
2026-07-13T19:50:40.828,52.4
2026-07-13T19:50:41.231,52.0
2026-07-13T19:50:41.634,50.8
2026-07-13T19:50:42.037,53.9
2026-07-13T19:50:42.440,52.8
2026-07-13T19:50:42.842,52.0
2026-07-13T19:50:43.245,51.2
2026-07-13T19:50:43.648,55.2
2026-07-13T19:50:44.051,56.0
2026-07-13T19:50:44.454,55.0
2026-07-13T19:50:44.857,53.8
2026-07-13T19:50:45.260,53.3
2026-07-13T19:50:45.663,51.5
2026-07-13T19:50:46.066,51.9
2026-07-13T19:50:46.469,52.3
2026-07-13T19:50:46.872,52.6
2026-07-13T19:50:47.275,52.5
2026-07-13T19:50:47.678,52.8
2026-07-13T19:50:48.081,53.0
2026-07-13T19:50:48.484,53.6
2026-07-13T19:50:48.887,53.4
2026-07-13T19:50:49.290,53.4
2026-07-13T19:50:49.693,53.2
2026-07-13T19:50:50.096,53.5
2026-07-13T19:50:50.499,53.8
2026-07-13T19:50:50.902,53.6
2026-07-13T19:50:51.305,53.5
2026-07-13T19:50:51.707,53.4
2026-07-13T19:50:52.110,53.5
2026-07-13T19:50:52.513,53.5
2026-07-13T19:50:52.916,53.3
2026-07-13T19:50:53.319,53.3
2026-07-13T19:50:53.722,53.7
2026-07-13T19:50:54.125,53.7
2026-07-13T19:50:54.528,53.6
2026-07-13T19:50:54.931,53.5
2026-07-13T19:50:55.334,53.5
2026-07-13T19:50:55.737,53.8
2026-07-13T19:50:56.140,53.7
2026-07-13T19:50:56.543,53.5
2026-07-13T19:50:56.946,53.4
2026-07-13T19:50:57.349,53.2
2026-07-13T19:50:57.752,53.1
2026-07-13T19:50:58.155,52.9
2026-07-13T19:50:58.558,53.3
2026-07-13T19:50:58.961,53.0
2026-07-13T19:50:59.364,52.8
2026-07-13T19:50:59.767,52.8
2026-07-13T19:51:00.170,53.2
2026-07-13T19:51:00.573,53.0
2026-07-13T19:51:00.976,52.7
2026-07-13T19:51:01.379,52.5
2026-07-13T19:51:01.782,52.6
2026-07-13T19:51:02.185,52.4
2026-07-13T19:51:02.588,52.1
2026-07-13T19:51:02.991,52.2
2026-07-13T19:51:03.394,52.0
2026-07-13T19:51:03.797,52.0
2026-07-13T19:51:04.200,52.1
2026-07-13T19:51:04.603,51.7
2026-07-13T19:51:05.006,51.7
2026-07-13T19:51:05.409,51.4
2026-07-13T19:51:05.812,51.1
2026-07-13T19:51:06.215,51.0
2026-07-13T19:51:06.618,50.5
2026-07-13T19:51:07.021,50.3
2026-07-13T19:51:07.424,50.3
2026-07-13T19:51:07.827,50.1
2026-07-13T19:51:08.230,50.1
2026-07-13T19:51:08.632,50.0
2026-07-13T19:51:09.035,50.0
2026-07-13T19:51:09.438,50.0
2026-07-13T19:51:09.841,49.7
2026-07-13T19:51:10.244,49.6
2026-07-13T19:51:10.647,49.2
2026-07-13T19:51:11.050,47.7
2026-07-13T19:51:11.453,47.5
2026-07-13T19:51:11.856,47.2
2026-07-13T19:51:12.259,46.6
2026-07-13T19:51:12.662,46.4
2026-07-13T19:51:13.065,45.9
2026-07-13T19:51:13.468,46.2
2026-07-13T19:51:13.871,46.1
2026-07-13T19:51:14.274,45.8
2026-07-13T19:51:14.677,45.5
2026-07-13T19:51:15.080,45.1
2026-07-13T19:51:15.483,44.8
2026-07-13T19:51:15.886,44.6
2026-07-13T19:51:16.289,44.5
2026-07-13T19:51:16.692,44.9
2026-07-13T19:51:17.095,44.7
2026-07-13T19:51:17.498,44.9
2026-07-13T19:51:17.901,44.8
2026-07-13T19:51:18.304,44.4
2026-07-13T19:51:18.706,44.7
2026-07-13T19:51:19.109,44.8
2026-07-13T19:51:19.512,44.8
2026-07-13T19:51:19.915,44.7
2026-07-13T19:51:20.318,44.6
2026-07-13T19:51:20.721,44.7
2026-07-13T19:51:21.124,44.6
2026-07-13T19:51:21.527,44.3
2026-07-13T19:51:21.930,44.2
2026-07-13T19:51:22.333,45.7
2026-07-13T19:51:22.736,45.4
2026-07-13T19:51:23.139,45.1
2026-07-13T19:51:23.542,44.9
2026-07-13T19:51:23.945,45.0
2026-07-13T19:51:24.348,45.3
2026-07-13T19:51:24.751,44.9
2026-07-13T19:51:25.154,45.2
2026-07-13T19:51:25.557,45.4
2026-07-13T19:51:25.960,45.4
2026-07-13T19:51:26.363,45.4
2026-07-13T19:51:26.766,46.0
2026-07-13T19:51:27.169,45.8
2026-07-13T19:51:27.572,46.5
2026-07-13T19:51:27.975,47.2
2026-07-13T19:51:28.378,47.6
2026-07-13T19:51:28.781,48.8
2026-07-13T19:51:29.184,49.9
2026-07-13T19:51:29.586,50.0
2026-07-13T19:51:29.989,50.5
2026-07-13T19:51:30.392,51.2
2026-07-13T19:51:30.795,51.9
2026-07-13T19:51:31.198,52.3
2026-07-13T19:51:31.601,52.5
2026-07-13T19:51:32.004,52.8
2026-07-13T19:51:32.407,53.1
2026-07-13T19:51:32.810,53.4
2026-07-13T19:51:33.213,54.0
2026-07-13T19:51:33.616,54.0
2026-07-13T19:51:34.019,54.0
2026-07-13T19:51:34.422,54.1
2026-07-13T19:51:34.825,54.0
2026-07-13T19:51:35.228,53.9
2026-07-13T19:51:35.631,54.1
2026-07-13T19:51:36.034,54.2
2026-07-13T19:51:36.437,54.2
2026-07-13T19:51:36.840,54.2
2026-07-13T19:51:37.243,54.0
2026-07-13T19:51:37.646,54.4
2026-07-13T19:51:38.049,54.2
2026-07-13T19:51:38.452,54.2
2026-07-13T19:51:38.855,54.3
2026-07-13T19:51:39.258,54.7
2026-07-13T19:51:39.661,54.5
2026-07-13T19:51:40.064,54.3
2026-07-13T19:51:40.467,54.3
2026-07-13T19:51:40.870,54.2
2026-07-13T19:51:41.273,53.9
2026-07-13T19:51:41.675,55.0
2026-07-13T19:51:42.078,54.8
2026-07-13T19:51:42.481,54.3
2026-07-13T19:51:42.884,54.2
2026-07-13T19:51:43.287,53.7
2026-07-13T19:51:43.690,53.6
2026-07-13T19:51:44.093,53.5
2026-07-13T19:51:44.496,53.4
2026-07-13T19:51:44.899,53.2
2026-07-13T19:51:45.302,52.8
2026-07-13T19:51:45.705,52.5
2026-07-13T19:51:46.108,52.6
2026-07-13T19:51:46.511,52.4
2026-07-13T19:51:46.914,52.2
2026-07-13T19:51:47.317,52.1
2026-07-13T19:51:47.720,51.8
2026-07-13T19:51:48.123,51.7
2026-07-13T19:51:48.526,51.8
2026-07-13T19:51:48.929,51.7
2026-07-13T19:51:49.332,51.3
2026-07-13T19:51:49.735,51.4
2026-07-13T19:51:50.138,51.3
2026-07-13T19:51:50.541,51.1
2026-07-13T19:51:50.944,50.9
2026-07-13T19:51:51.347,50.9
2026-07-13T19:51:51.750,50.9
2026-07-13T19:51:52.153,50.6
2026-07-13T19:51:52.556,50.2
2026-07-13T19:51:52.959,50.3
2026-07-13T19:51:53.362,50.0
2026-07-13T19:51:53.764,49.6
2026-07-13T19:51:54.167,50.3
2026-07-13T19:51:54.570,49.8
2026-07-13T19:51:54.973,49.2
2026-07-13T19:51:55.376,50.0
2026-07-13T19:51:55.779,52.9
2026-07-13T19:51:56.182,51.6
2026-07-13T19:51:56.585,50.1
2026-07-13T19:51:56.988,49.0
2026-07-13T19:51:57.391,44.5
2026-07-13T19:51:57.794,46.2
2026-07-13T19:51:58.197,45.9
2026-07-13T19:51:58.600,45.5
2026-07-13T19:51:59.003,45.4
2026-07-13T19:51:59.406,44.0
2026-07-13T19:51:59.809,43.9
2026-07-13T19:52:00.212,44.1
2026-07-13T19:52:00.615,44.1
2026-07-13T19:52:01.018,43.8
2026-07-13T19:52:01.421,44.2
2026-07-13T19:52:01.824,44.1
2026-07-13T19:52:02.227,44.4
2026-07-13T19:52:02.630,44.2
2026-07-13T19:52:03.033,44.0
2026-07-13T19:52:03.436,43.9
2026-07-13T19:52:03.839,43.8
2026-07-13T19:52:04.242,43.6
2026-07-13T19:52:04.644,43.3
2026-07-13T19:52:05.047,43.2
2026-07-13T19:52:05.450,43.3
2026-07-13T19:52:05.853,43.1
2026-07-13T19:52:06.256,43.3
2026-07-13T19:52:06.659,43.2
2026-07-13T19:52:07.062,42.8
2026-07-13T19:52:07.465,43.1
2026-07-13T19:52:07.868,43.8
2026-07-13T19:52:08.271,43.6
2026-07-13T19:52:08.674,43.3
2026-07-13T19:52:09.077,43.5
2026-07-13T19:52:09.480,43.4
2026-07-13T19:52:09.883,43.8
2026-07-13T19:52:10.287,43.6
2026-07-13T19:52:10.689,43.6
2026-07-13T19:52:11.092,43.2
2026-07-13T19:52:11.495,43.6
2026-07-13T19:52:11.898,44.4
2026-07-13T19:52:12.301,44.0
2026-07-13T19:52:12.704,43.9
2026-07-13T19:52:13.107,48.7
2026-07-13T19:52:13.510,47.5
2026-07-13T19:52:13.913,47.6
2026-07-13T19:52:14.316,46.6
2026-07-13T19:52:14.718,45.6
2026-07-13T19:52:15.121,44.9
2026-07-13T19:52:15.524,43.1
2026-07-13T19:52:15.927,43.0
2026-07-13T19:52:16.330,43.3
2026-07-13T19:52:16.733,43.4
2026-07-13T19:52:17.136,43.2
2026-07-13T19:52:17.539,43.4
2026-07-13T19:52:17.942,43.9
2026-07-13T19:52:18.345,43.6
2026-07-13T19:52:18.748,43.6
2026-07-13T19:52:19.151,44.0
2026-07-13T19:52:19.554,45.4
2026-07-13T19:52:19.957,52.4
2026-07-13T19:52:20.360,51.1
2026-07-13T19:52:20.763,50.3
2026-07-13T19:52:21.166,49.9
2026-07-13T19:52:21.569,50.7
2026-07-13T19:52:21.972,52.1
2026-07-13T19:52:22.375,52.5
2026-07-13T19:52:22.778,52.9
2026-07-13T19:52:23.181,53.6
2026-07-13T19:52:23.583,53.7
2026-07-13T19:52:23.986,54.4
2026-07-13T19:52:24.389,54.5
2026-07-13T19:52:24.792,54.9
2026-07-13T19:52:25.195,54.8
2026-07-13T19:52:25.598,54.6
2026-07-13T19:52:26.001,54.8
2026-07-13T19:52:26.404,54.7
2026-07-13T19:52:26.807,55.0
2026-07-13T19:52:27.210,55.0
2026-07-13T19:52:27.613,54.8
2026-07-13T19:52:28.016,55.2
2026-07-13T19:52:28.419,55.0
2026-07-13T19:52:28.822,55.1
2026-07-13T19:52:29.225,55.0
2026-07-13T19:52:29.628,55.0
2026-07-13T19:52:30.031,55.2
2026-07-13T19:52:30.434,54.8
2026-07-13T19:52:30.837,54.7
2026-07-13T19:52:31.240,54.8
2026-07-13T19:52:31.643,54.7
2026-07-13T19:52:32.046,54.9
2026-07-13T19:52:32.449,55.0
2026-07-13T19:52:32.852,54.9
2026-07-13T19:52:33.255,54.7
2026-07-13T19:52:33.658,54.3
2026-07-13T19:52:34.061,54.4
2026-07-13T19:52:34.464,54.2
2026-07-13T19:52:34.867,54.3
2026-07-13T19:52:35.270,54.4
2026-07-13T19:52:35.673,54.0
2026-07-13T19:52:36.076,54.2
2026-07-13T19:52:36.479,54.2
2026-07-13T19:52:36.882,53.9
2026-07-13T19:52:37.286,53.8
2026-07-13T19:52:37.688,53.8
2026-07-13T19:52:38.091,53.9
2026-07-13T19:52:38.494,53.8
2026-07-13T19:52:38.897,53.7
2026-07-13T19:52:39.300,53.6
2026-07-13T19:52:39.703,53.0
2026-07-13T19:52:40.106,52.9
2026-07-13T19:52:40.509,52.3
2026-07-13T19:52:40.912,52.1
2026-07-13T19:52:41.315,51.9
2026-07-13T19:52:41.718,51.5
2026-07-13T19:52:42.121,51.2
2026-07-13T19:52:42.524,51.1
2026-07-13T19:52:42.927,50.9
2026-07-13T19:52:43.330,50.8
2026-07-13T19:52:43.733,50.5
2026-07-13T19:52:44.136,50.3
2026-07-13T19:52:44.539,50.3
2026-07-13T19:52:44.942,50.2
2026-07-13T19:52:45.345,50.2
2026-07-13T19:52:45.748,49.9
2026-07-13T19:52:46.151,49.4
2026-07-13T19:52:46.554,48.9
2026-07-13T19:52:46.957,47.2
2026-07-13T19:52:47.360,46.6
2026-07-13T19:52:47.763,45.8
2026-07-13T19:52:48.166,44.8
2026-07-13T19:52:48.569,44.1
2026-07-13T19:52:48.972,43.8
2026-07-13T19:52:49.375,43.6
2026-07-13T19:52:49.778,43.5
2026-07-13T19:52:50.182,43.7
2026-07-13T19:52:50.584,43.6
2026-07-13T19:52:50.987,43.3
2026-07-13T19:52:51.390,43.5
2026-07-13T19:52:51.793,43.5
2026-07-13T19:52:52.195,43.6
2026-07-13T19:52:52.598,43.7
2026-07-13T19:52:53.001,43.6
2026-07-13T19:52:53.404,43.8
2026-07-13T19:52:53.807,44.0
2026-07-13T19:52:54.210,44.1
2026-07-13T19:52:54.613,44.6
2026-07-13T19:52:55.016,44.1
2026-07-13T19:52:55.419,43.7
2026-07-13T19:52:55.822,43.7
2026-07-13T19:52:56.225,44.1
2026-07-13T19:52:56.628,43.7
2026-07-13T19:52:57.031,43.6
2026-07-13T19:52:57.434,43.3
2026-07-13T19:52:57.837,43.6
2026-07-13T19:52:58.240,43.4
2026-07-13T19:52:58.643,43.6
2026-07-13T19:52:59.046,43.2
2026-07-13T19:52:59.449,43.1
2026-07-13T19:52:59.852,43.8
2026-07-13T19:53:00.255,43.4
2026-07-13T19:53:00.658,43.2
2026-07-13T19:53:01.061,43.6
2026-07-13T19:53:01.464,43.2
2026-07-13T19:53:01.867,43.0
2026-07-13T19:53:02.270,42.8
2026-07-13T19:53:02.673,42.9
2026-07-13T19:53:03.076,42.8
2026-07-13T19:53:03.479,42.5
2026-07-13T19:53:03.882,42.6
2026-07-13T19:53:04.286,42.6
2026-07-13T19:53:04.688,42.7
2026-07-13T19:53:05.091,42.7
2026-07-13T19:53:05.494,42.9
2026-07-13T19:53:05.897,43.1
2026-07-13T19:53:06.300,42.8
2026-07-13T19:53:06.702,42.4
2026-07-13T19:53:07.105,42.9
2026-07-13T19:53:07.508,42.9
2026-07-13T19:53:07.911,42.8
2026-07-13T19:53:08.314,42.9
2026-07-13T19:53:08.717,42.6
2026-07-13T19:53:09.120,42.7
2026-07-13T19:53:09.523,42.5
2026-07-13T19:53:09.926,42.5
2026-07-13T19:53:10.329,42.7
2026-07-13T19:53:10.732,42.6
2026-07-13T19:53:11.135,42.6
2026-07-13T19:53:11.538,42.6
2026-07-13T19:53:11.941,42.9
2026-07-13T19:53:12.344,43.0
2026-07-13T19:53:12.747,42.7
2026-07-13T19:53:13.150,42.7
2026-07-13T19:53:13.553,42.6
2026-07-13T19:53:13.956,42.7
2026-07-13T19:53:14.359,43.0
2026-07-13T19:53:14.762,43.3
2026-07-13T19:53:15.165,43.5
2026-07-13T19:53:15.568,43.4
2026-07-13T19:53:15.971,43.1
2026-07-13T19:53:16.374,42.9
2026-07-13T19:53:16.777,42.5
2026-07-13T19:53:17.180,42.6
2026-07-13T19:53:17.583,43.0
2026-07-13T19:53:17.985,42.8
2026-07-13T19:53:18.388,43.0
2026-07-13T19:53:18.791,42.8
2026-07-13T19:53:19.194,43.3
2026-07-13T19:53:19.597,42.9
2026-07-13T19:53:20.000,42.7
2026-07-13T19:53:20.403,43.7
2026-07-13T19:53:20.806,43.7
2026-07-13T19:53:21.209,43.5
2026-07-13T19:53:21.612,43.7
2026-07-13T19:53:22.015,43.4
2026-07-13T19:53:22.418,43.5
2026-07-13T19:53:22.821,43.3
2026-07-13T19:53:23.224,43.1
2026-07-13T19:53:23.627,43.0
2026-07-13T19:53:24.030,44.7
2026-07-13T19:53:24.433,44.4
2026-07-13T19:53:24.836,44.3
2026-07-13T19:53:25.239,44.2
2026-07-13T19:53:25.642,43.0
2026-07-13T19:53:26.045,43.1
2026-07-13T19:53:26.448,42.7
2026-07-13T19:53:26.851,43.0
2026-07-13T19:53:27.254,42.8
2026-07-13T19:53:27.657,42.8
2026-07-13T19:53:28.060,43.0
2026-07-13T19:53:28.463,42.7
2026-07-13T19:53:28.866,42.6
2026-07-13T19:53:29.269,42.9
2026-07-13T19:53:29.672,42.9
2026-07-13T19:53:30.074,42.8
2026-07-13T19:53:30.477,43.1
2026-07-13T19:53:30.880,42.8
2026-07-13T19:53:31.286,43.5
2026-07-13T19:53:31.686,43.5
2026-07-13T19:53:32.089,51.6
2026-07-13T19:53:32.492,50.8
2026-07-13T19:53:32.895,50.0
2026-07-13T19:53:33.298,50.2
2026-07-13T19:53:33.701,49.9
2026-07-13T19:53:34.104,48.5
2026-07-13T19:53:34.507,47.9
2026-07-13T19:53:34.910,46.0
2026-07-13T19:53:35.313,47.3
2026-07-13T19:53:35.716,49.7
2026-07-13T19:53:36.119,50.5
2026-07-13T19:53:36.522,51.3
2026-07-13T19:53:36.925,51.8
2026-07-13T19:53:37.328,52.5
2026-07-13T19:53:37.731,53.2
2026-07-13T19:53:38.134,53.7
2026-07-13T19:53:38.536,54.0
2026-07-13T19:53:38.939,54.3
2026-07-13T19:53:39.342,54.3
2026-07-13T19:53:39.745,54.5
2026-07-13T19:53:40.148,54.3
2026-07-13T19:53:40.551,54.8
2026-07-13T19:53:40.954,55.3
2026-07-13T19:53:41.357,55.1
2026-07-13T19:53:41.760,54.8
2026-07-13T19:53:42.163,54.5
2026-07-13T19:53:42.566,54.5
2026-07-13T19:53:42.969,54.6
2026-07-13T19:53:43.372,54.6
2026-07-13T19:53:43.775,54.5
2026-07-13T19:53:44.178,54.5
2026-07-13T19:53:44.581,54.4
2026-07-13T19:53:44.984,54.5
2026-07-13T19:53:45.387,54.4
2026-07-13T19:53:45.790,54.4
2026-07-13T19:53:46.193,54.3
2026-07-13T19:53:46.595,54.9
2026-07-13T19:53:46.998,54.6
2026-07-13T19:53:47.401,54.3
2026-07-13T19:53:47.804,54.3
2026-07-13T19:53:48.207,54.1
2026-07-13T19:53:48.610,53.9
2026-07-13T19:53:49.013,54.0
2026-07-13T19:53:49.416,53.9
2026-07-13T19:53:49.819,53.8
2026-07-13T19:53:50.222,53.6
2026-07-13T19:53:50.625,53.8
2026-07-13T19:53:51.028,53.7
2026-07-13T19:53:51.431,53.6
2026-07-13T19:53:51.834,53.4
2026-07-13T19:53:52.237,53.3
2026-07-13T19:53:52.640,53.2
2026-07-13T19:53:53.043,53.0
2026-07-13T19:53:53.446,53.3
2026-07-13T19:53:53.849,53.1
2026-07-13T19:53:54.252,52.9
2026-07-13T19:53:54.655,52.7
2026-07-13T19:53:55.058,52.1
2026-07-13T19:53:55.461,52.0
2026-07-13T19:53:55.863,51.8
2026-07-13T19:53:56.266,51.4
2026-07-13T19:53:56.669,51.2
2026-07-13T19:53:57.072,50.9
2026-07-13T19:53:57.475,50.5
2026-07-13T19:53:57.878,50.3
2026-07-13T19:53:58.281,50.0
2026-07-13T19:53:58.684,50.0
2026-07-13T19:53:59.087,49.9
2026-07-13T19:53:59.490,49.6
2026-07-13T19:53:59.893,49.3
2026-07-13T19:54:00.296,48.2
2026-07-13T19:54:00.699,47.9
2026-07-13T19:54:01.102,47.3
2026-07-13T19:54:01.505,46.5
2026-07-13T19:54:01.908,46.3
2026-07-13T19:54:02.311,45.6
2026-07-13T19:54:02.714,44.3
2026-07-13T19:54:03.117,43.5
2026-07-13T19:54:03.519,43.3
2026-07-13T19:54:03.922,43.9
2026-07-13T19:54:04.325,43.9
2026-07-13T19:54:04.728,43.8
2026-07-13T19:54:05.131,43.7
2026-07-13T19:54:05.534,43.9
2026-07-13T19:54:05.937,43.6
2026-07-13T19:54:06.340,43.4
2026-07-13T19:54:06.743,43.0
2026-07-13T19:54:07.146,42.8
2026-07-13T19:54:07.549,42.9
2026-07-13T19:54:07.952,42.9
2026-07-13T19:54:08.355,43.1
2026-07-13T19:54:08.758,43.2
2026-07-13T19:54:09.161,42.9
2026-07-13T19:54:09.564,42.5
2026-07-13T19:54:09.967,43.1
2026-07-13T19:54:10.370,43.0
2026-07-13T19:54:10.773,42.8
2026-07-13T19:54:11.176,42.7
2026-07-13T19:54:11.579,42.8
2026-07-13T19:54:11.982,42.8
2026-07-13T19:54:12.384,42.9
2026-07-13T19:54:12.787,42.9
2026-07-13T19:54:13.190,42.7
2026-07-13T19:54:13.593,43.0
2026-07-13T19:54:13.996,42.7
2026-07-13T19:54:14.399,43.9
2026-07-13T19:54:14.802,46.8
2026-07-13T19:54:15.205,46.0
2026-07-13T19:54:15.608,45.3
2026-07-13T19:54:16.011,44.5
2026-07-13T19:54:16.414,42.6
2026-07-13T19:54:16.817,42.8
2026-07-13T19:54:17.220,42.6
2026-07-13T19:54:17.623,42.6
2026-07-13T19:54:18.026,42.6
2026-07-13T19:54:18.429,42.6
2026-07-13T19:54:18.832,43.0
2026-07-13T19:54:19.235,43.2
2026-07-13T19:54:19.638,43.0
2026-07-13T19:54:20.040,42.8
2026-07-13T19:54:20.443,43.2
2026-07-13T19:54:20.846,45.2
2026-07-13T19:54:21.249,44.7
2026-07-13T19:54:21.652,45.3
2026-07-13T19:54:22.055,44.8
2026-07-13T19:54:22.458,44.1
2026-07-13T19:54:22.861,43.6
2026-07-13T19:54:23.264,42.5
2026-07-13T19:54:23.667,42.7
2026-07-13T19:54:24.070,43.0
2026-07-13T19:54:24.473,42.6
2026-07-13T19:54:24.876,42.4
2026-07-13T19:54:25.279,43.0
2026-07-13T19:54:25.682,43.1
2026-07-13T19:54:26.085,42.9
2026-07-13T19:54:26.488,43.0
2026-07-13T19:54:26.891,43.1
2026-07-13T19:54:27.294,43.1
2026-07-13T19:54:27.697,42.9
2026-07-13T19:54:28.099,46.7
2026-07-13T19:54:28.502,46.0
2026-07-13T19:54:28.905,45.2
2026-07-13T19:54:29.308,44.7
2026-07-13T19:54:29.711,44.5
2026-07-13T19:54:30.114,45.5
2026-07-13T19:54:30.517,46.9
2026-07-13T19:54:30.920,48.3
2026-07-13T19:54:31.323,50.3
2026-07-13T19:54:31.726,50.5
2026-07-13T19:54:32.129,51.3
2026-07-13T19:54:32.532,51.7
2026-07-13T19:54:32.935,52.1
2026-07-13T19:54:33.338,52.6
2026-07-13T19:54:33.741,53.0
2026-07-13T19:54:34.144,53.2
2026-07-13T19:54:34.547,53.4
2026-07-13T19:54:34.950,53.8
2026-07-13T19:54:35.353,53.7
2026-07-13T19:54:35.755,53.9
2026-07-13T19:54:36.158,54.0
2026-07-13T19:54:36.561,54.0
2026-07-13T19:54:36.964,54.2
2026-07-13T19:54:37.367,54.4
2026-07-13T19:54:37.770,54.3
2026-07-13T19:54:38.173,54.4
2026-07-13T19:54:38.576,54.4
2026-07-13T19:54:38.979,54.6
2026-07-13T19:54:39.382,54.8
2026-07-13T19:54:39.785,54.7
2026-07-13T19:54:40.188,54.6
2026-07-13T19:54:40.591,54.4
2026-07-13T19:54:40.994,54.6
2026-07-13T19:54:41.397,54.6
2026-07-13T19:54:41.800,54.3
2026-07-13T19:54:42.203,54.5
2026-07-13T19:54:42.606,54.2
2026-07-13T19:54:43.008,54.0
2026-07-13T19:54:43.411,54.1
2026-07-13T19:54:43.814,53.9
2026-07-13T19:54:44.217,53.8
2026-07-13T19:54:44.620,53.7
2026-07-13T19:54:45.023,53.6
2026-07-13T19:54:45.426,53.6
2026-07-13T19:54:45.829,53.4
2026-07-13T19:54:46.232,53.2
2026-07-13T19:54:46.635,53.2
2026-07-13T19:54:47.038,53.2
2026-07-13T19:54:47.441,53.0
2026-07-13T19:54:47.844,53.4
2026-07-13T19:54:48.247,53.3
2026-07-13T19:54:48.650,53.2
2026-07-13T19:54:49.052,52.8
2026-07-13T19:54:49.455,52.7
2026-07-13T19:54:49.858,52.7
2026-07-13T19:54:50.261,52.3
2026-07-13T19:54:50.664,52.1
2026-07-13T19:54:51.067,52.2
2026-07-13T19:54:51.470,51.9
2026-07-13T19:54:51.873,51.8
2026-07-13T19:54:52.276,51.6
2026-07-13T19:54:52.679,51.5
2026-07-13T19:54:53.082,51.1
2026-07-13T19:54:53.485,50.6
2026-07-13T19:54:53.888,50.4
2026-07-13T19:54:54.292,50.2
2026-07-13T19:54:54.694,50.1
2026-07-13T19:54:55.097,50.1
2026-07-13T19:54:55.499,50.0
2026-07-13T19:54:55.902,49.9
2026-07-13T19:54:56.305,49.6
2026-07-13T19:54:56.708,48.7
2026-07-13T19:54:57.111,48.6
2026-07-13T19:54:57.514,47.5
2026-07-13T19:54:57.917,47.2
2026-07-13T19:54:58.320,46.8
2026-07-13T19:54:58.723,45.9
2026-07-13T19:54:59.126,45.7
2026-07-13T19:54:59.529,46.1
2026-07-13T19:54:59.932,45.8
2026-07-13T19:55:00.335,45.8
2026-07-13T19:55:00.738,45.3
2026-07-13T19:55:01.141,45.1
2026-07-13T19:55:01.544,45.3
2026-07-13T19:55:01.947,45.9
2026-07-13T19:55:02.350,45.8
2026-07-13T19:55:02.753,46.4
2026-07-13T19:55:03.155,46.3
2026-07-13T19:55:03.558,46.0
2026-07-13T19:55:03.961,45.9
2026-07-13T19:55:04.364,46.0
2026-07-13T19:55:04.767,46.1
2026-07-13T19:55:05.170,46.7
2026-07-13T19:55:05.573,46.6
2026-07-13T19:55:05.976,47.2
2026-07-13T19:55:06.379,48.0
2026-07-13T19:55:06.782,48.3
2026-07-13T19:55:07.185,48.1
2026-07-13T19:55:07.588,48.0
2026-07-13T19:55:07.991,47.6
2026-07-13T19:55:08.394,48.2
2026-07-13T19:55:08.797,48.5
2026-07-13T19:55:09.200,48.4
2026-07-13T19:55:09.603,48.8
2026-07-13T19:55:10.005,50.2
2026-07-13T19:55:10.408,49.7
2026-07-13T19:55:10.811,50.3
2026-07-13T19:55:11.214,50.2
2026-07-13T19:55:11.617,50.3
2026-07-13T19:55:12.020,50.8
2026-07-13T19:55:12.423,51.3
2026-07-13T19:55:12.826,51.8
2026-07-13T19:55:13.229,52.2
2026-07-13T19:55:13.632,52.9
2026-07-13T19:55:14.035,53.2
2026-07-13T19:55:14.438,53.3
2026-07-13T19:55:14.841,53.3
2026-07-13T19:55:15.244,53.8
2026-07-13T19:55:15.647,53.9
2026-07-13T19:55:16.050,54.1
2026-07-13T19:55:16.453,54.2
2026-07-13T19:55:16.856,53.9
2026-07-13T19:55:17.258,54.2
2026-07-13T19:55:17.661,54.1
2026-07-13T19:55:18.064,53.9
2026-07-13T19:55:18.467,54.2
2026-07-13T19:55:18.870,54.1
2026-07-13T19:55:19.273,54.1
2026-07-13T19:55:19.676,54.1
2026-07-13T19:55:20.079,54.1
2026-07-13T19:55:20.482,54.1
2026-07-13T19:55:20.885,54.0
2026-07-13T19:55:21.288,54.0
2026-07-13T19:55:21.691,53.8
2026-07-13T19:55:22.094,54.0
2026-07-13T19:55:22.497,54.0
2026-07-13T19:55:22.900,54.1
2026-07-13T19:55:23.303,53.9
2026-07-13T19:55:23.705,53.8
2026-07-13T19:55:24.108,54.0
2026-07-13T19:55:24.511,53.9
2026-07-13T19:55:24.914,53.8
2026-07-13T19:55:25.317,54.0
2026-07-13T19:55:25.720,53.7
2026-07-13T19:55:26.123,53.6
2026-07-13T19:55:26.526,53.5
2026-07-13T19:55:26.929,53.6
2026-07-13T19:55:27.332,53.5
2026-07-13T19:55:27.735,53.4
2026-07-13T19:55:28.138,53.3
2026-07-13T19:55:28.541,53.2
2026-07-13T19:55:28.944,53.0
2026-07-13T19:55:29.347,52.9
2026-07-13T19:55:29.750,52.8
2026-07-13T19:55:30.153,52.8
2026-07-13T19:55:30.555,52.5
2026-07-13T19:55:30.958,52.4
2026-07-13T19:55:31.361,52.0
2026-07-13T19:55:31.764,51.5
2026-07-13T19:55:32.167,51.6
2026-07-13T19:55:32.570,51.4
2026-07-13T19:55:32.973,51.5
2026-07-13T19:55:33.376,51.2
2026-07-13T19:55:33.779,51.0
2026-07-13T19:55:34.182,50.7
2026-07-13T19:55:34.585,50.3
2026-07-13T19:55:34.988,50.2
2026-07-13T19:55:35.391,50.3
2026-07-13T19:55:35.794,50.0
2026-07-13T19:55:36.197,50.3
2026-07-13T19:55:36.600,49.9
2026-07-13T19:55:37.003,49.8
2026-07-13T19:55:37.406,49.8
2026-07-13T19:55:37.809,49.3
2026-07-13T19:55:38.212,48.8
2026-07-13T19:55:38.615,48.3
2026-07-13T19:55:39.018,47.2
2026-07-13T19:55:39.421,46.8
2026-07-13T19:55:39.824,46.5
2026-07-13T19:55:40.227,46.0
2026-07-13T19:55:40.630,47.1
2026-07-13T19:55:41.033,46.9
2026-07-13T19:55:41.436,46.7
2026-07-13T19:55:41.839,46.8
2026-07-13T19:55:42.242,46.8
2026-07-13T19:55:42.644,46.7
2026-07-13T19:55:43.047,46.5
2026-07-13T19:55:43.450,46.7
2026-07-13T19:55:43.853,46.6
2026-07-13T19:55:44.256,46.9
2026-07-13T19:55:44.659,46.9
2026-07-13T19:55:45.062,47.1
2026-07-13T19:55:45.465,46.7
2026-07-13T19:55:45.868,46.6
2026-07-13T19:55:46.271,46.7
2026-07-13T19:55:46.674,46.8
2026-07-13T19:55:47.077,47.2
2026-07-13T19:55:47.480,47.2
2026-07-13T19:55:47.883,47.1
2026-07-13T19:55:48.286,47.2
2026-07-13T19:55:48.689,47.8
2026-07-13T19:55:49.092,48.3
2026-07-13T19:55:49.495,48.3
2026-07-13T19:55:49.898,48.9
2026-07-13T19:55:50.301,49.3
2026-07-13T19:55:50.704,49.5
2026-07-13T19:55:51.107,49.9
2026-07-13T19:55:51.510,50.1
2026-07-13T19:55:51.913,50.1
2026-07-13T19:55:52.316,50.4
2026-07-13T19:55:52.719,50.6
2026-07-13T19:55:53.122,51.2
2026-07-13T19:55:53.525,51.6
2026-07-13T19:55:53.928,52.2
2026-07-13T19:55:54.331,52.7
2026-07-13T19:55:54.734,53.0
2026-07-13T19:55:55.137,53.5
2026-07-13T19:55:55.540,53.8
2026-07-13T19:55:55.943,53.9
2026-07-13T19:55:56.345,54.1
2026-07-13T19:55:56.748,54.3
2026-07-13T19:55:57.151,54.1
2026-07-13T19:55:57.554,54.4
2026-07-13T19:55:57.957,54.3
2026-07-13T19:55:58.360,54.5
2026-07-13T19:55:58.763,54.8
2026-07-13T19:55:59.166,54.6
2026-07-13T19:55:59.569,54.6
2026-07-13T19:55:59.972,54.6
2026-07-13T19:56:00.375,54.7
2026-07-13T19:56:00.778,54.7
2026-07-13T19:56:01.181,54.4
2026-07-13T19:56:01.584,54.8
2026-07-13T19:56:01.987,58.4
2026-07-13T19:56:02.390,57.6
2026-07-13T19:56:02.793,56.6
2026-07-13T19:56:03.196,56.2
2026-07-13T19:56:03.599,54.3
2026-07-13T19:56:04.002,54.1
2026-07-13T19:56:04.405,54.1
2026-07-13T19:56:04.808,54.1
2026-07-13T19:56:05.211,54.3
2026-07-13T19:56:05.614,54.3
2026-07-13T19:56:06.017,54.2
2026-07-13T19:56:06.420,54.3
2026-07-13T19:56:06.823,54.1
2026-07-13T19:56:07.226,53.9
2026-07-13T19:56:07.629,53.9
2026-07-13T19:56:08.032,53.8
2026-07-13T19:56:08.435,53.6
2026-07-13T19:56:08.838,53.5
2026-07-13T19:56:09.241,53.3
2026-07-13T19:56:09.644,53.4
2026-07-13T19:56:10.047,53.2
2026-07-13T19:56:10.450,53.1
2026-07-13T19:56:10.853,52.8
2026-07-13T19:56:11.256,52.8
2026-07-13T19:56:11.658,52.5
2026-07-13T19:56:12.061,52.4
2026-07-13T19:56:12.464,52.1
2026-07-13T19:56:12.867,52.0
2026-07-13T19:56:13.270,51.8
2026-07-13T19:56:13.673,51.7
2026-07-13T19:56:14.076,51.4
2026-07-13T19:56:14.479,51.3
2026-07-13T19:56:14.882,51.1
2026-07-13T19:56:15.286,50.7
2026-07-13T19:56:15.688,50.4
2026-07-13T19:56:16.091,50.4
2026-07-13T19:56:16.494,50.1
2026-07-13T19:56:16.897,50.2
2026-07-13T19:56:17.300,50.0
2026-07-13T19:56:17.703,49.8
2026-07-13T19:56:18.106,49.6
2026-07-13T19:56:18.509,48.4
2026-07-13T19:56:18.912,48.2
2026-07-13T19:56:19.315,47.7
2026-07-13T19:56:19.718,47.1
2026-07-13T19:56:20.121,45.9
2026-07-13T19:56:20.524,46.0
2026-07-13T19:56:20.927,45.8
2026-07-13T19:56:21.330,45.9
2026-07-13T19:56:21.733,45.7
2026-07-13T19:56:22.136,45.6
2026-07-13T19:56:22.539,45.6
2026-07-13T19:56:22.942,45.4
2026-07-13T19:56:23.345,45.3
2026-07-13T19:56:23.748,44.9
2026-07-13T19:56:24.151,43.8
2026-07-13T19:56:24.554,44.1
2026-07-13T19:56:24.957,44.0
2026-07-13T19:56:25.360,43.5
2026-07-13T19:56:25.763,43.2
2026-07-13T19:56:26.166,43.3
2026-07-13T19:56:26.569,43.0
2026-07-13T19:56:26.972,42.8
2026-07-13T19:56:27.375,43.4
2026-07-13T19:56:27.778,46.6
2026-07-13T19:56:28.181,50.3
2026-07-13T19:56:28.584,49.1
2026-07-13T19:56:28.987,47.7
2026-07-13T19:56:29.390,46.7
2026-07-13T19:56:29.792,43.3
2026-07-13T19:56:30.195,43.7
2026-07-13T19:56:30.598,43.3
2026-07-13T19:56:31.001,43.6
2026-07-13T19:56:31.404,43.7
2026-07-13T19:56:31.807,43.2
2026-07-13T19:56:32.210,43.3
2026-07-13T19:56:32.613,43.2
2026-07-13T19:56:33.016,42.8
2026-07-13T19:56:33.419,42.9
2026-07-13T19:56:33.822,42.9
2026-07-13T19:56:34.225,42.5
2026-07-13T19:56:34.628,42.6
2026-07-13T19:56:35.031,42.8
2026-07-13T19:56:35.434,42.7
2026-07-13T19:56:35.837,42.5
2026-07-13T19:56:36.240,43.1
2026-07-13T19:56:36.643,42.9
2026-07-13T19:56:37.046,42.5
2026-07-13T19:56:37.449,43.0
2026-07-13T19:56:37.852,42.8
2026-07-13T19:56:38.255,42.7
2026-07-13T19:56:38.658,42.6
2026-07-13T19:56:39.061,42.8
2026-07-13T19:56:39.464,42.9
2026-07-13T19:56:39.867,42.5
2026-07-13T19:56:40.270,42.5
2026-07-13T19:56:40.673,42.7
2026-07-13T19:56:41.076,42.4
2026-07-13T19:56:41.479,42.5
2026-07-13T19:56:41.882,42.3
2026-07-13T19:56:42.286,42.5
2026-07-13T19:56:42.688,42.7
2026-07-13T19:56:43.091,42.5
2026-07-13T19:56:43.493,42.6
2026-07-13T19:56:43.896,42.5
2026-07-13T19:56:44.300,42.7
2026-07-13T19:56:44.702,42.7
2026-07-13T19:56:45.105,42.7
2026-07-13T19:56:45.508,43.0
2026-07-13T19:56:45.911,42.9
2026-07-13T19:56:46.314,43.4
2026-07-13T19:56:46.717,43.2
2026-07-13T19:56:47.120,43.1
2026-07-13T19:56:47.523,43.4
2026-07-13T19:56:47.926,44.3
2026-07-13T19:56:48.329,44.0
2026-07-13T19:56:48.732,44.8
2026-07-13T19:56:49.135,44.6
2026-07-13T19:56:49.538,44.2
2026-07-13T19:56:49.941,43.9
2026-07-13T19:56:50.344,43.0
2026-07-13T19:56:50.747,43.1
2026-07-13T19:56:51.150,43.4
2026-07-13T19:56:51.553,43.2
2026-07-13T19:56:51.956,43.1
2026-07-13T19:56:52.359,43.0
2026-07-13T19:56:52.761,43.1
2026-07-13T19:56:53.164,42.7
2026-07-13T19:56:53.567,42.6
2026-07-13T19:56:53.970,42.6
2026-07-13T19:56:54.373,42.3
2026-07-13T19:56:54.776,42.5
2026-07-13T19:56:55.179,43.0
2026-07-13T19:56:55.582,42.8
2026-07-13T19:56:55.985,42.6
2026-07-13T19:56:56.388,42.4
2026-07-13T19:56:56.791,42.4
2026-07-13T19:56:57.194,42.1
2026-07-13T19:56:57.597,43.0
2026-07-13T19:56:58.000,42.6
2026-07-13T19:56:58.403,42.5
2026-07-13T19:56:58.806,42.1
2026-07-13T19:56:59.209,42.4
2026-07-13T19:56:59.612,42.7
2026-07-13T19:57:00.015,42.5
2026-07-13T19:57:00.418,42.7
2026-07-13T19:57:00.821,42.4
2026-07-13T19:57:01.224,42.4
2026-07-13T19:57:01.627,42.6
2026-07-13T19:57:02.030,42.6
2026-07-13T19:57:02.433,42.3
2026-07-13T19:57:02.836,42.7
2026-07-13T19:57:03.239,42.6
2026-07-13T19:57:03.642,42.3
2026-07-13T19:57:04.044,42.2
2026-07-13T19:57:04.447,42.0
2026-07-13T19:57:04.850,42.2
2026-07-13T19:57:05.253,42.2
2026-07-13T19:57:05.656,42.0
2026-07-13T19:57:06.059,42.2
2026-07-13T19:57:06.462,42.1
2026-07-13T19:57:06.865,42.5
2026-07-13T19:57:07.268,42.5
2026-07-13T19:57:07.671,42.5
2026-07-13T19:57:08.074,42.5
2026-07-13T19:57:08.477,42.4
2026-07-13T19:57:08.880,42.5
2026-07-13T19:57:09.286,42.3
2026-07-13T19:57:09.686,42.9
2026-07-13T19:57:10.089,42.7
2026-07-13T19:57:10.492,42.8
2026-07-13T19:57:10.895,43.1
2026-07-13T19:57:11.298,43.1
2026-07-13T19:57:11.701,42.7
2026-07-13T19:57:12.104,43.1
2026-07-13T19:57:12.507,42.9
2026-07-13T19:57:12.910,42.6
2026-07-13T19:57:13.313,44.1
2026-07-13T19:57:13.716,43.9
2026-07-13T19:57:14.119,43.5
2026-07-13T19:57:14.522,43.4
2026-07-13T19:57:14.925,42.6
2026-07-13T19:57:15.328,42.6
2026-07-13T19:57:15.731,42.5
2026-07-13T19:57:16.134,42.5
2026-07-13T19:57:16.536,42.7
2026-07-13T19:57:16.939,42.8
2026-07-13T19:57:17.342,42.5
2026-07-13T19:57:17.745,42.6
2026-07-13T19:57:18.148,42.4
2026-07-13T19:57:18.551,42.4
2026-07-13T19:57:18.954,42.6
2026-07-13T19:57:19.357,42.4
2026-07-13T19:57:19.760,42.6
2026-07-13T19:57:20.163,42.3
2026-07-13T19:57:20.566,42.4
2026-07-13T19:57:20.969,42.4
2026-07-13T19:57:21.372,42.5
2026-07-13T19:57:21.775,42.9
2026-07-13T19:57:22.178,44.8
2026-07-13T19:57:22.581,45.4
2026-07-13T19:57:22.984,46.8
2026-07-13T19:57:23.387,49.9
2026-07-13T19:57:23.790,50.2
2026-07-13T19:57:24.193,51.1
2026-07-13T19:57:24.596,51.9
2026-07-13T19:57:24.999,52.7
2026-07-13T19:57:25.402,53.3
2026-07-13T19:57:25.805,53.8
2026-07-13T19:57:26.208,54.3
2026-07-13T19:57:26.611,54.6
2026-07-13T19:57:27.014,54.8
2026-07-13T19:57:27.417,54.9
2026-07-13T19:57:27.820,54.8
2026-07-13T19:57:28.223,55.0
2026-07-13T19:57:28.626,55.2
2026-07-13T19:57:29.028,55.0
2026-07-13T19:57:29.431,55.4
2026-07-13T19:57:29.834,55.1
2026-07-13T19:57:30.237,54.9
2026-07-13T19:57:30.640,54.9
2026-07-13T19:57:31.043,55.1
2026-07-13T19:57:31.446,55.0
2026-07-13T19:57:31.849,54.6
2026-07-13T19:57:32.252,54.8
2026-07-13T19:57:32.655,54.5
2026-07-13T19:57:33.058,54.8
2026-07-13T19:57:33.461,54.6
2026-07-13T19:57:33.864,54.7
2026-07-13T19:57:34.267,54.6
2026-07-13T19:57:34.670,54.4
2026-07-13T19:57:35.073,54.6
2026-07-13T19:57:35.476,54.3
2026-07-13T19:57:35.879,54.4
2026-07-13T19:57:36.282,54.3
2026-07-13T19:57:36.685,54.0
2026-07-13T19:57:37.088,54.1
2026-07-13T19:57:37.491,53.8
2026-07-13T19:57:37.894,53.9
2026-07-13T19:57:38.297,53.8
2026-07-13T19:57:38.700,53.8
2026-07-13T19:57:39.103,53.9
2026-07-13T19:57:39.506,53.6
2026-07-13T19:57:39.909,53.5
2026-07-13T19:57:40.312,53.6
2026-07-13T19:57:40.715,53.4
2026-07-13T19:57:41.118,53.3
2026-07-13T19:57:41.521,53.3
2026-07-13T19:57:41.924,53.2
2026-07-13T19:57:42.327,53.0
2026-07-13T19:57:42.730,52.6
2026-07-13T19:57:43.133,52.3
2026-07-13T19:57:43.536,52.2
2026-07-13T19:57:43.939,52.1
2026-07-13T19:57:44.342,51.8
2026-07-13T19:57:44.745,51.9
2026-07-13T19:57:45.148,51.6
2026-07-13T19:57:45.551,51.4
2026-07-13T19:57:45.954,51.1
2026-07-13T19:57:46.357,50.8
2026-07-13T19:57:46.760,50.4
2026-07-13T19:57:47.162,50.5
2026-07-13T19:57:47.565,50.2
2026-07-13T19:57:47.968,50.2
2026-07-13T19:57:48.371,49.9
2026-07-13T19:57:48.774,49.6
2026-07-13T19:57:49.177,49.3
2026-07-13T19:57:49.580,48.2
2026-07-13T19:57:49.983,48.1
2026-07-13T19:57:50.386,48.0
2026-07-13T19:57:50.789,47.4
2026-07-13T19:57:51.192,47.2
2026-07-13T19:57:51.595,47.0
2026-07-13T19:57:51.998,46.7
2026-07-13T19:57:52.401,46.6
2026-07-13T19:57:52.804,45.9
2026-07-13T19:57:53.207,45.7
2026-07-13T19:57:53.610,45.7
2026-07-13T19:57:54.013,45.5
2026-07-13T19:57:54.416,45.2
2026-07-13T19:57:54.819,45.1
2026-07-13T19:57:55.222,44.7
2026-07-13T19:57:55.625,44.0
2026-07-13T19:57:56.028,44.2
2026-07-13T19:57:56.431,44.2
2026-07-13T19:57:56.833,44.8
2026-07-13T19:57:57.236,44.4
2026-07-13T19:57:57.639,44.1
2026-07-13T19:57:58.042,44.2
2026-07-13T19:57:58.445,44.0
2026-07-13T19:57:58.848,44.4
2026-07-13T19:57:59.251,44.8
2026-07-13T19:57:59.654,44.5
2026-07-13T19:58:00.057,48.6
2026-07-13T19:58:00.460,56.3
2026-07-13T19:58:00.863,57.7
2026-07-13T19:58:01.266,61.0
2026-07-13T19:58:01.669,61.3
2026-07-13T19:58:02.072,58.9
2026-07-13T19:58:02.475,55.7
2026-07-13T19:58:02.878,53.0
2026-07-13T19:58:03.281,43.8
2026-07-13T19:58:03.684,44.0
2026-07-13T19:58:04.086,44.1
2026-07-13T19:58:04.489,44.4
2026-07-13T19:58:04.892,45.2
2026-07-13T19:58:05.295,45.4
2026-07-13T19:58:05.698,46.3
2026-07-13T19:58:06.101,51.3
2026-07-13T19:58:06.504,50.6
2026-07-13T19:58:06.907,50.5
2026-07-13T19:58:07.310,50.2
2026-07-13T19:58:07.713,50.5
2026-07-13T19:58:08.116,51.5
2026-07-13T19:58:08.519,51.9
2026-07-13T19:58:08.922,52.5
2026-07-13T19:58:09.325,52.6
2026-07-13T19:58:09.728,53.3
2026-07-13T19:58:10.131,53.5
2026-07-13T19:58:10.534,54.1
2026-07-13T19:58:10.937,53.8
2026-07-13T19:58:11.340,54.1
2026-07-13T19:58:11.742,54.4
2026-07-13T19:58:12.145,54.4
2026-07-13T19:58:12.548,54.4
2026-07-13T19:58:12.951,54.4
2026-07-13T19:58:13.354,54.4
2026-07-13T19:58:13.757,54.7
2026-07-13T19:58:14.160,54.9
2026-07-13T19:58:14.563,54.5
2026-07-13T19:58:14.966,54.6
2026-07-13T19:58:15.369,54.6
2026-07-13T19:58:15.772,54.5
2026-07-13T19:58:16.175,54.6
2026-07-13T19:58:16.578,55.0
2026-07-13T19:58:16.981,56.2
2026-07-13T19:58:17.384,55.8
2026-07-13T19:58:17.787,55.6
2026-07-13T19:58:18.190,55.1
2026-07-13T19:58:18.593,54.6
2026-07-13T19:58:18.995,54.5
2026-07-13T19:58:19.398,56.0
2026-07-13T19:58:19.801,55.7
2026-07-13T19:58:20.204,55.3
2026-07-13T19:58:20.607,54.9
2026-07-13T19:58:21.010,54.2
2026-07-13T19:58:21.413,54.5
2026-07-13T19:58:21.816,54.2
2026-07-13T19:58:22.219,54.4
2026-07-13T19:58:22.622,54.0
2026-07-13T19:58:23.025,54.1
2026-07-13T19:58:23.428,54.0
2026-07-13T19:58:23.831,53.9
2026-07-13T19:58:24.234,53.7
2026-07-13T19:58:24.637,53.1
2026-07-13T19:58:25.040,53.1
2026-07-13T19:58:25.443,52.9
2026-07-13T19:58:25.846,52.9
2026-07-13T19:58:26.248,53.0
2026-07-13T19:58:26.651,52.8
2026-07-13T19:58:27.054,52.5
2026-07-13T19:58:27.457,52.2
2026-07-13T19:58:27.860,52.2
2026-07-13T19:58:28.263,52.1
2026-07-13T19:58:28.666,52.0
2026-07-13T19:58:29.069,51.9
2026-07-13T19:58:29.472,51.6
2026-07-13T19:58:29.875,51.7
2026-07-13T19:58:30.278,51.8
2026-07-13T19:58:30.681,51.6
2026-07-13T19:58:31.084,51.5
2026-07-13T19:58:31.487,51.3
2026-07-13T19:58:31.890,51.1
2026-07-13T19:58:32.294,50.9
2026-07-13T19:58:32.696,50.8
2026-07-13T19:58:33.099,50.7
2026-07-13T19:58:33.502,50.5
2026-07-13T19:58:33.905,50.4
2026-07-13T19:58:34.308,50.2
2026-07-13T19:58:34.711,50.2
2026-07-13T19:58:35.114,50.3
2026-07-13T19:58:35.517,50.1
2026-07-13T19:58:35.920,49.9
2026-07-13T19:58:36.323,49.5
2026-07-13T19:58:36.726,48.6
2026-07-13T19:58:37.129,47.9
2026-07-13T19:58:37.532,47.7
2026-07-13T19:58:37.935,47.6
2026-07-13T19:58:38.338,47.8
2026-07-13T19:58:38.741,48.6
2026-07-13T19:58:39.144,48.4
2026-07-13T19:58:39.547,48.1
2026-07-13T19:58:39.950,47.7
2026-07-13T19:58:40.353,49.2
2026-07-13T19:58:40.755,48.6
2026-07-13T19:58:41.158,48.0
2026-07-13T19:58:41.561,47.3
2026-07-13T19:58:41.964,46.4
2026-07-13T19:58:42.367,47.3
2026-07-13T19:58:42.770,49.2
2026-07-13T19:58:43.173,49.1
2026-07-13T19:58:43.576,48.7
2026-07-13T19:58:43.979,51.9
2026-07-13T19:58:44.382,50.9
2026-07-13T19:58:44.785,50.3
2026-07-13T19:58:45.188,50.9
2026-07-13T19:58:45.591,53.0
2026-07-13T19:58:45.994,52.4
2026-07-13T19:58:46.397,51.8
2026-07-13T19:58:46.800,51.2
2026-07-13T19:58:47.203,50.3
2026-07-13T19:58:47.606,50.2
2026-07-13T19:58:48.009,50.4
2026-07-13T19:58:48.412,50.5
2026-07-13T19:58:48.815,50.5
2026-07-13T19:58:49.218,50.8
2026-07-13T19:58:49.621,51.1
2026-07-13T19:58:50.024,51.1
2026-07-13T19:58:50.427,51.4
2026-07-13T19:58:50.830,51.7
2026-07-13T19:58:51.233,51.7
2026-07-13T19:58:51.636,52.1
2026-07-13T19:58:52.039,52.2
2026-07-13T19:58:52.442,52.1
2026-07-13T19:58:52.845,52.3
2026-07-13T19:58:53.248,52.4
2026-07-13T19:58:53.651,52.7
2026-07-13T19:58:54.054,52.6
2026-07-13T19:58:54.457,52.9
2026-07-13T19:58:54.860,53.2
2026-07-13T19:58:55.263,53.3
2026-07-13T19:58:55.666,53.4
2026-07-13T19:58:56.069,53.6
2026-07-13T19:58:56.472,54.0
2026-07-13T19:58:56.875,54.0
2026-07-13T19:58:57.278,54.2
2026-07-13T19:58:57.681,54.0
2026-07-13T19:58:58.083,54.4
2026-07-13T19:58:58.486,54.0
2026-07-13T19:58:58.889,54.4
2026-07-13T19:58:59.292,54.6
2026-07-13T19:58:59.695,54.3
2026-07-13T19:59:00.098,54.3
2026-07-13T19:59:00.501,54.2
2026-07-13T19:59:00.904,54.3
2026-07-13T19:59:01.307,54.4
2026-07-13T19:59:01.710,54.1
2026-07-13T19:59:02.113,54.1
2026-07-13T19:59:02.516,53.8
2026-07-13T19:59:02.919,53.8
2026-07-13T19:59:03.322,53.6
2026-07-13T19:59:03.725,53.4
2026-07-13T19:59:04.128,53.3
2026-07-13T19:59:04.531,53.2
2026-07-13T19:59:04.934,53.1
2026-07-13T19:59:05.336,53.0
2026-07-13T19:59:05.739,52.9
2026-07-13T19:59:06.142,52.6
2026-07-13T19:59:06.545,52.8
2026-07-13T19:59:06.948,52.4
2026-07-13T19:59:07.351,52.3
2026-07-13T19:59:07.754,52.2
2026-07-13T19:59:08.157,51.8
2026-07-13T19:59:08.560,51.9
2026-07-13T19:59:08.963,51.6
2026-07-13T19:59:09.366,51.4
2026-07-13T19:59:09.769,51.5
2026-07-13T19:59:10.172,51.4
2026-07-13T19:59:10.575,51.4
2026-07-13T19:59:10.978,51.5
2026-07-13T19:59:11.381,51.4
2026-07-13T19:59:11.784,51.0
2026-07-13T19:59:12.187,51.0
2026-07-13T19:59:12.590,50.9
2026-07-13T19:59:12.993,50.6
2026-07-13T19:59:13.395,50.5
2026-07-13T19:59:13.798,50.5
2026-07-13T19:59:14.201,51.5
2026-07-13T19:59:14.604,51.6
2026-07-13T19:59:15.007,51.3
2026-07-13T19:59:15.410,51.0
2026-07-13T19:59:15.813,50.8
2026-07-13T19:59:16.216,50.3
2026-07-13T19:59:16.619,50.2
2026-07-13T19:59:17.022,49.5
2026-07-13T19:59:17.425,49.3
2026-07-13T19:59:17.828,48.6
2026-07-13T19:59:18.231,48.5
2026-07-13T19:59:18.634,48.6
2026-07-13T19:59:19.037,48.6
2026-07-13T19:59:19.440,48.6
2026-07-13T19:59:19.843,48.5
2026-07-13T19:59:20.246,48.2
2026-07-13T19:59:20.649,48.4
2026-07-13T19:59:21.052,48.4
2026-07-13T19:59:21.455,48.1
2026-07-13T19:59:21.858,48.1
2026-07-13T19:59:22.261,47.9
2026-07-13T19:59:22.664,47.9
2026-07-13T19:59:23.067,47.7
2026-07-13T19:59:23.469,47.6
2026-07-13T19:59:23.872,47.6
2026-07-13T19:59:24.275,47.4
2026-07-13T19:59:24.678,47.1
2026-07-13T19:59:25.081,46.9
2026-07-13T19:59:25.484,46.9
2026-07-13T19:59:25.887,47.0
2026-07-13T19:59:26.290,47.1
2026-07-13T19:59:26.693,47.3
2026-07-13T19:59:27.096,47.5
2026-07-13T19:59:27.499,47.6
2026-07-13T19:59:27.902,47.7
2026-07-13T19:59:28.305,48.1
2026-07-13T19:59:28.708,48.2
2026-07-13T19:59:29.111,47.9
2026-07-13T19:59:29.514,47.9
2026-07-13T19:59:29.917,47.9
2026-07-13T19:59:30.320,48.2
2026-07-13T19:59:30.723,48.4
2026-07-13T19:59:31.126,48.3
2026-07-13T19:59:31.529,49.1
2026-07-13T19:59:31.932,50.1
2026-07-13T19:59:32.335,50.1
2026-07-13T19:59:32.738,50.4
2026-07-13T19:59:33.141,50.6
2026-07-13T19:59:33.544,50.9
2026-07-13T19:59:33.947,51.0
2026-07-13T19:59:34.350,51.2
2026-07-13T19:59:34.753,51.5
2026-07-13T19:59:35.156,51.5
2026-07-13T19:59:35.558,51.8
2026-07-13T19:59:35.961,52.2
2026-07-13T19:59:36.364,52.7
2026-07-13T19:59:36.767,52.8
2026-07-13T19:59:37.170,53.1
2026-07-13T19:59:37.573,53.1
2026-07-13T19:59:37.976,53.5
2026-07-13T19:59:38.379,53.6
2026-07-13T19:59:38.782,54.0
2026-07-13T19:59:39.185,53.7
2026-07-13T19:59:39.588,53.8
2026-07-13T19:59:39.991,53.8
2026-07-13T19:59:40.394,54.2
2026-07-13T19:59:40.797,54.4
2026-07-13T19:59:41.200,54.4
2026-07-13T19:59:41.603,54.3
2026-07-13T19:59:42.006,54.5
2026-07-13T19:59:42.409,54.5
2026-07-13T19:59:42.812,54.6
2026-07-13T19:59:43.215,54.4
2026-07-13T19:59:43.618,54.4
2026-07-13T19:59:44.021,54.3
2026-07-13T19:59:44.423,54.3
2026-07-13T19:59:44.826,54.4
2026-07-13T19:59:45.229,54.3
2026-07-13T19:59:45.632,53.9
2026-07-13T19:59:46.035,54.0
2026-07-13T19:59:46.438,53.8
2026-07-13T19:59:46.841,54.1
2026-07-13T19:59:47.244,54.0
2026-07-13T19:59:47.647,53.8
2026-07-13T19:59:48.050,53.8
2026-07-13T19:59:48.453,53.7
2026-07-13T19:59:48.856,53.4
2026-07-13T19:59:49.259,53.3
2026-07-13T19:59:49.662,53.4
2026-07-13T19:59:50.065,53.0
2026-07-13T19:59:50.468,53.4
2026-07-13T19:59:50.871,53.1
2026-07-13T19:59:51.274,53.0
2026-07-13T19:59:51.677,52.9
2026-07-13T19:59:52.080,52.2
2026-07-13T19:59:52.483,51.9
2026-07-13T19:59:52.886,52.1
2026-07-13T19:59:53.289,51.9
2026-07-13T19:59:53.692,51.9
2026-07-13T19:59:54.094,51.7
2026-07-13T19:59:54.497,51.7
2026-07-13T19:59:54.900,51.4
2026-07-13T19:59:55.303,51.4
2026-07-13T19:59:55.706,51.1
2026-07-13T19:59:56.109,51.0
2026-07-13T19:59:56.512,50.6
2026-07-13T19:59:56.915,50.3
2026-07-13T19:59:57.318,50.0
2026-07-13T19:59:57.721,50.0
2026-07-13T19:59:58.124,49.5
2026-07-13T19:59:58.527,49.0
2026-07-13T19:59:58.930,48.4
2026-07-13T19:59:59.333,45.9
2026-07-13T19:59:59.736,45.5
2026-07-13T20:00:00.139,45.3
2026-07-13T20:00:00.542,44.0
2026-07-13T20:00:00.945,43.7
2026-07-13T20:00:01.348,43.7
2026-07-13T20:00:01.751,43.6
2026-07-13T20:00:02.154,43.5
2026-07-13T20:00:02.557,43.2
2026-07-13T20:00:02.960,43.5
2026-07-13T20:00:03.363,44.2
2026-07-13T20:00:03.766,44.1
2026-07-13T20:00:04.169,44.0
2026-07-13T20:00:04.572,43.6
2026-07-13T20:00:04.975,43.0
2026-07-13T20:00:05.378,42.7
2026-07-13T20:00:05.781,42.7
2026-07-13T20:00:06.184,42.3
2026-07-13T20:00:06.587,42.4
2026-07-13T20:00:06.990,42.3
2026-07-13T20:00:07.393,42.6
2026-07-13T20:00:07.795,42.3
2026-07-13T20:00:08.198,42.2
2026-07-13T20:00:08.601,42.4
2026-07-13T20:00:09.004,42.6
2026-07-13T20:00:09.407,42.6
2026-07-13T20:00:09.810,42.5
2026-07-13T20:00:10.213,42.6
2026-07-13T20:00:10.616,42.6
2026-07-13T20:00:11.019,42.5
2026-07-13T20:00:11.422,42.4
2026-07-13T20:00:11.825,42.5
2026-07-13T20:00:12.228,42.4
2026-07-13T20:00:12.631,42.6
2026-07-13T20:00:13.034,42.6
2026-07-13T20:00:13.437,42.7
2026-07-13T20:00:13.840,42.4
2026-07-13T20:00:14.243,42.3
2026-07-13T20:00:14.646,42.7
2026-07-13T20:00:15.049,43.0
2026-07-13T20:00:15.452,43.3
2026-07-13T20:00:15.855,43.2
2026-07-13T20:00:16.258,43.9
2026-07-13T20:00:16.661,43.4
2026-07-13T20:00:17.064,42.9
2026-07-13T20:00:17.467,42.5
2026-07-13T20:00:17.870,42.5
2026-07-13T20:00:18.273,42.3
2026-07-13T20:00:18.676,42.2
2026-07-13T20:00:19.079,43.0
2026-07-13T20:00:19.482,43.1
2026-07-13T20:00:19.885,42.9
2026-07-13T20:00:20.288,42.6
2026-07-13T20:00:20.691,42.4
2026-07-13T20:00:21.094,42.0
2026-07-13T20:00:21.497,42.5
2026-07-13T20:00:21.900,42.2
2026-07-13T20:00:22.303,42.3
2026-07-13T20:00:22.706,42.5
2026-07-13T20:00:23.109,42.6
2026-07-13T20:00:23.512,42.3
2026-07-13T20:00:23.915,42.6
2026-07-13T20:00:24.318,42.2
2026-07-13T20:00:24.721,42.4
2026-07-13T20:00:25.124,42.7
2026-07-13T20:00:25.527,42.6
2026-07-13T20:00:25.930,42.2
2026-07-13T20:00:26.333,42.5
2026-07-13T20:00:26.736,42.5
2026-07-13T20:00:27.139,42.4
2026-07-13T20:00:27.542,42.3
2026-07-13T20:00:27.945,42.7
2026-07-13T20:00:28.348,42.6
2026-07-13T20:00:28.751,42.3
2026-07-13T20:00:29.154,42.4
2026-07-13T20:00:29.557,42.4
2026-07-13T20:00:29.960,42.1
2026-07-13T20:00:30.363,42.3
2026-07-13T20:00:30.766,42.2
2026-07-13T20:00:31.168,42.3
2026-07-13T20:00:31.572,42.5
2026-07-13T20:00:31.974,42.6
2026-07-13T20:00:32.377,42.5
2026-07-13T20:00:32.780,42.2
2026-07-13T20:00:33.183,42.3
2026-07-13T20:00:33.586,42.8
2026-07-13T20:00:33.989,42.6
2026-07-13T20:00:34.392,42.8
2026-07-13T20:00:34.795,42.7
2026-07-13T20:00:35.198,42.5
2026-07-13T20:00:35.601,42.5
2026-07-13T20:00:36.004,42.4
2026-07-13T20:00:36.407,42.4
2026-07-13T20:00:36.810,42.2
2026-07-13T20:00:37.213,42.2
2026-07-13T20:00:37.616,42.7
2026-07-13T20:00:38.019,42.5
2026-07-13T20:00:38.422,42.3
2026-07-13T20:00:38.825,42.4
2026-07-13T20:00:39.228,42.2
2026-07-13T20:00:39.631,42.3
2026-07-13T20:00:40.034,42.3
2026-07-13T20:00:40.437,42.2
2026-07-13T20:00:40.840,42.4
2026-07-13T20:00:41.243,42.5
2026-07-13T20:00:41.646,42.4
2026-07-13T20:00:42.049,42.8
2026-07-13T20:00:42.452,42.7
2026-07-13T20:00:42.855,42.6
2026-07-13T20:00:43.257,42.5
2026-07-13T20:00:43.660,42.7
2026-07-13T20:00:44.063,42.4
2026-07-13T20:00:44.466,42.8
2026-07-13T20:00:44.869,42.6
2026-07-13T20:00:45.272,42.9
2026-07-13T20:00:45.675,42.5
2026-07-13T20:00:46.078,42.6
2026-07-13T20:00:46.481,46.0
2026-07-13T20:00:46.884,45.4
2026-07-13T20:00:47.287,44.6
2026-07-13T20:00:47.690,44.0
2026-07-13T20:00:48.093,42.7
2026-07-13T20:00:48.496,42.5
2026-07-13T20:00:48.899,42.3
2026-07-13T20:00:49.302,42.5
2026-07-13T20:00:49.705,42.2
2026-07-13T20:00:50.108,42.4
2026-07-13T20:00:50.511,43.1
2026-07-13T20:00:50.914,42.8
2026-07-13T20:00:51.317,43.4
2026-07-13T20:00:51.720,43.5
2026-07-13T20:00:52.123,46.7
2026-07-13T20:00:52.526,45.8
2026-07-13T20:00:52.929,45.4
2026-07-13T20:00:53.332,44.7
2026-07-13T20:00:53.734,42.5
2026-07-13T20:00:54.137,42.7
2026-07-13T20:00:54.540,43.2
2026-07-13T20:00:54.943,42.9
2026-07-13T20:00:55.346,42.5
2026-07-13T20:00:55.749,42.4
2026-07-13T20:00:56.152,42.8
2026-07-13T20:00:56.555,42.7
2026-07-13T20:00:56.958,42.5
2026-07-13T20:00:57.361,42.4
2026-07-13T20:00:57.764,42.2
2026-07-13T20:00:58.167,42.3
2026-07-13T20:00:58.570,42.1
2026-07-13T20:00:58.973,42.1
2026-07-13T20:00:59.376,42.2
2026-07-13T20:00:59.779,42.6
2026-07-13T20:01:00.182,42.9
2026-07-13T20:01:00.585,44.0
2026-07-13T20:01:00.988,45.2
2026-07-13T20:01:01.391,47.8
2026-07-13T20:01:01.794,50.2
2026-07-13T20:01:02.197,51.1
2026-07-13T20:01:02.600,52.0
2026-07-13T20:01:03.003,52.7
2026-07-13T20:01:03.406,53.0
2026-07-13T20:01:03.809,53.4
2026-07-13T20:01:04.212,54.0
2026-07-13T20:01:04.615,54.3
2026-07-13T20:01:05.018,54.3
2026-07-13T20:01:05.420,54.6
2026-07-13T20:01:05.823,54.4
2026-07-13T20:01:06.226,54.6
2026-07-13T20:01:06.629,54.8
2026-07-13T20:01:07.032,54.9
2026-07-13T20:01:07.435,55.1
2026-07-13T20:01:07.838,55.0
2026-07-13T20:01:08.241,55.2
2026-07-13T20:01:08.644,57.3
2026-07-13T20:01:09.047,56.6
2026-07-13T20:01:09.450,56.2
2026-07-13T20:01:09.853,56.0
2026-07-13T20:01:10.256,55.7
2026-07-13T20:01:10.659,55.4
2026-07-13T20:01:11.062,55.4
2026-07-13T20:01:11.465,55.3
2026-07-13T20:01:11.868,55.2
2026-07-13T20:01:12.271,55.2
2026-07-13T20:01:12.674,55.2
2026-07-13T20:01:13.077,54.8
2026-07-13T20:01:13.480,54.9
2026-07-13T20:01:13.883,54.8
2026-07-13T20:01:14.286,55.0
2026-07-13T20:01:14.689,54.9
2026-07-13T20:01:15.092,54.8
2026-07-13T20:01:15.495,54.9
2026-07-13T20:01:15.898,54.7
2026-07-13T20:01:16.301,54.5
2026-07-13T20:01:16.704,54.4
2026-07-13T20:01:17.107,54.5
2026-07-13T20:01:17.510,54.2
2026-07-13T20:01:17.913,54.2
2026-07-13T20:01:18.316,54.4
2026-07-13T20:01:18.719,54.5
2026-07-13T20:01:19.121,54.3
2026-07-13T20:01:19.524,54.1
2026-07-13T20:01:19.927,53.9
2026-07-13T20:01:20.330,53.6
2026-07-13T20:01:20.733,53.5
2026-07-13T20:01:21.136,53.3
2026-07-13T20:01:21.539,53.0
2026-07-13T20:01:21.942,52.7
2026-07-13T20:01:22.345,52.6
2026-07-13T20:01:22.748,52.3
2026-07-13T20:01:23.151,52.2
2026-07-13T20:01:23.554,51.7
2026-07-13T20:01:23.957,51.4
2026-07-13T20:01:24.360,51.3
2026-07-13T20:01:24.763,51.0
2026-07-13T20:01:25.166,50.8
2026-07-13T20:01:25.569,50.5
2026-07-13T20:01:25.972,50.2
2026-07-13T20:01:26.375,50.0
2026-07-13T20:01:26.778,49.9
2026-07-13T20:01:27.181,48.6
2026-07-13T20:01:27.583,48.0
2026-07-13T20:01:27.986,47.3
2026-07-13T20:01:28.389,46.4
2026-07-13T20:01:28.792,46.4
2026-07-13T20:01:29.195,46.6
2026-07-13T20:01:29.598,46.3
2026-07-13T20:01:30.001,46.1
2026-07-13T20:01:30.404,45.8
2026-07-13T20:01:30.807,44.9
2026-07-13T20:01:31.210,44.6
2026-07-13T20:01:31.613,44.2
2026-07-13T20:01:32.016,44.1
2026-07-13T20:01:32.419,50.8
2026-07-13T20:01:32.822,50.3
2026-07-13T20:01:33.225,49.0
2026-07-13T20:01:33.628,47.6
2026-07-13T20:01:34.031,42.9
2026-07-13T20:01:34.434,42.5
2026-07-13T20:01:34.837,42.5
2026-07-13T20:01:35.240,42.6
2026-07-13T20:01:35.643,42.8
2026-07-13T20:01:36.045,46.0
2026-07-13T20:01:36.448,45.5
2026-07-13T20:01:36.851,45.0
2026-07-13T20:01:37.254,44.5
2026-07-13T20:01:37.657,43.1
2026-07-13T20:01:38.060,42.9
2026-07-13T20:01:38.463,43.3
2026-07-13T20:01:38.866,42.9
2026-07-13T20:01:39.269,42.9
2026-07-13T20:01:39.672,43.1
2026-07-13T20:01:40.075,42.8
2026-07-13T20:01:40.478,43.2
2026-07-13T20:01:40.881,45.3
2026-07-13T20:01:41.287,48.6
2026-07-13T20:01:41.687,47.4
2026-07-13T20:01:42.090,46.5
2026-07-13T20:01:42.493,46.1
2026-07-13T20:01:42.896,49.4
2026-07-13T20:01:43.299,51.5
2026-07-13T20:01:43.702,51.1
2026-07-13T20:01:44.105,49.7
2026-07-13T20:01:44.508,48.9
2026-07-13T20:01:44.911,43.8
2026-07-13T20:01:45.314,43.5
2026-07-13T20:01:45.716,42.8
2026-07-13T20:01:46.119,45.5
2026-07-13T20:01:46.522,49.7
2026-07-13T20:01:46.925,49.4
2026-07-13T20:01:47.328,48.0
2026-07-13T20:01:47.731,47.1
2026-07-13T20:01:48.134,42.5
2026-07-13T20:01:48.537,42.6
2026-07-13T20:01:48.940,42.6
2026-07-13T20:01:49.343,42.4
2026-07-13T20:01:49.746,42.1
2026-07-13T20:01:50.149,42.4
2026-07-13T20:01:50.552,42.2
2026-07-13T20:01:50.955,42.4
2026-07-13T20:01:51.358,42.4
2026-07-13T20:01:51.761,42.5
2026-07-13T20:01:52.164,42.2
2026-07-13T20:01:52.567,42.1
2026-07-13T20:01:52.970,42.3
2026-07-13T20:01:53.373,42.6
2026-07-13T20:01:53.776,42.7
2026-07-13T20:01:54.178,42.6
2026-07-13T20:01:54.581,42.7
2026-07-13T20:01:54.984,42.7
2026-07-13T20:01:55.387,42.6
2026-07-13T20:01:55.790,42.3
2026-07-13T20:01:56.193,42.5
2026-07-13T20:01:56.596,42.4
2026-07-13T20:01:56.999,42.4
2026-07-13T20:01:57.402,42.6
2026-07-13T20:01:57.805,42.5
2026-07-13T20:01:58.208,43.4
2026-07-13T20:01:58.611,45.4
2026-07-13T20:01:59.014,44.8
2026-07-13T20:01:59.417,44.4
2026-07-13T20:01:59.820,43.8
2026-07-13T20:02:00.223,45.0
2026-07-13T20:02:00.626,44.6
2026-07-13T20:02:01.029,44.7
2026-07-13T20:02:01.432,47.9
2026-07-13T20:02:01.835,47.3
2026-07-13T20:02:02.238,46.4
2026-07-13T20:02:02.641,45.7
2026-07-13T20:02:03.044,44.7
2026-07-13T20:02:03.447,47.1
2026-07-13T20:02:03.850,46.3
2026-07-13T20:02:04.253,45.8
2026-07-13T20:02:04.656,45.9
2026-07-13T20:02:05.059,45.1
2026-07-13T20:02:05.462,44.6
2026-07-13T20:02:05.865,44.0
2026-07-13T20:02:06.268,42.7
2026-07-13T20:02:06.671,44.7
2026-07-13T20:02:07.074,44.4
2026-07-13T20:02:07.477,44.5
2026-07-13T20:02:07.880,47.1
2026-07-13T20:02:08.286,46.8
2026-07-13T20:02:08.686,46.7
2026-07-13T20:02:09.089,46.2
2026-07-13T20:02:09.492,44.2
2026-07-13T20:02:09.895,43.2
2026-07-13T20:02:10.298,44.2
2026-07-13T20:02:10.701,46.2
2026-07-13T20:02:11.104,45.4
2026-07-13T20:02:11.507,44.7
2026-07-13T20:02:11.910,44.0
2026-07-13T20:02:12.313,43.3
2026-07-13T20:02:12.716,43.2
2026-07-13T20:02:13.119,43.5
2026-07-13T20:02:13.522,43.1
2026-07-13T20:02:13.925,42.8
2026-07-13T20:02:14.328,43.1
2026-07-13T20:02:14.731,42.9
2026-07-13T20:02:15.134,43.3
2026-07-13T20:02:15.536,43.4
2026-07-13T20:02:15.939,45.3
2026-07-13T20:02:16.342,47.4
2026-07-13T20:02:16.745,46.9
2026-07-13T20:02:17.148,46.3
2026-07-13T20:02:17.551,46.0
2026-07-13T20:02:17.954,43.5
2026-07-13T20:02:18.357,45.6
2026-07-13T20:02:18.760,44.8
2026-07-13T20:02:19.163,44.5
2026-07-13T20:02:19.566,43.9
2026-07-13T20:02:19.969,43.1
2026-07-13T20:02:20.372,43.2
2026-07-13T20:02:20.775,44.2
2026-07-13T20:02:21.178,43.6
2026-07-13T20:02:21.581,43.1
2026-07-13T20:02:21.984,42.6
2026-07-13T20:02:22.387,44.0
2026-07-13T20:02:22.790,43.9
2026-07-13T20:02:23.193,43.5
2026-07-13T20:02:23.596,44.0
2026-07-13T20:02:23.999,43.4
2026-07-13T20:02:24.402,43.3
2026-07-13T20:02:24.805,44.4
2026-07-13T20:02:25.208,43.7
2026-07-13T20:02:25.611,43.3
2026-07-13T20:02:26.014,45.3
2026-07-13T20:02:26.417,45.2
2026-07-13T20:02:26.820,45.9
2026-07-13T20:02:27.223,46.1
2026-07-13T20:02:27.626,46.2
2026-07-13T20:02:28.029,45.3
2026-07-13T20:02:28.432,45.1
2026-07-13T20:02:28.835,45.4
2026-07-13T20:02:29.238,46.3
2026-07-13T20:02:29.641,48.6
2026-07-13T20:02:30.044,49.8
2026-07-13T20:02:30.447,50.3
2026-07-13T20:02:30.851,51.5
2026-07-13T20:02:31.253,51.5
2026-07-13T20:02:31.656,52.3
2026-07-13T20:02:32.059,53.4
2026-07-13T20:02:32.462,53.0
2026-07-13T20:02:32.865,53.3
2026-07-13T20:02:33.268,54.4
2026-07-13T20:02:33.672,59.2
2026-07-13T20:02:34.075,58.1
2026-07-13T20:02:34.478,57.8
2026-07-13T20:02:34.881,57.1
2026-07-13T20:02:35.286,54.1
2026-07-13T20:02:35.687,54.2
2026-07-13T20:02:36.090,55.1
2026-07-13T20:02:36.492,54.8
2026-07-13T20:02:36.895,54.6
2026-07-13T20:02:37.299,54.3
2026-07-13T20:02:37.702,54.4
2026-07-13T20:02:38.104,54.2
2026-07-13T20:02:38.507,54.3
2026-07-13T20:02:38.910,54.5
2026-07-13T20:02:39.313,54.8
2026-07-13T20:02:39.716,54.4
2026-07-13T20:02:40.119,54.2
2026-07-13T20:02:40.522,54.0
2026-07-13T20:02:40.925,54.5
2026-07-13T20:02:41.328,54.4
2026-07-13T20:02:41.731,54.2
2026-07-13T20:02:42.134,54.0
2026-07-13T20:02:42.537,53.8
2026-07-13T20:02:42.940,53.7
2026-07-13T20:02:43.343,53.9
2026-07-13T20:02:43.746,55.4
2026-07-13T20:02:44.149,55.0
2026-07-13T20:02:44.552,54.6
2026-07-13T20:02:44.955,54.3
2026-07-13T20:02:45.358,54.1
2026-07-13T20:02:45.761,53.5
2026-07-13T20:02:46.164,53.4
2026-07-13T20:02:46.567,53.6
2026-07-13T20:02:46.970,53.5
2026-07-13T20:02:47.373,53.5
2026-07-13T20:02:47.776,53.4
2026-07-13T20:02:48.179,53.1
2026-07-13T20:02:48.582,53.0
2026-07-13T20:02:48.984,52.9
2026-07-13T20:02:49.387,52.7
2026-07-13T20:02:49.790,52.4
2026-07-13T20:02:50.193,52.6
2026-07-13T20:02:50.596,52.4
2026-07-13T20:02:50.999,52.0
2026-07-13T20:02:51.402,52.1
2026-07-13T20:02:51.805,51.8
2026-07-13T20:02:52.208,51.5
2026-07-13T20:02:52.611,51.4
2026-07-13T20:02:53.014,51.1
2026-07-13T20:02:53.417,50.8
2026-07-13T20:02:53.820,50.6
2026-07-13T20:02:54.223,50.3
2026-07-13T20:02:54.626,50.1
2026-07-13T20:02:55.029,50.1
2026-07-13T20:02:55.432,50.1
2026-07-13T20:02:55.835,49.7
2026-07-13T20:02:56.238,49.3
2026-07-13T20:02:56.641,49.1
2026-07-13T20:02:57.044,48.1
2026-07-13T20:02:57.447,49.3
2026-07-13T20:02:57.850,48.6
2026-07-13T20:02:58.253,47.9
2026-07-13T20:02:58.656,47.5
2026-07-13T20:02:59.059,45.8
2026-07-13T20:02:59.462,45.7
2026-07-13T20:02:59.865,45.8
2026-07-13T20:03:00.267,45.7
2026-07-13T20:03:00.671,45.2
2026-07-13T20:03:01.073,44.7
2026-07-13T20:03:01.476,43.6
2026-07-13T20:03:01.879,43.8
2026-07-13T20:03:02.282,43.8
2026-07-13T20:03:02.685,43.8
2026-07-13T20:03:03.088,43.7
2026-07-13T20:03:03.491,43.5
2026-07-13T20:03:03.894,43.3
2026-07-13T20:03:04.297,43.5
2026-07-13T20:03:04.700,43.6
2026-07-13T20:03:05.103,43.8
2026-07-13T20:03:05.506,44.1
2026-07-13T20:03:05.909,44.6
2026-07-13T20:03:06.312,45.1
2026-07-13T20:03:06.715,44.7
2026-07-13T20:03:07.118,45.3
2026-07-13T20:03:07.521,45.1
2026-07-13T20:03:07.924,45.4
2026-07-13T20:03:08.327,46.7
2026-07-13T20:03:08.730,46.6
2026-07-13T20:03:09.133,47.6
2026-07-13T20:03:09.536,48.5
2026-07-13T20:03:09.939,50.2
2026-07-13T20:03:10.342,53.1
2026-07-13T20:03:10.744,52.4
2026-07-13T20:03:11.147,51.9
2026-07-13T20:03:11.550,52.7
2026-07-13T20:03:11.953,53.0
2026-07-13T20:03:12.356,53.3
2026-07-13T20:03:12.759,53.3
2026-07-13T20:03:13.162,53.1
2026-07-13T20:03:13.565,53.6
2026-07-13T20:03:13.968,53.5
2026-07-13T20:03:14.371,53.7
2026-07-13T20:03:14.774,55.1
2026-07-13T20:03:15.177,54.8
2026-07-13T20:03:15.580,54.5
2026-07-13T20:03:15.983,54.3
2026-07-13T20:03:16.386,53.7
2026-07-13T20:03:16.789,54.7
2026-07-13T20:03:17.192,56.7
2026-07-13T20:03:17.595,56.1
2026-07-13T20:03:17.998,55.5
2026-07-13T20:03:18.401,54.9
2026-07-13T20:03:18.804,54.1
2026-07-13T20:03:19.207,53.8
2026-07-13T20:03:19.610,54.2
2026-07-13T20:03:20.012,53.9
2026-07-13T20:03:20.415,54.0
2026-07-13T20:03:20.818,54.1
2026-07-13T20:03:21.221,53.9
2026-07-13T20:03:21.624,54.2
2026-07-13T20:03:22.027,54.3
2026-07-13T20:03:22.430,54.1
2026-07-13T20:03:22.833,53.8
2026-07-13T20:03:23.236,53.8
2026-07-13T20:03:23.639,54.6
2026-07-13T20:03:24.042,56.7
2026-07-13T20:03:24.445,56.2
2026-07-13T20:03:24.848,56.7
2026-07-13T20:03:25.251,58.7
2026-07-13T20:03:25.654,58.9
2026-07-13T20:03:26.057,58.4
2026-07-13T20:03:26.460,57.6
2026-07-13T20:03:26.863,57.2
2026-07-13T20:03:27.266,54.0
2026-07-13T20:03:27.669,55.0
2026-07-13T20:03:28.072,55.2
2026-07-13T20:03:28.474,54.8
2026-07-13T20:03:28.877,54.3
2026-07-13T20:03:29.280,53.9
2026-07-13T20:03:29.683,52.7
2026-07-13T20:03:30.086,53.0
2026-07-13T20:03:30.489,52.8
2026-07-13T20:03:30.892,52.3
2026-07-13T20:03:31.295,52.2
2026-07-13T20:03:31.698,51.8
2026-07-13T20:03:32.101,51.5
2026-07-13T20:03:32.504,51.2
2026-07-13T20:03:32.907,50.8
2026-07-13T20:03:33.310,50.7
2026-07-13T20:03:33.713,51.0
2026-07-13T20:03:34.116,50.8
2026-07-13T20:03:34.519,50.5
2026-07-13T20:03:34.922,50.2
2026-07-13T20:03:35.325,50.0
2026-07-13T20:03:35.728,50.4
2026-07-13T20:03:36.131,50.2
2026-07-13T20:03:36.534,49.7
2026-07-13T20:03:36.937,49.5
2026-07-13T20:03:37.339,48.4
2026-07-13T20:03:37.742,47.4
2026-07-13T20:03:38.145,47.2
2026-07-13T20:03:38.548,46.7
2026-07-13T20:03:38.951,46.2
2026-07-13T20:03:39.354,45.9
2026-07-13T20:03:39.757,45.6
2026-07-13T20:03:40.160,45.3
2026-07-13T20:03:40.563,45.3
2026-07-13T20:03:40.966,44.9
2026-07-13T20:03:41.369,44.8
2026-07-13T20:03:41.772,45.2
2026-07-13T20:03:42.175,44.9
2026-07-13T20:03:42.578,44.5
2026-07-13T20:03:42.981,44.3
2026-07-13T20:03:43.384,44.4
2026-07-13T20:03:43.787,44.1
2026-07-13T20:03:44.190,44.7
2026-07-13T20:03:44.593,46.0
2026-07-13T20:03:44.996,45.6
2026-07-13T20:03:45.399,45.4
2026-07-13T20:03:45.802,45.2
2026-07-13T20:03:46.205,45.1
2026-07-13T20:03:46.608,45.1
2026-07-13T20:03:47.011,46.1
2026-07-13T20:03:47.413,46.6
2026-07-13T20:03:47.816,53.6
2026-07-13T20:03:48.219,65.6
2026-07-13T20:03:48.622,62.2
2026-07-13T20:03:49.025,59.6
2026-07-13T20:03:49.428,57.4
2026-07-13T20:03:49.831,75.6
2026-07-13T20:03:50.234,77.8
2026-07-13T20:03:50.637,77.2
2026-07-13T20:03:51.040,74.7
2026-07-13T20:03:51.443,72.9
2026-07-13T20:03:51.846,63.9
2026-07-13T20:03:52.249,64.2
2026-07-13T20:03:52.652,62.2
2026-07-13T20:03:53.055,61.6
2026-07-13T20:03:53.458,60.5
2026-07-13T20:03:53.861,52.5
2026-07-13T20:03:54.264,53.0
2026-07-13T20:03:54.667,61.0
2026-07-13T20:03:55.070,59.3
2026-07-13T20:03:55.473,58.2
2026-07-13T20:03:55.876,57.1
2026-07-13T20:03:56.279,54.0
2026-07-13T20:03:56.682,54.8
2026-07-13T20:03:57.085,54.7
2026-07-13T20:03:57.488,54.3
2026-07-13T20:03:57.892,54.4
2026-07-13T20:03:58.294,54.7
2026-07-13T20:03:58.697,56.6
2026-07-13T20:03:59.099,56.2
2026-07-13T20:03:59.502,55.7
2026-07-13T20:03:59.905,55.4
2026-07-13T20:04:00.308,54.5
2026-07-13T20:04:00.711,54.8
2026-07-13T20:04:01.114,54.7
2026-07-13T20:04:01.517,54.6
2026-07-13T20:04:01.920,54.7
2026-07-13T20:04:02.323,54.3
2026-07-13T20:04:02.726,54.1
2026-07-13T20:04:03.129,54.1
2026-07-13T20:04:03.532,54.2
2026-07-13T20:04:03.935,54.0
2026-07-13T20:04:04.338,54.1
2026-07-13T20:04:04.741,54.4
2026-07-13T20:04:05.144,54.3
2026-07-13T20:04:05.547,60.1
2026-07-13T20:04:05.950,59.6
2026-07-13T20:04:06.353,60.1
2026-07-13T20:04:06.756,59.2
2026-07-13T20:04:07.159,58.3
2026-07-13T20:04:07.562,57.5
2026-07-13T20:04:07.965,53.3
2026-07-13T20:04:08.368,53.1
2026-07-13T20:04:08.771,52.9
2026-07-13T20:04:09.173,53.7
2026-07-13T20:04:09.576,54.2
2026-07-13T20:04:09.979,55.3
2026-07-13T20:04:10.382,54.6
2026-07-13T20:04:10.785,54.0
2026-07-13T20:04:11.188,53.6
2026-07-13T20:04:11.591,51.7
2026-07-13T20:04:11.994,51.7
2026-07-13T20:04:12.397,51.5
2026-07-13T20:04:12.800,51.3
2026-07-13T20:04:13.203,51.2
2026-07-13T20:04:13.606,52.4
2026-07-13T20:04:14.009,52.1
2026-07-13T20:04:14.412,51.7
2026-07-13T20:04:14.815,51.2
2026-07-13T20:04:15.218,50.8
2026-07-13T20:04:15.621,50.5
2026-07-13T20:04:16.024,50.6
2026-07-13T20:04:16.427,50.5
2026-07-13T20:04:16.830,50.2
2026-07-13T20:04:17.233,50.1
2026-07-13T20:04:17.636,50.0
2026-07-13T20:04:18.038,50.2
2026-07-13T20:04:18.441,50.1
2026-07-13T20:04:18.844,50.4
2026-07-13T20:04:19.247,50.1
2026-07-13T20:04:19.650,49.9
2026-07-13T20:04:20.053,49.6
2026-07-13T20:04:20.456,50.0
2026-07-13T20:04:20.859,50.1
2026-07-13T20:04:21.262,50.0
2026-07-13T20:04:21.665,50.0
2026-07-13T20:04:22.068,50.1
2026-07-13T20:04:22.471,50.1
2026-07-13T20:04:22.874,50.1
2026-07-13T20:04:23.277,50.2
2026-07-13T20:04:23.680,50.3
2026-07-13T20:04:24.083,50.2
2026-07-13T20:04:24.486,50.1
2026-07-13T20:04:24.889,50.4
2026-07-13T20:04:25.292,50.8
2026-07-13T20:04:25.695,50.7
2026-07-13T20:04:26.098,50.3
2026-07-13T20:04:26.501,50.3
2026-07-13T20:04:26.903,50.1
2026-07-13T20:04:27.306,50.2
2026-07-13T20:04:27.709,50.2
2026-07-13T20:04:28.112,50.3
2026-07-13T20:04:28.515,50.3
2026-07-13T20:04:28.918,50.4
2026-07-13T20:04:29.321,50.6
2026-07-13T20:04:29.724,52.3
2026-07-13T20:04:30.127,52.4
2026-07-13T20:04:30.530,52.1
2026-07-13T20:04:30.933,51.5
2026-07-13T20:04:31.336,51.2
2026-07-13T20:04:31.739,51.0
2026-07-13T20:04:32.142,51.1
2026-07-13T20:04:32.545,52.8
2026-07-13T20:04:32.948,52.5
2026-07-13T20:04:33.351,52.3
2026-07-13T20:04:33.754,54.2
2026-07-13T20:04:34.157,53.4
2026-07-13T20:04:34.560,52.9
2026-07-13T20:04:34.963,52.4
2026-07-13T20:04:35.366,51.0
2026-07-13T20:04:35.769,51.2
2026-07-13T20:04:36.172,52.1
2026-07-13T20:04:36.574,52.0
2026-07-13T20:04:36.977,52.4
2026-07-13T20:04:37.380,52.4
2026-07-13T20:04:37.783,52.7
2026-07-13T20:04:38.186,52.7
2026-07-13T20:04:38.589,52.8
2026-07-13T20:04:38.992,63.7
2026-07-13T20:04:39.395,62.9
2026-07-13T20:04:39.798,61.0
2026-07-13T20:04:40.201,59.4
2026-07-13T20:04:40.604,53.9
2026-07-13T20:04:41.007,54.8
2026-07-13T20:04:41.410,54.5
2026-07-13T20:04:41.813,54.2
2026-07-13T20:04:42.216,53.8
2026-07-13T20:04:42.619,53.5
2026-07-13T20:04:43.022,54.7
2026-07-13T20:04:43.425,55.6
2026-07-13T20:04:43.828,61.3
2026-07-13T20:04:44.231,60.1
2026-07-13T20:04:44.634,60.6
2026-07-13T20:04:45.037,58.8
2026-07-13T20:04:45.439,57.7
2026-07-13T20:04:45.842,56.7
2026-07-13T20:04:46.245,53.5
2026-07-13T20:04:46.648,71.9
2026-07-13T20:04:47.051,69.2
2026-07-13T20:04:47.454,66.0
2026-07-13T20:04:47.857,63.4
2026-07-13T20:04:48.260,53.0
2026-07-13T20:04:48.663,52.9
2026-07-13T20:04:49.066,53.4
2026-07-13T20:04:49.469,60.6
2026-07-13T20:04:49.872,59.4
2026-07-13T20:04:50.275,58.1
2026-07-13T20:04:50.678,57.8
2026-07-13T20:04:51.081,54.8
2026-07-13T20:04:51.484,52.2
2026-07-13T20:04:51.887,52.0
2026-07-13T20:04:52.290,52.0
2026-07-13T20:04:52.693,52.3
2026-07-13T20:04:53.096,52.0
2026-07-13T20:04:53.499,51.8
2026-07-13T20:04:53.902,51.5
2026-07-13T20:04:54.305,51.4
2026-07-13T20:04:54.708,51.8
2026-07-13T20:04:55.111,51.5
2026-07-13T20:04:55.514,51.5
2026-07-13T20:04:55.916,51.1
2026-07-13T20:04:56.319,50.8
2026-07-13T20:04:56.722,50.8
2026-07-13T20:04:57.125,51.6
2026-07-13T20:04:57.528,51.2
2026-07-13T20:04:57.931,50.9
2026-07-13T20:04:58.334,50.4
2026-07-13T20:04:58.737,50.4
2026-07-13T20:04:59.140,50.0
2026-07-13T20:04:59.543,59.2
2026-07-13T20:04:59.946,60.1
2026-07-13T20:05:00.349,58.0
2026-07-13T20:05:00.752,56.5
2026-07-13T20:05:01.155,55.3
2026-07-13T20:05:01.558,51.5
2026-07-13T20:05:01.961,46.6
2026-07-13T20:05:02.364,46.3
2026-07-13T20:05:02.767,46.4
2026-07-13T20:05:03.170,46.7
2026-07-13T20:05:03.573,49.3
2026-07-13T20:05:03.976,48.6
2026-07-13T20:05:04.379,47.7
2026-07-13T20:05:04.782,46.9
2026-07-13T20:05:05.185,44.6
2026-07-13T20:05:05.587,45.6
2026-07-13T20:05:05.990,45.3
2026-07-13T20:05:06.393,47.6
2026-07-13T20:05:06.796,46.7
2026-07-13T20:05:07.199,49.8
2026-07-13T20:05:07.602,48.5
2026-07-13T20:05:08.005,47.4
2026-07-13T20:05:08.408,46.6
2026-07-13T20:05:08.811,43.7
2026-07-13T20:05:09.214,43.1
2026-07-13T20:05:09.617,47.5
2026-07-13T20:05:10.020,46.4
2026-07-13T20:05:10.423,45.6
2026-07-13T20:05:10.826,51.8
2026-07-13T20:05:11.229,53.5
2026-07-13T20:05:11.632,51.7
2026-07-13T20:05:12.035,49.8
2026-07-13T20:05:12.438,49.2
2026-07-13T20:05:12.841,44.4
2026-07-13T20:05:13.244,43.7
2026-07-13T20:05:13.647,43.1
2026-07-13T20:05:14.050,42.4
2026-07-13T20:05:14.453,42.5
2026-07-13T20:05:14.856,42.9
2026-07-13T20:05:15.259,42.5
2026-07-13T20:05:15.662,42.5
2026-07-13T20:05:16.065,42.6
2026-07-13T20:05:16.468,42.3
2026-07-13T20:05:16.871,42.8
2026-07-13T20:05:17.274,42.8
2026-07-13T20:05:17.677,43.0
2026-07-13T20:05:18.080,42.7
2026-07-13T20:05:18.483,42.6
2026-07-13T20:05:18.886,42.6
2026-07-13T20:05:19.289,42.4
2026-07-13T20:05:19.692,42.7
2026-07-13T20:05:20.095,42.4
2026-07-13T20:05:20.498,42.4
2026-07-13T20:05:20.901,42.5
2026-07-13T20:05:21.304,42.4
2026-07-13T20:05:21.707,42.2
2026-07-13T20:05:22.110,42.2
2026-07-13T20:05:22.513,42.1
2026-07-13T20:05:22.916,42.3
2026-07-13T20:05:23.319,42.3
2026-07-13T20:05:23.722,42.1
2026-07-13T20:05:24.125,42.4
2026-07-13T20:05:24.528,42.4
2026-07-13T20:05:24.931,42.3
2026-07-13T20:05:25.334,42.7
2026-07-13T20:05:25.737,42.6
2026-07-13T20:05:26.140,42.8
2026-07-13T20:05:26.543,42.8
2026-07-13T20:05:26.946,43.4
2026-07-13T20:05:27.349,43.0
2026-07-13T20:05:27.752,42.7
2026-07-13T20:05:28.155,42.4
2026-07-13T20:05:28.558,42.6
2026-07-13T20:05:28.961,42.6
2026-07-13T20:05:29.364,42.7
2026-07-13T20:05:29.767,42.7
2026-07-13T20:05:30.170,42.9
2026-07-13T20:05:30.573,43.2
2026-07-13T20:05:30.976,43.3
2026-07-13T20:05:31.379,43.4
2026-07-13T20:05:31.782,43.7
2026-07-13T20:05:32.185,44.2
2026-07-13T20:05:32.588,44.9
2026-07-13T20:05:32.991,44.5
2026-07-13T20:05:33.394,44.0
2026-07-13T20:05:33.797,43.7
2026-07-13T20:05:34.200,43.0
2026-07-13T20:05:34.603,43.1
2026-07-13T20:05:35.006,42.9
2026-07-13T20:05:35.409,43.0
2026-07-13T20:05:35.812,42.9
2026-07-13T20:05:36.215,42.8
2026-07-13T20:05:36.618,42.7
2026-07-13T20:05:37.021,43.0
2026-07-13T20:05:37.424,43.1
2026-07-13T20:05:37.827,44.4
2026-07-13T20:05:38.230,44.1
2026-07-13T20:05:38.633,43.5
2026-07-13T20:05:39.036,43.0
2026-07-13T20:05:39.439,42.9
2026-07-13T20:05:39.842,43.1
2026-07-13T20:05:40.245,43.0
2026-07-13T20:05:40.648,42.9
2026-07-13T20:05:41.051,43.2
2026-07-13T20:05:41.454,43.0
2026-07-13T20:05:41.857,42.7
2026-07-13T20:05:42.260,42.5
2026-07-13T20:05:42.663,42.4
2026-07-13T20:05:43.066,42.6
2026-07-13T20:05:43.469,42.8
2026-07-13T20:05:43.872,43.3
2026-07-13T20:05:44.275,44.4
2026-07-13T20:05:44.678,44.2
2026-07-13T20:05:45.081,43.8
2026-07-13T20:05:45.484,43.5
2026-07-13T20:05:45.887,42.8
2026-07-13T20:05:46.290,42.9
2026-07-13T20:05:46.693,43.0
2026-07-13T20:05:47.096,43.1
2026-07-13T20:05:47.499,42.7
2026-07-13T20:05:47.902,43.3
2026-07-13T20:05:48.305,43.3
2026-07-13T20:05:48.708,43.2
2026-07-13T20:05:49.111,43.7
2026-07-13T20:05:49.514,43.5
2026-07-13T20:05:49.917,43.2
2026-07-13T20:05:50.320,43.4
2026-07-13T20:05:50.723,43.3
2026-07-13T20:05:51.126,43.2
2026-07-13T20:05:51.529,43.1
2026-07-13T20:05:51.932,47.0
2026-07-13T20:05:52.335,46.2
2026-07-13T20:05:52.738,45.7
2026-07-13T20:05:53.140,45.2
2026-07-13T20:05:53.543,47.5
2026-07-13T20:05:53.946,46.9
2026-07-13T20:05:54.349,46.6
2026-07-13T20:05:54.752,46.3
2026-07-13T20:05:55.155,49.3
2026-07-13T20:05:55.558,52.7
2026-07-13T20:05:55.961,58.2
2026-07-13T20:05:56.364,56.9
2026-07-13T20:05:56.767,56.3
2026-07-13T20:05:57.170,55.3
2026-07-13T20:05:57.573,60.4
2026-07-13T20:05:57.976,59.0
2026-07-13T20:05:58.379,57.7
2026-07-13T20:05:58.782,56.6
2026-07-13T20:05:59.185,54.1
2026-07-13T20:05:59.588,54.4
2026-07-13T20:05:59.991,54.4
2026-07-13T20:06:00.394,55.9
2026-07-13T20:06:00.797,55.6
2026-07-13T20:06:01.200,55.4
2026-07-13T20:06:01.603,55.4
2026-07-13T20:06:02.006,54.9
2026-07-13T20:06:02.409,55.0
2026-07-13T20:06:02.811,55.4
2026-07-13T20:06:03.214,57.2
2026-07-13T20:06:03.617,56.8
2026-07-13T20:06:04.020,56.5
2026-07-13T20:06:04.423,56.2
2026-07-13T20:06:04.826,56.2
2026-07-13T20:06:05.229,55.8
2026-07-13T20:06:05.632,55.5
2026-07-13T20:06:06.035,55.2
2026-07-13T20:06:06.438,54.9
2026-07-13T20:06:06.841,55.0
2026-07-13T20:06:07.244,54.8
2026-07-13T20:06:07.647,54.7
2026-07-13T20:06:08.050,54.6
2026-07-13T20:06:08.453,54.9
2026-07-13T20:06:08.856,54.8
2026-07-13T20:06:09.259,55.6
2026-07-13T20:06:09.662,55.4
2026-07-13T20:06:10.065,55.3
2026-07-13T20:06:10.468,55.0
2026-07-13T20:06:10.871,54.6
2026-07-13T20:06:11.274,54.3
2026-07-13T20:06:11.677,54.2
2026-07-13T20:06:12.079,56.4
2026-07-13T20:06:12.482,56.4
2026-07-13T20:06:12.885,55.9
2026-07-13T20:06:13.288,55.4
2026-07-13T20:06:13.691,55.1
2026-07-13T20:06:14.094,53.3
2026-07-13T20:06:14.497,53.2
2026-07-13T20:06:14.900,59.4
2026-07-13T20:06:15.303,59.3
2026-07-13T20:06:15.706,57.7
2026-07-13T20:06:16.109,56.5
2026-07-13T20:06:16.512,53.4
2026-07-13T20:06:16.915,60.4
2026-07-13T20:06:17.318,59.5
2026-07-13T20:06:17.721,58.7
2026-07-13T20:06:18.124,57.1
2026-07-13T20:06:18.527,51.9
2026-07-13T20:06:18.930,61.3
2026-07-13T20:06:19.333,60.8
2026-07-13T20:06:19.736,59.7
2026-07-13T20:06:20.139,58.2
2026-07-13T20:06:20.542,60.2
2026-07-13T20:06:20.945,60.2
2026-07-13T20:06:21.348,58.4
2026-07-13T20:06:21.751,57.1
2026-07-13T20:06:22.153,60.0
2026-07-13T20:06:22.556,58.1
2026-07-13T20:06:22.959,55.8
2026-07-13T20:06:23.362,53.9
2026-07-13T20:06:23.765,50.7
2026-07-13T20:06:24.168,50.1
2026-07-13T20:06:24.571,52.1
2026-07-13T20:06:24.974,56.6
2026-07-13T20:06:25.377,55.0
2026-07-13T20:06:25.780,54.3
2026-07-13T20:06:26.183,53.2
2026-07-13T20:06:26.586,47.0
2026-07-13T20:06:26.989,52.3
2026-07-13T20:06:27.392,51.1
2026-07-13T20:06:27.795,50.1
2026-07-13T20:06:28.198,50.3
2026-07-13T20:06:28.601,48.5
2026-07-13T20:06:29.004,47.3
2026-07-13T20:06:29.407,46.3
2026-07-13T20:06:29.810,43.2
2026-07-13T20:06:30.213,43.0
2026-07-13T20:06:30.616,42.5
2026-07-13T20:06:31.018,43.6
2026-07-13T20:06:31.421,48.4
2026-07-13T20:06:31.824,50.8
2026-07-13T20:06:32.227,49.9
2026-07-13T20:06:32.630,49.0
2026-07-13T20:06:33.033,47.4
2026-07-13T20:06:33.436,50.3
2026-07-13T20:06:33.839,48.8
2026-07-13T20:06:34.242,47.7
2026-07-13T20:06:34.645,46.8
2026-07-13T20:06:35.048,49.2
2026-07-13T20:06:35.451,48.1
2026-07-13T20:06:35.854,53.6
2026-07-13T20:06:36.257,53.2
2026-07-13T20:06:36.660,52.6
2026-07-13T20:06:37.063,50.9
2026-07-13T20:06:37.466,47.1
2026-07-13T20:06:37.869,45.1
2026-07-13T20:06:38.272,44.2
2026-07-13T20:06:38.675,47.2
2026-07-13T20:06:39.078,46.4
2026-07-13T20:06:39.481,51.8
2026-07-13T20:06:39.884,50.7
2026-07-13T20:06:40.287,49.6
2026-07-13T20:06:40.690,50.2
2026-07-13T20:06:41.093,50.3
2026-07-13T20:06:41.496,50.9
2026-07-13T20:06:41.899,51.5
2026-07-13T20:06:42.302,51.5
2026-07-13T20:06:42.705,55.8
2026-07-13T20:06:43.108,55.2
2026-07-13T20:06:43.511,56.1
2026-07-13T20:06:43.913,55.7
2026-07-13T20:06:44.316,55.4
2026-07-13T20:06:44.719,55.0
2026-07-13T20:06:45.122,55.4
2026-07-13T20:06:45.525,55.2
2026-07-13T20:06:45.928,55.1
2026-07-13T20:06:46.331,55.0
2026-07-13T20:06:46.734,54.7
2026-07-13T20:06:47.137,54.5
2026-07-13T20:06:47.540,55.4
2026-07-13T20:06:47.943,55.0
2026-07-13T20:06:48.346,55.4
2026-07-13T20:06:48.749,55.1
2026-07-13T20:06:49.152,54.9
2026-07-13T20:06:49.555,54.8
2026-07-13T20:06:49.958,56.8
2026-07-13T20:06:50.361,56.4
2026-07-13T20:06:50.764,55.9
2026-07-13T20:06:51.167,55.9
2026-07-13T20:06:51.570,55.9
2026-07-13T20:06:51.973,55.6
2026-07-13T20:06:52.376,59.3
2026-07-13T20:06:52.779,58.8
2026-07-13T20:06:53.182,57.8
2026-07-13T20:06:53.585,57.3
2026-07-13T20:06:53.988,55.1
2026-07-13T20:06:54.391,55.8
2026-07-13T20:06:54.794,55.3
2026-07-13T20:06:55.197,55.3
2026-07-13T20:06:55.600,54.7
2026-07-13T20:06:56.003,54.6
2026-07-13T20:06:56.406,54.5
2026-07-13T20:06:56.809,53.8
2026-07-13T20:06:57.212,53.9
2026-07-13T20:06:57.615,53.9
2026-07-13T20:06:58.018,53.9
2026-07-13T20:06:58.421,53.6
2026-07-13T20:06:58.824,53.5
2026-07-13T20:06:59.227,53.4
2026-07-13T20:06:59.630,52.8
2026-07-13T20:07:00.033,52.7
2026-07-13T20:07:00.436,52.6
2026-07-13T20:07:00.839,52.5
2026-07-13T20:07:01.241,52.0
2026-07-13T20:07:01.645,52.3
2026-07-13T20:07:02.047,52.0
2026-07-13T20:07:02.450,51.9
2026-07-13T20:07:02.853,51.9
2026-07-13T20:07:03.256,51.7
2026-07-13T20:07:03.659,51.3
2026-07-13T20:07:04.062,51.5
2026-07-13T20:07:04.465,51.2
2026-07-13T20:07:04.868,51.1
2026-07-13T20:07:05.271,50.8
2026-07-13T20:07:05.674,60.6
2026-07-13T20:07:06.077,59.0
2026-07-13T20:07:06.480,57.7
2026-07-13T20:07:06.883,56.2
2026-07-13T20:07:07.286,52.0
2026-07-13T20:07:07.689,50.0
2026-07-13T20:07:08.092,51.3
2026-07-13T20:07:08.495,50.8
2026-07-13T20:07:08.898,50.4
2026-07-13T20:07:09.302,51.7
2026-07-13T20:07:09.704,51.1
2026-07-13T20:07:10.107,50.4
2026-07-13T20:07:10.510,49.8
2026-07-13T20:07:10.913,54.7
2026-07-13T20:07:11.316,60.4
2026-07-13T20:07:11.719,59.9
2026-07-13T20:07:12.122,58.4
2026-07-13T20:07:12.525,56.7
2026-07-13T20:07:12.928,50.4
2026-07-13T20:07:13.331,48.1
2026-07-13T20:07:13.734,53.1
2026-07-13T20:07:14.137,52.6
2026-07-13T20:07:14.540,52.0
2026-07-13T20:07:14.943,52.9
2026-07-13T20:07:15.346,51.5
2026-07-13T20:07:15.749,50.2
2026-07-13T20:07:16.152,49.3
2026-07-13T20:07:16.555,45.8
2026-07-13T20:07:16.958,46.6
2026-07-13T20:07:17.361,46.3
2026-07-13T20:07:17.764,46.1
2026-07-13T20:07:18.167,46.3
2026-07-13T20:07:18.570,47.0
2026-07-13T20:07:18.973,47.2
2026-07-13T20:07:19.376,49.9
2026-07-13T20:07:19.779,60.5
2026-07-13T20:07:20.182,58.4
2026-07-13T20:07:20.585,56.0
2026-07-13T20:07:20.988,53.9
2026-07-13T20:07:21.391,47.5
2026-07-13T20:07:21.794,47.8
2026-07-13T20:07:22.197,48.3
2026-07-13T20:07:22.600,48.2
2026-07-13T20:07:23.003,48.2
2026-07-13T20:07:23.406,48.8
2026-07-13T20:07:23.809,49.3
2026-07-13T20:07:24.212,49.6
2026-07-13T20:07:24.615,50.0
2026-07-13T20:07:25.018,50.3
2026-07-13T20:07:25.421,50.1
2026-07-13T20:07:25.824,50.2
2026-07-13T20:07:26.227,50.7
2026-07-13T20:07:26.630,50.7
2026-07-13T20:07:27.033,50.9
2026-07-13T20:07:27.436,51.1
2026-07-13T20:07:27.839,51.2
2026-07-13T20:07:28.242,51.4
2026-07-13T20:07:28.645,51.8
2026-07-13T20:07:29.048,51.9
2026-07-13T20:07:29.451,52.1
2026-07-13T20:07:29.854,52.4
2026-07-13T20:07:30.257,52.6
2026-07-13T20:07:30.660,53.2
2026-07-13T20:07:31.063,53.3
2026-07-13T20:07:31.466,53.4
2026-07-13T20:07:31.869,53.5
2026-07-13T20:07:32.272,53.5
2026-07-13T20:07:32.675,53.6
2026-07-13T20:07:33.078,53.8
2026-07-13T20:07:33.481,54.0
2026-07-13T20:07:33.884,53.9
2026-07-13T20:07:34.292,54.0
2026-07-13T20:07:34.690,53.8
2026-07-13T20:07:35.093,54.1
2026-07-13T20:07:35.496,54.0
2026-07-13T20:07:35.899,53.9
2026-07-13T20:07:36.303,54.0
2026-07-13T20:07:36.705,54.1
2026-07-13T20:07:37.108,54.1
2026-07-13T20:07:37.511,54.1
2026-07-13T20:07:37.914,54.5
2026-07-13T20:07:38.317,54.2
2026-07-13T20:07:38.720,54.2
2026-07-13T20:07:39.123,54.4
2026-07-13T20:07:39.526,54.2
2026-07-13T20:07:39.929,53.8
2026-07-13T20:07:40.332,53.8
2026-07-13T20:07:40.735,54.0
2026-07-13T20:07:41.138,54.1
2026-07-13T20:07:41.541,53.9
2026-07-13T20:07:41.944,53.9
2026-07-13T20:07:42.347,54.2
2026-07-13T20:07:42.750,53.9
2026-07-13T20:07:43.153,54.1
2026-07-13T20:07:43.556,53.9
2026-07-13T20:07:43.959,53.6
2026-07-13T20:07:44.362,53.6
2026-07-13T20:07:44.765,53.6
2026-07-13T20:07:45.168,53.4
2026-07-13T20:07:45.571,53.2
2026-07-13T20:07:45.974,53.1
2026-07-13T20:07:46.377,52.7
2026-07-13T20:07:46.779,52.8
2026-07-13T20:07:47.183,52.4
2026-07-13T20:07:47.585,52.0
2026-07-13T20:07:47.988,52.1
2026-07-13T20:07:48.391,51.9
2026-07-13T20:07:48.794,51.7
2026-07-13T20:07:49.197,51.5
2026-07-13T20:07:49.600,51.2
2026-07-13T20:07:50.003,51.1
2026-07-13T20:07:50.406,51.1
2026-07-13T20:07:50.809,50.8
2026-07-13T20:07:51.212,50.4
2026-07-13T20:07:51.615,50.3
2026-07-13T20:07:52.018,50.1
2026-07-13T20:07:52.421,50.2
2026-07-13T20:07:52.824,49.8
2026-07-13T20:07:53.227,49.5
2026-07-13T20:07:53.630,49.1
2026-07-13T20:07:54.033,48.2
2026-07-13T20:07:54.436,47.9
2026-07-13T20:07:54.839,47.3
2026-07-13T20:07:55.242,46.8
2026-07-13T20:07:55.645,46.0
2026-07-13T20:07:56.048,45.6
2026-07-13T20:07:56.451,45.3
2026-07-13T20:07:56.854,44.0
2026-07-13T20:07:57.257,43.7
2026-07-13T20:07:57.660,43.7
2026-07-13T20:07:58.063,43.5
2026-07-13T20:07:58.466,43.2
2026-07-13T20:07:58.869,43.0
2026-07-13T20:07:59.272,44.3
2026-07-13T20:07:59.675,44.0
2026-07-13T20:08:00.078,43.7
2026-07-13T20:08:00.481,43.4
2026-07-13T20:08:00.884,42.9
2026-07-13T20:08:01.288,42.8
2026-07-13T20:08:01.690,42.6
2026-07-13T20:08:02.093,42.5
2026-07-13T20:08:02.496,42.7
2026-07-13T20:08:02.899,42.7
2026-07-13T20:08:03.302,42.5
2026-07-13T20:08:03.705,42.5
2026-07-13T20:08:04.108,42.6
2026-07-13T20:08:04.511,42.2
2026-07-13T20:08:04.914,42.5
2026-07-13T20:08:05.317,42.8
2026-07-13T20:08:05.720,43.9
2026-07-13T20:08:06.123,43.7
2026-07-13T20:08:06.526,43.2
2026-07-13T20:08:06.929,43.1
2026-07-13T20:08:07.332,42.7
2026-07-13T20:08:07.735,42.4
2026-07-13T20:08:08.138,42.4
2026-07-13T20:08:08.541,42.2
2026-07-13T20:08:08.944,42.4
2026-07-13T20:08:09.347,42.3
2026-07-13T20:08:09.750,42.3
2026-07-13T20:08:10.153,42.2
2026-07-13T20:08:10.556,42.4
2026-07-13T20:08:10.959,42.8
2026-07-13T20:08:11.362,42.6
2026-07-13T20:08:11.765,42.4
2026-07-13T20:08:12.168,42.6
2026-07-13T20:08:12.571,42.9
2026-07-13T20:08:12.974,46.7
2026-07-13T20:08:13.377,45.9
2026-07-13T20:08:13.780,44.9
2026-07-13T20:08:14.183,44.4
2026-07-13T20:08:14.586,42.4
2026-07-13T20:08:14.989,42.7
2026-07-13T20:08:15.392,42.6
2026-07-13T20:08:15.795,42.5
2026-07-13T20:08:16.198,42.5
2026-07-13T20:08:16.601,42.6
2026-07-13T20:08:17.004,42.6
2026-07-13T20:08:17.407,42.5
2026-07-13T20:08:17.810,43.2
2026-07-13T20:08:18.213,43.2
2026-07-13T20:08:18.616,43.2
2026-07-13T20:08:19.019,43.1
2026-07-13T20:08:19.422,42.7
2026-07-13T20:08:19.825,42.6
2026-07-13T20:08:20.228,42.9
2026-07-13T20:08:20.631,43.3
2026-07-13T20:08:21.034,43.2
2026-07-13T20:08:21.437,43.7
2026-07-13T20:08:21.840,44.3
2026-07-13T20:08:22.243,46.3
2026-07-13T20:08:22.646,47.9
2026-07-13T20:08:23.049,49.7
2026-07-13T20:08:23.452,50.6
2026-07-13T20:08:23.855,52.1
2026-07-13T20:08:24.258,52.3
2026-07-13T20:08:24.661,52.8
2026-07-13T20:08:25.064,53.4
2026-07-13T20:08:25.467,53.6
2026-07-13T20:08:25.870,53.8
2026-07-13T20:08:26.273,54.2
2026-07-13T20:08:26.676,54.0
2026-07-13T20:08:27.079,54.0
2026-07-13T20:08:27.482,54.3
2026-07-13T20:08:27.885,54.5
2026-07-13T20:08:28.288,54.3
2026-07-13T20:08:28.691,54.5
2026-07-13T20:08:29.094,54.6
2026-07-13T20:08:29.497,54.7
2026-07-13T20:08:29.900,54.4
2026-07-13T20:08:30.303,54.5
2026-07-13T20:08:30.706,54.4
2026-07-13T20:08:31.109,54.6
2026-07-13T20:08:31.512,54.6
2026-07-13T20:08:31.915,54.6
2026-07-13T20:08:32.318,54.7
2026-07-13T20:08:32.721,54.7
2026-07-13T20:08:33.124,54.4
2026-07-13T20:08:33.527,54.7
2026-07-13T20:08:33.930,54.4
2026-07-13T20:08:34.333,54.4
2026-07-13T20:08:34.736,54.2
2026-07-13T20:08:35.138,54.0
2026-07-13T20:08:35.541,54.2
2026-07-13T20:08:35.944,54.2
2026-07-13T20:08:36.347,54.0
2026-07-13T20:08:36.750,53.8
2026-07-13T20:08:37.153,54.0
2026-07-13T20:08:37.556,54.0
2026-07-13T20:08:37.959,54.0
2026-07-13T20:08:38.362,54.0
2026-07-13T20:08:38.765,53.9
2026-07-13T20:08:39.168,53.8
2026-07-13T20:08:39.571,53.8
2026-07-13T20:08:39.974,53.5
2026-07-13T20:08:40.377,53.5
2026-07-13T20:08:40.780,53.2
2026-07-13T20:08:41.183,53.1
2026-07-13T20:08:41.586,53.0
2026-07-13T20:08:41.989,52.9
2026-07-13T20:08:42.392,52.8
2026-07-13T20:08:42.795,52.7
2026-07-13T20:08:43.198,52.5
2026-07-13T20:08:43.601,52.6
2026-07-13T20:08:44.004,52.4
2026-07-13T20:08:44.407,52.4
2026-07-13T20:08:44.810,52.0
2026-07-13T20:08:45.213,51.8
2026-07-13T20:08:45.616,51.3
2026-07-13T20:08:46.019,50.6
2026-07-13T20:08:46.422,50.4
2026-07-13T20:08:46.825,50.1
2026-07-13T20:08:47.228,49.8
2026-07-13T20:08:47.631,48.2
2026-07-13T20:08:48.034,47.7
2026-07-13T20:08:48.437,47.6
2026-07-13T20:08:48.840,47.4
2026-07-13T20:08:49.243,46.8
2026-07-13T20:08:49.646,46.7
2026-07-13T20:08:50.049,46.1
2026-07-13T20:08:50.452,45.9
2026-07-13T20:08:50.855,45.9
2026-07-13T20:08:51.258,45.8
2026-07-13T20:08:51.661,45.7
2026-07-13T20:08:52.064,46.9
2026-07-13T20:08:52.467,46.6
2026-07-13T20:08:52.870,46.1
2026-07-13T20:08:53.273,46.2
2026-07-13T20:08:53.676,46.2
2026-07-13T20:08:54.079,45.9
2026-07-13T20:08:54.482,45.1
2026-07-13T20:08:54.885,44.7
2026-07-13T20:08:55.288,43.5
2026-07-13T20:08:55.691,44.6
2026-07-13T20:08:56.094,44.2
2026-07-13T20:08:56.497,43.8
2026-07-13T20:08:56.900,43.5
2026-07-13T20:08:57.303,43.0
2026-07-13T20:08:57.706,43.0
2026-07-13T20:08:58.109,42.9
2026-07-13T20:08:58.512,43.2
2026-07-13T20:08:58.915,43.0
2026-07-13T20:08:59.318,43.3
2026-07-13T20:08:59.721,43.8
2026-07-13T20:09:00.124,43.6
2026-07-13T20:09:00.527,43.4
2026-07-13T20:09:00.930,43.0
2026-07-13T20:09:01.333,46.8
2026-07-13T20:09:01.736,45.8
2026-07-13T20:09:02.139,45.1
2026-07-13T20:09:02.542,44.5
2026-07-13T20:09:02.945,43.1
2026-07-13T20:09:03.348,42.7
2026-07-13T20:09:03.751,43.3
2026-07-13T20:09:04.154,43.3
2026-07-13T20:09:04.557,44.1
2026-07-13T20:09:04.960,45.5
2026-07-13T20:09:05.363,44.9
2026-07-13T20:09:05.766,44.5
2026-07-13T20:09:06.169,43.8
2026-07-13T20:09:06.571,44.1
2026-07-13T20:09:06.974,44.8
2026-07-13T20:09:07.377,44.1
2026-07-13T20:09:07.780,43.9
2026-07-13T20:09:08.183,44.6
2026-07-13T20:09:08.586,47.8
2026-07-13T20:09:08.989,47.3
2026-07-13T20:09:09.392,47.6
2026-07-13T20:09:09.795,46.8
2026-07-13T20:09:10.198,46.4
2026-07-13T20:09:10.601,46.9
2026-07-13T20:09:11.004,45.9
2026-07-13T20:09:11.407,45.5
2026-07-13T20:09:11.810,45.0
2026-07-13T20:09:12.213,43.0
2026-07-13T20:09:12.616,43.5
2026-07-13T20:09:13.019,43.2
2026-07-13T20:09:13.422,42.8
2026-07-13T20:09:13.825,42.7
2026-07-13T20:09:14.228,42.1
2026-07-13T20:09:14.631,42.8
2026-07-13T20:09:15.034,47.8
2026-07-13T20:09:15.437,47.2
2026-07-13T20:09:15.840,46.1
2026-07-13T20:09:16.243,45.0
2026-07-13T20:09:16.645,42.9
2026-07-13T20:09:17.048,42.1
2026-07-13T20:09:17.451,42.0
2026-07-13T20:09:17.854,42.1
2026-07-13T20:09:18.257,42.1
2026-07-13T20:09:18.660,42.7
2026-07-13T20:09:19.063,42.7
2026-07-13T20:09:19.466,42.5
2026-07-13T20:09:19.869,42.4
2026-07-13T20:09:20.272,42.7
2026-07-13T20:09:20.675,44.1
2026-07-13T20:09:21.078,43.5
2026-07-13T20:09:21.481,43.1
2026-07-13T20:09:21.884,42.6
2026-07-13T20:09:22.287,42.3
2026-07-13T20:09:22.690,41.9
2026-07-13T20:09:23.093,42.0
2026-07-13T20:09:23.496,42.1
2026-07-13T20:09:23.899,42.3
2026-07-13T20:09:24.302,42.4
2026-07-13T20:09:24.705,42.7
2026-07-13T20:09:25.108,43.2
2026-07-13T20:09:25.511,43.6
2026-07-13T20:09:25.914,44.8
2026-07-13T20:09:26.317,46.0
2026-07-13T20:09:26.720,48.5
2026-07-13T20:09:27.123,49.5
2026-07-13T20:09:27.526,50.5
2026-07-13T20:09:27.929,51.1
2026-07-13T20:09:28.332,51.7
2026-07-13T20:09:28.735,52.0
2026-07-13T20:09:29.138,52.4
2026-07-13T20:09:29.541,52.8
2026-07-13T20:09:29.944,53.3
2026-07-13T20:09:30.347,53.5
2026-07-13T20:09:30.750,53.9
2026-07-13T20:09:31.153,54.0
2026-07-13T20:09:31.556,54.3
2026-07-13T20:09:31.959,54.3
2026-07-13T20:09:32.362,54.3
2026-07-13T20:09:32.765,54.4
2026-07-13T20:09:33.168,54.4
2026-07-13T20:09:33.571,54.1
2026-07-13T20:09:33.974,54.3
2026-07-13T20:09:34.377,54.6
2026-07-13T20:09:34.780,54.5
2026-07-13T20:09:35.183,54.6
2026-07-13T20:09:35.586,54.5
2026-07-13T20:09:35.989,54.5
2026-07-13T20:09:36.392,54.7
2026-07-13T20:09:36.795,54.3
2026-07-13T20:09:37.198,54.6
2026-07-13T20:09:37.601,54.5
2026-07-13T20:09:38.004,54.7
2026-07-13T20:09:38.407,54.3
2026-07-13T20:09:38.810,54.3
2026-07-13T20:09:39.213,54.5
2026-07-13T20:09:39.616,54.3
2026-07-13T20:09:40.019,54.1
2026-07-13T20:09:40.422,56.2
2026-07-13T20:09:40.825,55.4
2026-07-13T20:09:41.227,54.8
2026-07-13T20:09:41.630,54.4
2026-07-13T20:09:42.033,53.4
2026-07-13T20:09:42.436,53.5
2026-07-13T20:09:42.839,53.1
2026-07-13T20:09:43.242,53.2
2026-07-13T20:09:43.645,52.9
2026-07-13T20:09:44.048,52.8
2026-07-13T20:09:44.451,52.7
2026-07-13T20:09:44.854,52.3
2026-07-13T20:09:45.257,52.1
2026-07-13T20:09:45.660,52.0
2026-07-13T20:09:46.063,52.0
2026-07-13T20:09:46.466,51.6
2026-07-13T20:09:46.869,51.8
2026-07-13T20:09:47.272,51.5
2026-07-13T20:09:47.675,51.3
2026-07-13T20:09:48.078,51.1
2026-07-13T20:09:48.481,50.4
2026-07-13T20:09:48.884,50.3
2026-07-13T20:09:49.288,50.0
2026-07-13T20:09:49.690,49.6
2026-07-13T20:09:50.093,48.9
2026-07-13T20:09:50.496,48.3
2026-07-13T20:09:50.899,47.9
2026-07-13T20:09:51.302,47.4
2026-07-13T20:09:51.705,47.6
2026-07-13T20:09:52.108,47.5
2026-07-13T20:09:52.511,47.3
2026-07-13T20:09:52.914,47.2
2026-07-13T20:09:53.317,50.2
2026-07-13T20:09:53.720,49.6
2026-07-13T20:09:54.123,52.1
2026-07-13T20:09:54.526,51.6
2026-07-13T20:09:54.929,51.1
2026-07-13T20:09:55.332,49.8
2026-07-13T20:09:55.735,44.5
2026-07-13T20:09:56.138,44.4
2026-07-13T20:09:56.541,44.3
2026-07-13T20:09:56.944,45.3
2026-07-13T20:09:57.347,45.1
2026-07-13T20:09:57.750,44.8
2026-07-13T20:09:58.153,44.6
2026-07-13T20:09:58.556,43.8
2026-07-13T20:09:58.959,43.4
2026-07-13T20:09:59.362,43.0
2026-07-13T20:09:59.765,43.0
2026-07-13T20:10:00.168,44.2
2026-07-13T20:10:00.571,48.9
2026-07-13T20:10:00.974,47.9
2026-07-13T20:10:01.377,46.7
2026-07-13T20:10:01.780,45.9
2026-07-13T20:10:02.183,43.0
2026-07-13T20:10:02.586,43.3
2026-07-13T20:10:02.989,47.5
2026-07-13T20:10:03.392,49.7
2026-07-13T20:10:03.795,50.3
2026-07-13T20:10:04.198,48.9
2026-07-13T20:10:04.601,48.1
2026-07-13T20:10:05.004,47.1
2026-07-13T20:10:05.407,44.9
2026-07-13T20:10:05.810,43.8
2026-07-13T20:10:06.212,43.3
2026-07-13T20:10:06.615,43.0
2026-07-13T20:10:07.018,43.2
2026-07-13T20:10:07.421,43.1
2026-07-13T20:10:07.824,43.0
2026-07-13T20:10:08.227,43.2
2026-07-13T20:10:08.630,43.6
2026-07-13T20:10:09.033,43.9
2026-07-13T20:10:09.436,44.0
2026-07-13T20:10:09.839,43.8
2026-07-13T20:10:10.242,43.6
2026-07-13T20:10:10.645,44.3
2026-07-13T20:10:11.048,44.1
2026-07-13T20:10:11.451,43.9
2026-07-13T20:10:11.854,43.7
2026-07-13T20:10:12.257,43.7
2026-07-13T20:10:12.660,44.3
2026-07-13T20:10:13.063,44.0
2026-07-13T20:10:13.466,43.8
2026-07-13T20:10:13.869,44.5
2026-07-13T20:10:14.272,45.0
2026-07-13T20:10:14.675,45.8
2026-07-13T20:10:15.078,47.7
2026-07-13T20:10:15.481,48.8
2026-07-13T20:10:15.884,50.4
2026-07-13T20:10:16.287,50.8
2026-07-13T20:10:16.690,51.2
2026-07-13T20:10:17.093,51.8
2026-07-13T20:10:17.496,52.8
2026-07-13T20:10:17.899,53.2
2026-07-13T20:10:18.302,53.3
2026-07-13T20:10:18.705,54.3
2026-07-13T20:10:19.108,54.0
2026-07-13T20:10:19.511,54.1
2026-07-13T20:10:19.914,56.4
2026-07-13T20:10:20.317,56.6
2026-07-13T20:10:20.720,56.4
2026-07-13T20:10:21.123,55.9
2026-07-13T20:10:21.526,55.7
2026-07-13T20:10:21.929,55.8
2026-07-13T20:10:22.332,55.9
2026-07-13T20:10:22.735,55.7
2026-07-13T20:10:23.138,55.8
2026-07-13T20:10:23.541,55.6
2026-07-13T20:10:23.944,55.3
2026-07-13T20:10:24.347,55.0
2026-07-13T20:10:24.750,54.5
2026-07-13T20:10:25.153,58.3
2026-07-13T20:10:25.556,57.8
2026-07-13T20:10:25.959,61.4
2026-07-13T20:10:26.362,60.2
2026-07-13T20:10:26.765,59.8
2026-07-13T20:10:27.168,58.8
2026-07-13T20:10:27.570,55.7
2026-07-13T20:10:27.973,54.3
2026-07-13T20:10:28.376,54.1
2026-07-13T20:10:28.779,54.1
2026-07-13T20:10:29.183,55.2
2026-07-13T20:10:29.585,55.0
2026-07-13T20:10:29.988,54.8
2026-07-13T20:10:30.391,54.6
2026-07-13T20:10:30.794,53.7
2026-07-13T20:10:31.197,53.8
2026-07-13T20:10:31.600,53.8
2026-07-13T20:10:32.003,53.6
2026-07-13T20:10:32.406,53.6
2026-07-13T20:10:32.809,53.5
2026-07-13T20:10:33.212,53.2
2026-07-13T20:10:33.615,53.1
2026-07-13T20:10:34.018,52.8
2026-07-13T20:10:34.421,52.9
2026-07-13T20:10:34.824,52.5
2026-07-13T20:10:35.227,52.4
2026-07-13T20:10:35.630,52.5
2026-07-13T20:10:36.033,52.0
2026-07-13T20:10:36.436,51.7
2026-07-13T20:10:36.839,52.0
2026-07-13T20:10:37.242,51.6
2026-07-13T20:10:37.645,51.4
2026-07-13T20:10:38.048,50.9
2026-07-13T20:10:38.451,50.7
2026-07-13T20:10:38.854,50.0
2026-07-13T20:10:39.257,50.3
2026-07-13T20:10:39.660,50.0
2026-07-13T20:10:40.063,49.4
2026-07-13T20:10:40.466,48.9
2026-07-13T20:10:40.869,46.5
2026-07-13T20:10:41.272,45.6
2026-07-13T20:10:41.675,44.9
2026-07-13T20:10:42.078,45.1
2026-07-13T20:10:42.481,44.7
2026-07-13T20:10:42.884,44.5
2026-07-13T20:10:43.287,44.4
2026-07-13T20:10:43.690,43.7
2026-07-13T20:10:44.093,43.6
2026-07-13T20:10:44.496,43.4
2026-07-13T20:10:44.899,43.3
2026-07-13T20:10:45.302,43.4
2026-07-13T20:10:45.705,43.0
2026-07-13T20:10:46.108,43.2
2026-07-13T20:10:46.511,42.9
2026-07-13T20:10:46.914,43.2
2026-07-13T20:10:47.317,43.3
2026-07-13T20:10:47.720,43.4
2026-07-13T20:10:48.123,43.7
2026-07-13T20:10:48.526,44.0
2026-07-13T20:10:48.929,43.6
2026-07-13T20:10:49.332,43.5
2026-07-13T20:10:49.735,43.5
2026-07-13T20:10:50.138,43.4
2026-07-13T20:10:50.541,44.2
2026-07-13T20:10:50.944,43.9
2026-07-13T20:10:51.347,44.4
2026-07-13T20:10:51.750,44.7
2026-07-13T20:10:52.153,45.1
2026-07-13T20:10:52.556,45.0
2026-07-13T20:10:52.959,45.9
2026-07-13T20:10:53.362,46.3
2026-07-13T20:10:53.765,46.4
2026-07-13T20:10:54.168,47.8
2026-07-13T20:10:54.571,48.0
2026-07-13T20:10:54.974,48.5
2026-07-13T20:10:55.377,49.7
2026-07-13T20:10:55.780,50.0
2026-07-13T20:10:56.183,50.4
2026-07-13T20:10:56.586,50.6
2026-07-13T20:10:56.989,51.0
2026-07-13T20:10:57.392,51.4
2026-07-13T20:10:57.795,52.0
2026-07-13T20:10:58.198,52.1
2026-07-13T20:10:58.601,52.7
2026-07-13T20:10:59.004,52.8
2026-07-13T20:10:59.407,53.3
2026-07-13T20:10:59.810,53.5
2026-07-13T20:11:00.213,53.6
2026-07-13T20:11:00.616,53.9
2026-07-13T20:11:01.019,55.1
2026-07-13T20:11:01.422,54.8
2026-07-13T20:11:01.825,54.5
2026-07-13T20:11:02.228,57.5
2026-07-13T20:11:02.631,56.7
2026-07-13T20:11:03.034,56.1
2026-07-13T20:11:03.437,55.7
2026-07-13T20:11:03.840,54.7
2026-07-13T20:11:04.243,54.2
2026-07-13T20:11:04.646,54.1
2026-07-13T20:11:05.049,54.2
2026-07-13T20:11:05.452,54.2
2026-07-13T20:11:05.855,54.4
2026-07-13T20:11:06.258,54.0
2026-07-13T20:11:06.661,54.4
2026-07-13T20:11:07.064,54.1
2026-07-13T20:11:07.467,53.9
2026-07-13T20:11:07.870,54.0
2026-07-13T20:11:08.273,54.7
2026-07-13T20:11:08.676,54.6
2026-07-13T20:11:09.079,54.2
2026-07-13T20:11:09.482,54.3
2026-07-13T20:11:09.885,54.0
2026-07-13T20:11:10.288,54.1
2026-07-13T20:11:10.691,54.0
2026-07-13T20:11:11.094,53.9
2026-07-13T20:11:11.497,53.8
2026-07-13T20:11:11.900,53.1
2026-07-13T20:11:12.303,53.2
2026-07-13T20:11:12.706,52.9
2026-07-13T20:11:13.109,52.9
2026-07-13T20:11:13.512,52.9
2026-07-13T20:11:13.915,52.7
2026-07-13T20:11:14.318,52.6
2026-07-13T20:11:14.721,52.3
2026-07-13T20:11:15.123,52.0
2026-07-13T20:11:15.527,51.9
2026-07-13T20:11:15.930,51.8
2026-07-13T20:11:16.332,51.9
2026-07-13T20:11:16.735,52.0
2026-07-13T20:11:17.138,51.9
2026-07-13T20:11:17.541,51.6
2026-07-13T20:11:17.944,51.4
2026-07-13T20:11:18.347,51.2
2026-07-13T20:11:18.750,51.1
2026-07-13T20:11:19.153,51.0
2026-07-13T20:11:19.556,51.1
2026-07-13T20:11:19.959,50.7
2026-07-13T20:11:20.362,50.6
2026-07-13T20:11:20.765,50.5
2026-07-13T20:11:21.168,50.2
2026-07-13T20:11:21.571,49.8
2026-07-13T20:11:21.974,49.6
2026-07-13T20:11:22.377,50.0
2026-07-13T20:11:22.780,49.7
2026-07-13T20:11:23.183,49.2
2026-07-13T20:11:23.586,48.5
2026-07-13T20:11:23.988,47.0
2026-07-13T20:11:24.391,47.5
2026-07-13T20:11:24.794,47.3
2026-07-13T20:11:25.197,46.8
2026-07-13T20:11:25.600,46.4
2026-07-13T20:11:26.003,45.7
2026-07-13T20:11:26.406,45.8
2026-07-13T20:11:26.809,45.7
2026-07-13T20:11:27.212,45.3
2026-07-13T20:11:27.615,45.2
2026-07-13T20:11:28.018,44.9
2026-07-13T20:11:28.421,44.7
2026-07-13T20:11:28.824,44.8
2026-07-13T20:11:29.227,44.3
2026-07-13T20:11:29.630,44.3
2026-07-13T20:11:30.033,44.8
2026-07-13T20:11:30.436,46.0
2026-07-13T20:11:30.839,45.7
2026-07-13T20:11:31.242,47.0
2026-07-13T20:11:31.645,46.4
2026-07-13T20:11:32.048,45.8
2026-07-13T20:11:32.451,46.9
2026-07-13T20:11:32.854,47.1
2026-07-13T20:11:33.257,46.6
2026-07-13T20:11:33.660,45.9
2026-07-13T20:11:34.063,45.0
2026-07-13T20:11:34.466,43.2
2026-07-13T20:11:34.868,42.9
2026-07-13T20:11:35.271,42.5
2026-07-13T20:11:35.674,42.7
2026-07-13T20:11:36.077,43.3
2026-07-13T20:11:36.480,43.2
2026-07-13T20:11:36.883,43.1
2026-07-13T20:11:37.286,43.2
2026-07-13T20:11:37.689,43.4
2026-07-13T20:11:38.092,43.1
2026-07-13T20:11:38.495,43.2
2026-07-13T20:11:38.898,50.1
2026-07-13T20:11:39.301,53.6
2026-07-13T20:11:39.704,51.2
2026-07-13T20:11:40.107,49.6
2026-07-13T20:11:40.510,53.3
2026-07-13T20:11:40.913,51.6
2026-07-13T20:11:41.316,53.0
2026-07-13T20:11:41.719,51.5
2026-07-13T20:11:42.122,53.8
2026-07-13T20:11:42.525,53.0
2026-07-13T20:11:42.928,51.1
2026-07-13T20:11:43.331,49.5
2026-07-13T20:11:43.733,42.7
2026-07-13T20:11:44.136,42.8
2026-07-13T20:11:44.539,42.4
2026-07-13T20:11:44.942,42.5
2026-07-13T20:11:45.345,42.5
2026-07-13T20:11:45.748,42.7
2026-07-13T20:11:46.151,44.8
2026-07-13T20:11:46.554,44.3
2026-07-13T20:11:46.957,43.9
2026-07-13T20:11:47.360,43.4
2026-07-13T20:11:47.763,42.5
2026-07-13T20:11:48.166,42.3
2026-07-13T20:11:48.569,42.4
2026-07-13T20:11:48.972,42.2
2026-07-13T20:11:49.375,42.4
2026-07-13T20:11:49.778,42.2
2026-07-13T20:11:50.181,42.5
2026-07-13T20:11:50.584,42.3
2026-07-13T20:11:50.987,42.2
2026-07-13T20:11:51.390,42.7
2026-07-13T20:11:51.793,42.9
2026-07-13T20:11:52.196,43.8
2026-07-13T20:11:52.599,46.1
2026-07-13T20:11:53.002,45.5
2026-07-13T20:11:53.405,44.8
2026-07-13T20:11:53.808,44.4
2026-07-13T20:11:54.210,43.1
2026-07-13T20:11:54.613,42.7
2026-07-13T20:11:55.016,42.8
2026-07-13T20:11:55.419,43.0
2026-07-13T20:11:55.822,43.6
2026-07-13T20:11:56.225,43.9
2026-07-13T20:11:56.628,47.3
2026-07-13T20:11:57.031,48.7
2026-07-13T20:11:57.434,48.2
2026-07-13T20:11:57.837,48.1
2026-07-13T20:11:58.240,50.3
2026-07-13T20:11:58.643,50.6
2026-07-13T20:11:59.046,52.2
2026-07-13T20:11:59.449,52.3
2026-07-13T20:11:59.852,52.1
2026-07-13T20:12:00.255,52.2
2026-07-13T20:12:00.658,52.4
2026-07-13T20:12:01.061,52.6
2026-07-13T20:12:01.464,52.8
2026-07-13T20:12:01.867,53.0
2026-07-13T20:12:02.270,53.3
2026-07-13T20:12:02.673,53.2
2026-07-13T20:12:03.076,53.5
2026-07-13T20:12:03.479,53.3
2026-07-13T20:12:03.882,53.6
2026-07-13T20:12:04.287,53.5
2026-07-13T20:12:04.688,53.9
2026-07-13T20:12:05.091,53.6
2026-07-13T20:12:05.494,53.5
2026-07-13T20:12:05.896,53.6
2026-07-13T20:12:06.299,53.4
2026-07-13T20:12:06.702,53.4
2026-07-13T20:12:07.105,53.2
2026-07-13T20:12:07.508,53.1
2026-07-13T20:12:07.911,53.3
2026-07-13T20:12:08.314,53.0
2026-07-13T20:12:08.717,53.0
2026-07-13T20:12:09.120,53.1
2026-07-13T20:12:09.523,53.0
2026-07-13T20:12:09.927,53.2
2026-07-13T20:12:10.329,53.0
2026-07-13T20:12:10.732,53.1
2026-07-13T20:12:11.135,53.6
2026-07-13T20:12:11.538,60.0
2026-07-13T20:12:11.941,58.4
2026-07-13T20:12:12.344,57.1
2026-07-13T20:12:12.747,56.0
2026-07-13T20:12:13.150,52.2
2026-07-13T20:12:13.553,54.3
2026-07-13T20:12:13.956,54.2
2026-07-13T20:12:14.359,54.1
2026-07-13T20:12:14.762,53.3
2026-07-13T20:12:15.165,51.1
2026-07-13T20:12:15.568,54.8
2026-07-13T20:12:15.971,54.2
2026-07-13T20:12:16.374,53.3
2026-07-13T20:12:16.777,52.5
2026-07-13T20:12:17.180,50.3
2026-07-13T20:12:17.583,49.4
2026-07-13T20:12:17.986,49.4
2026-07-13T20:12:18.389,49.0
2026-07-13T20:12:18.792,49.4
2026-07-13T20:12:19.195,49.0
2026-07-13T20:12:19.598,48.5
2026-07-13T20:12:20.001,48.1
2026-07-13T20:12:20.404,47.4
2026-07-13T20:12:20.807,46.7
2026-07-13T20:12:21.210,47.0
2026-07-13T20:12:21.613,46.8
2026-07-13T20:12:22.016,46.8
2026-07-13T20:12:22.418,48.5
2026-07-13T20:12:22.821,48.4
2026-07-13T20:12:23.224,48.1
2026-07-13T20:12:23.627,47.8
2026-07-13T20:12:24.030,45.5
2026-07-13T20:12:24.433,44.8
2026-07-13T20:12:24.836,44.3
2026-07-13T20:12:25.239,44.7
2026-07-13T20:12:25.642,48.2
2026-07-13T20:12:26.045,47.3
2026-07-13T20:12:26.448,46.5
2026-07-13T20:12:26.851,49.8
2026-07-13T20:12:27.254,48.5
2026-07-13T20:12:27.657,47.8
2026-07-13T20:12:28.060,49.0
2026-07-13T20:12:28.463,47.8
2026-07-13T20:12:28.866,46.8
2026-07-13T20:12:29.269,45.9
2026-07-13T20:12:29.672,43.7
2026-07-13T20:12:30.075,43.2
2026-07-13T20:12:30.478,43.5
2026-07-13T20:12:30.881,43.4
2026-07-13T20:12:31.286,43.1
2026-07-13T20:12:31.687,43.0
2026-07-13T20:12:32.090,42.6
2026-07-13T20:12:32.493,42.5
2026-07-13T20:12:32.896,42.9
2026-07-13T20:12:33.300,42.8
2026-07-13T20:12:33.702,42.7
2026-07-13T20:12:34.105,47.2
2026-07-13T20:12:34.508,50.5
2026-07-13T20:12:34.911,49.1
2026-07-13T20:12:35.314,48.1
2026-07-13T20:12:35.717,47.1
2026-07-13T20:12:36.120,44.3
2026-07-13T20:12:36.523,44.8
2026-07-13T20:12:36.926,44.1
2026-07-13T20:12:37.329,43.9
2026-07-13T20:12:37.732,44.4
2026-07-13T20:12:38.135,44.9
2026-07-13T20:12:38.538,44.7
2026-07-13T20:12:38.940,44.2
2026-07-13T20:12:39.343,50.1
2026-07-13T20:12:39.746,49.4
2026-07-13T20:12:40.149,48.1
2026-07-13T20:12:40.552,47.1
2026-07-13T20:12:40.955,43.4
2026-07-13T20:12:41.358,42.6
2026-07-13T20:12:41.761,43.4
2026-07-13T20:12:42.164,44.8
2026-07-13T20:12:42.567,45.8
2026-07-13T20:12:42.970,45.1
2026-07-13T20:12:43.373,44.6
2026-07-13T20:12:43.776,44.0
2026-07-13T20:12:44.179,42.6
2026-07-13T20:12:44.582,42.3
2026-07-13T20:12:44.985,42.2
2026-07-13T20:12:45.388,43.9
2026-07-13T20:12:45.791,43.6
2026-07-13T20:12:46.194,43.3
2026-07-13T20:12:46.597,42.8
2026-07-13T20:12:47.000,44.4
2026-07-13T20:12:47.403,44.2
2026-07-13T20:12:47.806,44.1
2026-07-13T20:12:48.209,43.5
2026-07-13T20:12:48.612,42.7
2026-07-13T20:12:49.015,42.4
2026-07-13T20:12:49.418,42.5
2026-07-13T20:12:49.821,43.5
2026-07-13T20:12:50.224,43.1
2026-07-13T20:12:50.627,42.7
2026-07-13T20:12:51.030,43.2
2026-07-13T20:12:51.433,43.0
2026-07-13T20:12:51.836,42.7
2026-07-13T20:12:52.239,42.9
2026-07-13T20:12:52.641,42.7
2026-07-13T20:12:53.044,42.6
2026-07-13T20:12:53.447,42.5
2026-07-13T20:12:53.850,42.8
2026-07-13T20:12:54.253,42.4
2026-07-13T20:12:54.656,42.3
2026-07-13T20:12:55.059,42.5
2026-07-13T20:12:55.462,42.9
2026-07-13T20:12:55.865,43.1
2026-07-13T20:12:56.268,42.7
2026-07-13T20:12:56.671,42.7
2026-07-13T20:12:57.074,43.1
2026-07-13T20:12:57.477,43.2
2026-07-13T20:12:57.880,43.0
2026-07-13T20:12:58.283,43.0
2026-07-13T20:12:58.686,48.9
2026-07-13T20:12:59.089,49.9
2026-07-13T20:12:59.492,52.2
2026-07-13T20:12:59.895,52.7
2026-07-13T20:13:00.298,50.9
2026-07-13T20:13:00.701,49.0
2026-07-13T20:13:01.104,47.8
2026-07-13T20:13:01.507,42.8
2026-07-13T20:13:01.910,42.7
2026-07-13T20:13:02.313,42.7
2026-07-13T20:13:02.716,42.7
2026-07-13T20:13:03.119,42.5
2026-07-13T20:13:03.522,42.5
2026-07-13T20:13:03.925,42.6
2026-07-13T20:13:04.328,42.4
2026-07-13T20:13:04.731,50.7
2026-07-13T20:13:05.134,54.6
2026-07-13T20:13:05.537,54.0
2026-07-13T20:13:05.940,52.3
2026-07-13T20:13:06.343,50.7
2026-07-13T20:13:06.745,42.6
2026-07-13T20:13:07.148,42.5
2026-07-13T20:13:07.551,54.0
2026-07-13T20:13:07.954,53.4
2026-07-13T20:13:08.357,53.0
2026-07-13T20:13:08.760,52.3
2026-07-13T20:13:09.163,45.5
2026-07-13T20:13:09.566,51.2
2026-07-13T20:13:09.969,50.2
2026-07-13T20:13:10.372,60.4
2026-07-13T20:13:10.775,59.1
2026-07-13T20:13:11.178,58.1
2026-07-13T20:13:11.581,56.5
2026-07-13T20:13:11.984,52.8
2026-07-13T20:13:12.387,42.8
2026-07-13T20:13:12.790,42.6
2026-07-13T20:13:13.193,46.7
2026-07-13T20:13:13.596,56.1
2026-07-13T20:13:13.999,54.2
2026-07-13T20:13:14.402,51.9
2026-07-13T20:13:14.805,49.7
2026-07-13T20:13:15.208,43.8
2026-07-13T20:13:15.611,51.8
2026-07-13T20:13:16.014,51.4
2026-07-13T20:13:16.417,50.6
2026-07-13T20:13:16.820,48.7
2026-07-13T20:13:17.223,55.7
2026-07-13T20:13:17.625,61.1
2026-07-13T20:13:18.028,58.7
2026-07-13T20:13:18.431,57.1
2026-07-13T20:13:18.834,55.9
2026-07-13T20:13:19.237,42.5
2026-07-13T20:13:19.640,43.4
2026-07-13T20:13:20.043,45.3
2026-07-13T20:13:20.446,53.2
2026-07-13T20:13:20.849,51.4
2026-07-13T20:13:21.252,49.7
2026-07-13T20:13:21.655,48.6
2026-07-13T20:13:22.058,51.2
2026-07-13T20:13:22.461,50.0
2026-07-13T20:13:22.864,48.8
2026-07-13T20:13:23.267,50.2
2026-07-13T20:13:23.670,48.6
2026-07-13T20:13:24.073,47.1
2026-07-13T20:13:24.476,46.7
2026-07-13T20:13:24.879,52.1
2026-07-13T20:13:25.282,52.4
2026-07-13T20:13:25.685,51.1
2026-07-13T20:13:26.088,56.7
2026-07-13T20:13:26.491,55.3
2026-07-13T20:13:26.894,55.3
2026-07-13T20:13:27.297,53.3
2026-07-13T20:13:27.699,57.4
2026-07-13T20:13:28.102,60.8
2026-07-13T20:13:28.505,62.8
2026-07-13T20:13:28.908,59.6
2026-07-13T20:13:29.311,56.0
2026-07-13T20:13:29.714,55.6
2026-07-13T20:13:30.117,53.5
2026-07-13T20:13:30.520,43.8
2026-07-13T20:13:30.923,43.4
2026-07-13T20:13:31.326,43.1
2026-07-13T20:13:31.729,50.8
2026-07-13T20:13:32.132,54.6
2026-07-13T20:13:32.535,53.8
2026-07-13T20:13:32.938,52.1
2026-07-13T20:13:33.341,50.2
2026-07-13T20:13:33.744,42.6
2026-07-13T20:13:34.147,42.3
2026-07-13T20:13:34.550,42.7
2026-07-13T20:13:34.953,42.5
2026-07-13T20:13:35.356,42.7
2026-07-13T20:13:35.759,42.5
2026-07-13T20:13:36.162,42.6
2026-07-13T20:13:36.565,54.2
2026-07-13T20:13:36.968,51.7
2026-07-13T20:13:37.370,49.6
2026-07-13T20:13:37.773,48.1
2026-07-13T20:13:38.176,44.4
2026-07-13T20:13:38.579,42.4
2026-07-13T20:13:38.982,42.6
2026-07-13T20:13:39.385,42.6
2026-07-13T20:13:39.788,42.6
2026-07-13T20:13:40.191,42.9
2026-07-13T20:13:40.594,42.9
2026-07-13T20:13:40.997,43.3
2026-07-13T20:13:41.400,42.9
2026-07-13T20:13:41.803,43.2
2026-07-13T20:13:42.206,47.7
2026-07-13T20:13:42.609,51.9
2026-07-13T20:13:43.012,50.4
2026-07-13T20:13:43.415,49.0
2026-07-13T20:13:43.818,47.4
2026-07-13T20:13:44.221,42.9
2026-07-13T20:13:44.624,42.8
2026-07-13T20:13:45.027,47.0
2026-07-13T20:13:45.430,45.9
2026-07-13T20:13:45.832,45.1
2026-07-13T20:13:46.235,44.8
2026-07-13T20:13:46.638,42.7
2026-07-13T20:13:47.041,44.1
2026-07-13T20:13:47.444,44.7
2026-07-13T20:13:47.847,44.3
2026-07-13T20:13:48.250,43.6
2026-07-13T20:13:48.653,43.4
2026-07-13T20:13:49.056,42.3
2026-07-13T20:13:49.459,46.5
2026-07-13T20:13:49.862,46.0
2026-07-13T20:13:50.265,45.2
2026-07-13T20:13:50.668,44.5
2026-07-13T20:13:51.071,43.1
2026-07-13T20:13:51.474,43.2
2026-07-13T20:13:51.877,42.8
2026-07-13T20:13:52.280,42.7
2026-07-13T20:13:52.683,43.0
2026-07-13T20:13:53.085,43.4
2026-07-13T20:13:53.488,45.5
2026-07-13T20:13:53.891,48.9
2026-07-13T20:13:54.294,47.9
2026-07-13T20:13:54.697,47.7
2026-07-13T20:13:55.100,50.1
2026-07-13T20:13:55.503,48.8
2026-07-13T20:13:55.906,47.9
2026-07-13T20:13:56.309,47.4
2026-07-13T20:13:56.712,46.3
2026-07-13T20:13:57.115,48.8
2026-07-13T20:13:57.518,49.7
2026-07-13T20:13:57.921,49.6
2026-07-13T20:13:58.324,50.4
2026-07-13T20:13:58.727,50.4
2026-07-13T20:13:59.130,50.7
2026-07-13T20:13:59.532,50.8
2026-07-13T20:13:59.935,51.1
2026-07-13T20:14:00.338,51.5
2026-07-13T20:14:00.741,51.7
2026-07-13T20:14:01.144,51.8
2026-07-13T20:14:01.547,52.2
2026-07-13T20:14:01.950,52.3
2026-07-13T20:14:02.353,53.0
2026-07-13T20:14:02.756,55.7
2026-07-13T20:14:03.159,55.0
2026-07-13T20:14:03.562,54.5
2026-07-13T20:14:03.965,53.8
2026-07-13T20:14:04.368,52.3
2026-07-13T20:14:04.771,52.5
2026-07-13T20:14:05.174,52.4
2026-07-13T20:14:05.577,52.5
2026-07-13T20:14:05.980,52.4
2026-07-13T20:14:06.383,52.3
2026-07-13T20:14:06.786,52.3
2026-07-13T20:14:07.189,52.0
2026-07-13T20:14:07.592,52.0
2026-07-13T20:14:07.995,51.9
2026-07-13T20:14:08.398,51.9
2026-07-13T20:14:08.801,51.8
2026-07-13T20:14:09.203,52.0
2026-07-13T20:14:09.607,51.7
2026-07-13T20:14:10.009,51.9
2026-07-13T20:14:10.412,51.5
2026-07-13T20:14:10.815,51.3
2026-07-13T20:14:11.218,51.3
2026-07-13T20:14:11.621,51.1
2026-07-13T20:14:12.024,50.9
2026-07-13T20:14:12.427,51.1
2026-07-13T20:14:12.830,51.1
2026-07-13T20:14:13.233,51.5
2026-07-13T20:14:13.636,51.3
2026-07-13T20:14:14.039,51.0
2026-07-13T20:14:14.442,50.7
2026-07-13T20:14:14.845,50.1
2026-07-13T20:14:15.248,50.1
2026-07-13T20:14:15.651,52.2
2026-07-13T20:14:16.054,53.7
2026-07-13T20:14:16.457,53.1
2026-07-13T20:14:16.860,52.5
2026-07-13T20:14:17.263,51.9
2026-07-13T20:14:17.666,49.6
2026-07-13T20:14:18.069,48.9
2026-07-13T20:14:18.472,49.0
2026-07-13T20:14:18.875,51.6
2026-07-13T20:14:19.278,52.4
2026-07-13T20:14:19.681,53.3
2026-07-13T20:14:20.084,52.4
2026-07-13T20:14:20.487,51.1
2026-07-13T20:14:20.890,50.0
2026-07-13T20:14:21.293,46.8
2026-07-13T20:14:21.696,46.1
2026-07-13T20:14:22.099,45.7
2026-07-13T20:14:22.502,45.3
2026-07-13T20:14:22.904,45.1
2026-07-13T20:14:23.308,44.9
2026-07-13T20:14:23.710,45.2
2026-07-13T20:14:24.113,45.1
2026-07-13T20:14:24.516,45.1
2026-07-13T20:14:24.919,44.9
2026-07-13T20:14:25.322,44.9
2026-07-13T20:14:25.725,44.5
2026-07-13T20:14:26.128,48.9
2026-07-13T20:14:26.531,50.0
2026-07-13T20:14:26.934,48.8
2026-07-13T20:14:27.337,47.8
2026-07-13T20:14:27.740,47.0
2026-07-13T20:14:28.143,44.2
2026-07-13T20:14:28.546,44.1
2026-07-13T20:14:28.949,50.0
2026-07-13T20:14:29.352,49.3
2026-07-13T20:14:29.755,48.4
2026-07-13T20:14:30.158,47.9
2026-07-13T20:14:30.561,45.6
2026-07-13T20:14:30.964,44.6
2026-07-13T20:14:31.367,44.3
2026-07-13T20:14:31.770,47.8
2026-07-13T20:14:32.173,60.5
2026-07-13T20:14:32.576,58.6
2026-07-13T20:14:32.979,55.8
2026-07-13T20:14:33.382,55.0
2026-07-13T20:14:33.785,45.1
2026-07-13T20:14:34.188,58.7
2026-07-13T20:14:34.591,56.8
2026-07-13T20:14:34.994,55.1
2026-07-13T20:14:35.397,52.9
2026-07-13T20:14:35.800,44.3
2026-07-13T20:14:36.203,45.4
2026-07-13T20:14:36.606,45.0
2026-07-13T20:14:37.009,46.2
2026-07-13T20:14:37.412,54.8
2026-07-13T20:14:37.815,53.9
2026-07-13T20:14:38.218,51.8
2026-07-13T20:14:38.621,50.2
2026-07-13T20:14:39.024,45.0
2026-07-13T20:14:39.426,48.0
2026-07-13T20:14:39.829,47.7
2026-07-13T20:14:40.232,46.9
2026-07-13T20:14:40.635,46.3
2026-07-13T20:14:41.038,45.0
2026-07-13T20:14:41.441,45.1
2026-07-13T20:14:41.844,45.6
2026-07-13T20:14:42.247,46.2
2026-07-13T20:14:42.650,46.1
2026-07-13T20:14:43.053,46.6
2026-07-13T20:14:43.456,47.1
2026-07-13T20:14:43.859,54.9
2026-07-13T20:14:44.262,57.7
2026-07-13T20:14:44.665,56.7
2026-07-13T20:14:45.068,55.6
2026-07-13T20:14:45.471,54.3
2026-07-13T20:14:45.874,47.2
2026-07-13T20:14:46.277,47.6
2026-07-13T20:14:46.680,48.1
2026-07-13T20:14:47.083,50.1
2026-07-13T20:14:47.486,50.0
2026-07-13T20:14:47.888,50.5
2026-07-13T20:14:48.291,52.2
2026-07-13T20:14:48.694,51.6
2026-07-13T20:14:49.097,51.2
2026-07-13T20:14:49.500,51.2
2026-07-13T20:14:49.903,51.6
2026-07-13T20:14:50.306,51.9
2026-07-13T20:14:50.709,52.2
2026-07-13T20:14:51.112,52.4
2026-07-13T20:14:51.515,52.8
2026-07-13T20:14:51.918,53.1
2026-07-13T20:14:52.321,53.1
2026-07-13T20:14:52.724,53.5
2026-07-13T20:14:53.127,53.4
2026-07-13T20:14:53.530,53.8
2026-07-13T20:14:53.933,53.5
2026-07-13T20:14:54.336,53.7
2026-07-13T20:14:54.738,53.8
2026-07-13T20:14:55.141,53.9
2026-07-13T20:14:55.544,53.7
2026-07-13T20:14:55.947,53.7
2026-07-13T20:14:56.350,53.7
2026-07-13T20:14:56.753,53.6
2026-07-13T20:14:57.156,53.6
2026-07-13T20:14:57.559,53.2
2026-07-13T20:14:57.962,53.1
2026-07-13T20:14:58.365,53.3
2026-07-13T20:14:58.768,53.2
2026-07-13T20:14:59.171,53.1
2026-07-13T20:14:59.574,53.2
2026-07-13T20:14:59.977,53.0
2026-07-13T20:15:00.380,53.3
2026-07-13T20:15:00.783,53.0
2026-07-13T20:15:01.186,53.0
2026-07-13T20:15:01.589,52.9
2026-07-13T20:15:01.992,53.3
2026-07-13T20:15:02.395,53.0
2026-07-13T20:15:02.798,52.9
2026-07-13T20:15:03.200,52.9
2026-07-13T20:15:03.603,52.9
2026-07-13T20:15:04.006,52.8
2026-07-13T20:15:04.409,52.5
2026-07-13T20:15:04.812,52.6
2026-07-13T20:15:05.215,52.7
2026-07-13T20:15:05.618,52.5
2026-07-13T20:15:06.021,52.3
2026-07-13T20:15:06.424,52.1
2026-07-13T20:15:06.827,51.2
2026-07-13T20:15:07.230,50.9
2026-07-13T20:15:07.633,50.6
2026-07-13T20:15:08.036,50.4
2026-07-13T20:15:08.439,50.2
2026-07-13T20:15:08.842,50.0
2026-07-13T20:15:09.245,50.0
2026-07-13T20:15:09.648,50.1
2026-07-13T20:15:10.051,49.5
2026-07-13T20:15:10.454,48.9
2026-07-13T20:15:10.857,48.3
2026-07-13T20:15:11.260,46.6
2026-07-13T20:15:11.662,45.7
2026-07-13T20:15:12.065,45.6
2026-07-13T20:15:12.468,45.1
2026-07-13T20:15:12.871,45.3
2026-07-13T20:15:13.274,45.0
2026-07-13T20:15:13.677,44.6
2026-07-13T20:15:14.080,44.4
2026-07-13T20:15:14.483,43.6
2026-07-13T20:15:14.886,43.6
2026-07-13T20:15:15.289,44.2
2026-07-13T20:15:15.692,44.8
2026-07-13T20:15:16.095,44.4
2026-07-13T20:15:16.498,43.9
2026-07-13T20:15:16.901,43.8
2026-07-13T20:15:17.304,45.4
2026-07-13T20:15:17.707,45.9
2026-07-13T20:15:18.110,45.3
2026-07-13T20:15:18.513,45.3
2026-07-13T20:15:18.916,44.8
2026-07-13T20:15:19.319,44.6
2026-07-13T20:15:19.721,44.2
2026-07-13T20:15:20.124,43.0
2026-07-13T20:15:20.527,42.4
2026-07-13T20:15:20.930,42.7
2026-07-13T20:15:21.333,42.6
2026-07-13T20:15:21.736,42.7
2026-07-13T20:15:22.139,42.7
2026-07-13T20:15:22.542,42.8
2026-07-13T20:15:22.945,42.7
2026-07-13T20:15:23.348,42.7
2026-07-13T20:15:23.751,42.4
2026-07-13T20:15:24.154,42.5
2026-07-13T20:15:24.557,42.2
2026-07-13T20:15:24.960,42.4
2026-07-13T20:15:25.363,42.3
2026-07-13T20:15:25.766,42.2
2026-07-13T20:15:26.169,42.5
2026-07-13T20:15:26.572,42.4
2026-07-13T20:15:26.975,42.2
2026-07-13T20:15:27.378,42.1
2026-07-13T20:15:27.781,42.3
2026-07-13T20:15:28.184,42.4
2026-07-13T20:15:28.586,42.2
2026-07-13T20:15:28.989,42.4
2026-07-13T20:15:29.392,42.3
2026-07-13T20:15:29.795,42.1
2026-07-13T20:15:30.198,42.2
2026-07-13T20:15:30.601,42.3
2026-07-13T20:15:31.004,42.9
2026-07-13T20:15:31.407,42.5
2026-07-13T20:15:31.810,42.7
2026-07-13T20:15:32.213,42.8
2026-07-13T20:15:32.616,42.6
2026-07-13T20:15:33.019,42.2
2026-07-13T20:15:33.422,42.2
2026-07-13T20:15:33.825,42.1
2026-07-13T20:15:34.228,42.4
2026-07-13T20:15:34.631,42.5
2026-07-13T20:15:35.034,43.2
2026-07-13T20:15:35.437,43.0
2026-07-13T20:15:35.840,42.8
2026-07-13T20:15:36.243,42.5
2026-07-13T20:15:36.646,42.6
2026-07-13T20:15:37.048,42.6
2026-07-13T20:15:37.451,42.9
2026-07-13T20:15:37.854,42.8
2026-07-13T20:15:38.257,42.4
2026-07-13T20:15:38.660,43.2
2026-07-13T20:15:39.063,43.1
2026-07-13T20:15:39.466,43.5
2026-07-13T20:15:39.869,43.4
2026-07-13T20:15:40.272,43.0
2026-07-13T20:15:40.675,43.1
2026-07-13T20:15:41.078,43.9
2026-07-13T20:15:41.481,43.5
2026-07-13T20:15:41.884,43.6
2026-07-13T20:15:42.287,43.3
2026-07-13T20:15:42.690,43.1
2026-07-13T20:15:43.093,44.0
2026-07-13T20:15:43.496,45.0
2026-07-13T20:15:43.899,44.8
2026-07-13T20:15:44.302,44.1
2026-07-13T20:15:44.705,43.6
2026-07-13T20:15:45.108,42.2
2026-07-13T20:15:45.511,42.1
2026-07-13T20:15:45.914,42.2
2026-07-13T20:15:46.317,42.4
2026-07-13T20:15:46.720,42.6
2026-07-13T20:15:47.123,42.5
2026-07-13T20:15:47.526,42.4
2026-07-13T20:15:47.929,42.5
2026-07-13T20:15:48.331,42.3
2026-07-13T20:15:48.734,42.2
2026-07-13T20:15:49.137,42.3
2026-07-13T20:15:49.540,42.3
2026-07-13T20:15:49.943,42.2
2026-07-13T20:15:50.346,42.3
2026-07-13T20:15:50.749,42.2
2026-07-13T20:15:51.152,42.8
2026-07-13T20:15:51.555,42.7
2026-07-13T20:15:51.958,43.3
2026-07-13T20:15:52.361,45.5
2026-07-13T20:15:52.764,45.1
2026-07-13T20:15:53.167,44.5
2026-07-13T20:15:53.570,44.1
2026-07-13T20:15:53.973,43.8
2026-07-13T20:15:54.376,44.5
2026-07-13T20:15:54.779,43.9
2026-07-13T20:15:55.182,43.6
2026-07-13T20:15:55.585,43.1
2026-07-13T20:15:55.988,46.9
2026-07-13T20:15:56.391,46.5
2026-07-13T20:15:56.794,45.6
2026-07-13T20:15:57.197,45.1
2026-07-13T20:15:57.600,42.7
2026-07-13T20:15:58.002,42.2
2026-07-13T20:15:58.405,42.3
2026-07-13T20:15:58.808,42.6
2026-07-13T20:15:59.211,42.5
2026-07-13T20:15:59.614,43.1
2026-07-13T20:16:00.017,43.9
2026-07-13T20:16:00.420,43.5
2026-07-13T20:16:00.824,47.0
2026-07-13T20:16:01.226,46.2
2026-07-13T20:16:01.629,45.5
2026-07-13T20:16:02.032,44.6
2026-07-13T20:16:02.435,43.1
2026-07-13T20:16:02.838,44.2
2026-07-13T20:16:03.241,45.6
2026-07-13T20:16:03.644,45.5
2026-07-13T20:16:04.047,44.8
2026-07-13T20:16:04.450,44.1
2026-07-13T20:16:04.853,42.5
2026-07-13T20:16:05.256,42.3
2026-07-13T20:16:05.659,42.3
2026-07-13T20:16:06.062,42.5
2026-07-13T20:16:06.465,42.3
2026-07-13T20:16:06.868,42.3
2026-07-13T20:16:07.271,42.8
2026-07-13T20:16:07.674,42.5
2026-07-13T20:16:08.077,42.1
2026-07-13T20:16:08.480,42.1
2026-07-13T20:16:08.883,42.4
2026-07-13T20:16:09.286,42.3
2026-07-13T20:16:09.689,42.6
2026-07-13T20:16:10.092,42.4
2026-07-13T20:16:10.495,42.5
2026-07-13T20:16:10.898,42.4
2026-07-13T20:16:11.301,42.3
2026-07-13T20:16:11.704,42.4
2026-07-13T20:16:12.107,42.2
2026-07-13T20:16:12.510,42.4
2026-07-13T20:16:12.913,42.5
2026-07-13T20:16:13.316,43.0
2026-07-13T20:16:13.719,42.9
2026-07-13T20:16:14.122,42.6
2026-07-13T20:16:14.525,42.6
2026-07-13T20:16:14.928,42.4
2026-07-13T20:16:15.331,43.5
2026-07-13T20:16:15.734,43.1
2026-07-13T20:16:16.137,42.9
2026-07-13T20:16:16.540,43.2
2026-07-13T20:16:16.943,43.1
2026-07-13T20:16:17.346,45.3
2026-07-13T20:16:17.749,47.5
2026-07-13T20:16:18.152,46.3
2026-07-13T20:16:18.555,45.5
2026-07-13T20:16:18.958,44.9
2026-07-13T20:16:19.361,43.1
2026-07-13T20:16:19.764,43.6
2026-07-13T20:16:20.167,43.2
2026-07-13T20:16:20.570,43.1
2026-07-13T20:16:20.973,43.0
2026-07-13T20:16:21.376,42.6
2026-07-13T20:16:21.779,42.7
2026-07-13T20:16:22.182,42.8
2026-07-13T20:16:22.585,42.7
2026-07-13T20:16:22.988,42.5
2026-07-13T20:16:23.391,42.6
2026-07-13T20:16:23.794,42.5
2026-07-13T20:16:24.197,42.7
2026-07-13T20:16:24.600,44.7
2026-07-13T20:16:25.003,49.2
2026-07-13T20:16:25.406,48.1
2026-07-13T20:16:25.809,46.7
2026-07-13T20:16:26.212,45.7
2026-07-13T20:16:26.615,42.8
2026-07-13T20:16:27.018,42.9
2026-07-13T20:16:27.421,42.9
2026-07-13T20:16:27.824,42.9
2026-07-13T20:16:28.227,44.9
2026-07-13T20:16:28.630,44.4
2026-07-13T20:16:29.033,44.5
2026-07-13T20:16:29.436,44.1
2026-07-13T20:16:29.839,50.0
2026-07-13T20:16:30.242,48.8
2026-07-13T20:16:30.645,47.4
2026-07-13T20:16:31.048,46.4
2026-07-13T20:16:31.451,42.9
2026-07-13T20:16:31.854,43.0
2026-07-13T20:16:32.257,42.8
2026-07-13T20:16:32.660,42.9
2026-07-13T20:16:33.063,42.7
2026-07-13T20:16:33.466,42.7
2026-07-13T20:16:33.869,42.4
2026-07-13T20:16:34.272,42.7
2026-07-13T20:16:34.675,42.6
2026-07-13T20:16:35.078,42.6
2026-07-13T20:16:35.480,42.4
2026-07-13T20:16:35.883,42.7
2026-07-13T20:16:36.286,42.4
2026-07-13T20:16:36.689,42.4
2026-07-13T20:16:37.092,42.4
2026-07-13T20:16:37.495,42.7
2026-07-13T20:16:37.898,43.3
2026-07-13T20:16:38.301,52.3
2026-07-13T20:16:38.704,56.1
2026-07-13T20:16:39.107,54.2
2026-07-13T20:16:39.510,51.8
2026-07-13T20:16:39.913,50.0
2026-07-13T20:16:40.316,42.7
2026-07-13T20:16:40.719,42.7
2026-07-13T20:16:41.122,43.2
2026-07-13T20:16:41.525,43.3
2026-07-13T20:16:41.928,43.0
2026-07-13T20:16:42.331,43.0
2026-07-13T20:16:42.734,43.0
2026-07-13T20:16:43.137,43.6
2026-07-13T20:16:43.540,43.2
2026-07-13T20:16:43.943,43.4
2026-07-13T20:16:44.346,43.6
2026-07-13T20:16:44.749,43.6
2026-07-13T20:16:45.152,43.3
2026-07-13T20:16:45.555,43.4
2026-07-13T20:16:45.958,43.1
2026-07-13T20:16:46.361,43.1
2026-07-13T20:16:46.764,43.0
2026-07-13T20:16:47.167,43.2
2026-07-13T20:16:47.570,42.8
2026-07-13T20:16:47.973,42.9
2026-07-13T20:16:48.376,42.6
2026-07-13T20:16:48.779,43.3
2026-07-13T20:16:49.182,43.1
2026-07-13T20:16:49.585,43.2
2026-07-13T20:16:49.988,43.0
2026-07-13T20:16:50.391,43.3
2026-07-13T20:16:50.794,43.2
2026-07-13T20:16:51.197,42.9
2026-07-13T20:16:51.600,42.9
2026-07-13T20:16:52.003,43.4
2026-07-13T20:16:52.406,43.4
2026-07-13T20:16:52.809,43.1
2026-07-13T20:16:53.212,43.4
2026-07-13T20:16:53.615,47.4
2026-07-13T20:16:54.018,47.2
2026-07-13T20:16:54.421,47.2
2026-07-13T20:16:54.824,46.3
2026-07-13T20:16:55.227,45.6
2026-07-13T20:16:55.630,50.3
2026-07-13T20:16:56.033,50.1
2026-07-13T20:16:56.436,49.3
2026-07-13T20:16:56.839,48.2
2026-07-13T20:16:57.242,43.7
2026-07-13T20:16:57.645,43.6
2026-07-13T20:16:58.048,43.5
2026-07-13T20:16:58.451,43.3
2026-07-13T20:16:58.854,43.5
2026-07-13T20:16:59.257,43.6
2026-07-13T20:16:59.660,44.5
2026-07-13T20:17:00.063,43.9
2026-07-13T20:17:00.466,43.7
2026-07-13T20:17:00.869,44.8
2026-07-13T20:17:01.272,45.7
2026-07-13T20:17:01.675,46.8
2026-07-13T20:17:02.078,46.0
2026-07-13T20:17:02.481,45.9
2026-07-13T20:17:02.884,45.6
2026-07-13T20:17:03.287,44.8
2026-07-13T20:17:03.690,43.7
2026-07-13T20:17:04.093,44.0
2026-07-13T20:17:04.496,43.9
2026-07-13T20:17:04.899,45.0
2026-07-13T20:17:05.302,45.3
2026-07-13T20:17:05.705,45.9
2026-07-13T20:17:06.108,46.9
2026-07-13T20:17:06.511,47.5
2026-07-13T20:17:06.914,48.4
2026-07-13T20:17:07.317,49.8
2026-07-13T20:17:07.720,50.0
2026-07-13T20:17:08.123,50.5
2026-07-13T20:17:08.526,50.7
2026-07-13T20:17:08.928,50.9
2026-07-13T20:17:09.331,51.1
2026-07-13T20:17:09.734,51.4
2026-07-13T20:17:10.137,51.7
2026-07-13T20:17:10.540,51.9
2026-07-13T20:17:10.943,51.8
2026-07-13T20:17:11.346,52.0
2026-07-13T20:17:11.749,52.0
2026-07-13T20:17:12.152,52.3
2026-07-13T20:17:12.555,52.2
2026-07-13T20:17:12.959,52.2
2026-07-13T20:17:13.361,52.3
2026-07-13T20:17:13.764,52.2
2026-07-13T20:17:14.167,52.3
2026-07-13T20:17:14.570,52.2
2026-07-13T20:17:14.973,52.3
2026-07-13T20:17:15.376,51.9
2026-07-13T20:17:15.779,52.0
2026-07-13T20:17:16.182,52.0
2026-07-13T20:17:16.585,52.1
2026-07-13T20:17:16.987,52.1
2026-07-13T20:17:17.390,51.9
2026-07-13T20:17:17.793,51.9
2026-07-13T20:17:18.196,51.9
2026-07-13T20:17:18.599,51.7
2026-07-13T20:17:19.002,51.9
2026-07-13T20:17:19.405,52.7
2026-07-13T20:17:19.808,53.3
2026-07-13T20:17:20.211,52.9
2026-07-13T20:17:20.614,52.5
2026-07-13T20:17:21.017,52.0
2026-07-13T20:17:21.420,51.4
2026-07-13T20:17:21.823,51.5
2026-07-13T20:17:22.226,51.2
2026-07-13T20:17:22.629,51.0
2026-07-13T20:17:23.032,50.9
2026-07-13T20:17:23.435,50.9
2026-07-13T20:17:23.837,50.6
2026-07-13T20:17:24.240,50.7
2026-07-13T20:17:24.643,50.6
2026-07-13T20:17:25.046,50.4
2026-07-13T20:17:25.449,50.2
2026-07-13T20:17:25.852,50.2
2026-07-13T20:17:26.255,50.0
2026-07-13T20:17:26.658,49.7
2026-07-13T20:17:27.061,49.5
2026-07-13T20:17:27.464,48.1
2026-07-13T20:17:27.867,48.3
2026-07-13T20:17:28.270,47.9
2026-07-13T20:17:28.673,47.4
2026-07-13T20:17:29.076,46.8
2026-07-13T20:17:29.479,45.7
2026-07-13T20:17:29.882,45.5
2026-07-13T20:17:30.286,45.5
2026-07-13T20:17:30.688,45.0
2026-07-13T20:17:31.091,44.8
2026-07-13T20:17:31.494,44.3
2026-07-13T20:17:31.896,44.1
2026-07-13T20:17:32.300,43.9
2026-07-13T20:17:32.702,43.4
2026-07-13T20:17:33.105,43.5
2026-07-13T20:17:33.508,43.3
2026-07-13T20:17:33.911,43.0
2026-07-13T20:17:34.314,43.0
2026-07-13T20:17:34.717,43.4
2026-07-13T20:17:35.120,43.5
2026-07-13T20:17:35.523,43.4
2026-07-13T20:17:35.926,43.1
2026-07-13T20:17:36.329,43.2
2026-07-13T20:17:36.732,42.8
2026-07-13T20:17:37.135,43.0
2026-07-13T20:17:37.538,42.7
2026-07-13T20:17:37.941,42.8
2026-07-13T20:17:38.344,42.4
2026-07-13T20:17:38.747,42.4
2026-07-13T20:17:39.150,42.4
2026-07-13T20:17:39.553,42.2
2026-07-13T20:17:39.956,42.2
2026-07-13T20:17:40.359,42.0
2026-07-13T20:17:40.762,42.1
2026-07-13T20:17:41.165,42.3
2026-07-13T20:17:41.568,42.5
2026-07-13T20:17:41.971,42.3
2026-07-13T20:17:42.374,42.1
2026-07-13T20:17:42.777,42.5
2026-07-13T20:17:43.180,42.5
2026-07-13T20:17:43.583,42.5
2026-07-13T20:17:43.986,42.3
2026-07-13T20:17:44.389,42.7
2026-07-13T20:17:44.792,42.4
2026-07-13T20:17:45.195,44.5
2026-07-13T20:17:45.598,43.8
2026-07-13T20:17:46.001,43.4
2026-07-13T20:17:46.404,43.1
2026-07-13T20:17:46.807,42.2
2026-07-13T20:17:47.210,42.7
2026-07-13T20:17:47.613,42.5
2026-07-13T20:17:48.016,42.6
2026-07-13T20:17:48.419,42.6
2026-07-13T20:17:48.822,42.7
2026-07-13T20:17:49.225,42.8
2026-07-13T20:17:49.628,42.5
2026-07-13T20:17:50.031,42.8
2026-07-13T20:17:50.434,42.7
2026-07-13T20:17:50.836,43.0
2026-07-13T20:17:51.239,42.8
2026-07-13T20:17:51.642,43.1
2026-07-13T20:17:52.045,43.9
2026-07-13T20:17:52.448,44.1
2026-07-13T20:17:52.851,45.0
2026-07-13T20:17:53.254,45.9
2026-07-13T20:17:53.657,45.6
2026-07-13T20:17:54.060,46.1
2026-07-13T20:17:54.463,46.8
2026-07-13T20:17:54.866,48.3
2026-07-13T20:17:55.269,48.8
2026-07-13T20:17:55.672,49.4
2026-07-13T20:17:56.075,50.1
2026-07-13T20:17:56.478,50.8
2026-07-13T20:17:56.881,51.2
2026-07-13T20:17:57.286,51.5
2026-07-13T20:17:57.687,51.3
2026-07-13T20:17:58.090,51.7
2026-07-13T20:17:58.493,52.0
2026-07-13T20:17:58.896,52.0
2026-07-13T20:17:59.299,52.2
2026-07-13T20:17:59.702,52.3
2026-07-13T20:18:00.105,52.4
2026-07-13T20:18:00.508,52.2
2026-07-13T20:18:00.911,52.4
2026-07-13T20:18:01.315,52.5
2026-07-13T20:18:01.717,52.4
2026-07-13T20:18:02.120,52.8
2026-07-13T20:18:02.523,52.8
2026-07-13T20:18:02.926,52.8
2026-07-13T20:18:03.329,53.2
2026-07-13T20:18:03.732,53.1
2026-07-13T20:18:04.135,52.9
2026-07-13T20:18:04.538,52.8
2026-07-13T20:18:04.941,52.6
2026-07-13T20:18:05.344,52.7
2026-07-13T20:18:05.747,52.3
2026-07-13T20:18:06.150,52.4
2026-07-13T20:18:06.553,52.4
2026-07-13T20:18:06.956,52.2
2026-07-13T20:18:07.359,52.1
2026-07-13T20:18:07.762,52.3
2026-07-13T20:18:08.165,52.4
2026-07-13T20:18:08.568,52.1
2026-07-13T20:18:08.971,52.1
2026-07-13T20:18:09.374,52.1
2026-07-13T20:18:09.777,52.1
2026-07-13T20:18:10.180,52.0
2026-07-13T20:18:10.583,51.8
2026-07-13T20:18:10.986,51.9
2026-07-13T20:18:11.389,53.6
2026-07-13T20:18:11.792,53.1
2026-07-13T20:18:12.194,52.5
2026-07-13T20:18:12.597,53.8
2026-07-13T20:18:13.000,55.8
2026-07-13T20:18:13.403,54.7
2026-07-13T20:18:13.806,54.0
2026-07-13T20:18:14.209,53.2
2026-07-13T20:18:14.612,52.9
2026-07-13T20:18:15.015,50.5
2026-07-13T20:18:15.418,50.1
2026-07-13T20:18:15.821,50.0
2026-07-13T20:18:16.224,49.9
2026-07-13T20:18:16.627,50.2
2026-07-13T20:18:17.030,49.6
2026-07-13T20:18:17.433,49.0
2026-07-13T20:18:17.836,48.4
2026-07-13T20:18:18.239,46.0
2026-07-13T20:18:18.642,46.2
2026-07-13T20:18:19.045,45.9
2026-07-13T20:18:19.448,45.6
2026-07-13T20:18:19.851,46.0
2026-07-13T20:18:20.254,45.7
2026-07-13T20:18:20.657,46.7
2026-07-13T20:18:21.060,46.5
2026-07-13T20:18:21.463,48.1
2026-07-13T20:18:21.866,47.4
2026-07-13T20:18:22.269,46.6
2026-07-13T20:18:22.672,45.7
2026-07-13T20:18:23.075,43.0
2026-07-13T20:18:23.478,43.3
2026-07-13T20:18:23.881,43.0
2026-07-13T20:18:24.286,42.9
2026-07-13T20:18:24.687,43.1
2026-07-13T20:18:25.090,43.0
2026-07-13T20:18:25.493,42.8
2026-07-13T20:18:25.896,42.6
2026-07-13T20:18:26.299,43.0
2026-07-13T20:18:26.702,42.8
2026-07-13T20:18:27.105,43.1
2026-07-13T20:18:27.508,42.9
2026-07-13T20:18:27.911,42.9
2026-07-13T20:18:28.314,42.8
2026-07-13T20:18:28.717,42.6
2026-07-13T20:18:29.120,42.7
2026-07-13T20:18:29.523,42.6
2026-07-13T20:18:29.926,42.6
2026-07-13T20:18:30.329,43.2
2026-07-13T20:18:30.732,42.9
2026-07-13T20:18:31.135,42.5
2026-07-13T20:18:31.538,42.5
2026-07-13T20:18:31.941,42.4
2026-07-13T20:18:32.344,42.4
2026-07-13T20:18:32.747,42.6
2026-07-13T20:18:33.150,43.0
2026-07-13T20:18:33.553,42.6
2026-07-13T20:18:33.956,42.8
2026-07-13T20:18:34.359,42.6
2026-07-13T20:18:34.762,43.0
2026-07-13T20:18:35.165,56.6
2026-07-13T20:18:35.568,53.8
2026-07-13T20:18:35.971,52.5
2026-07-13T20:18:36.374,50.4
2026-07-13T20:18:36.777,42.9
2026-07-13T20:18:37.180,44.1
2026-07-13T20:18:37.583,43.8
2026-07-13T20:18:37.986,43.4
2026-07-13T20:18:38.389,43.3
2026-07-13T20:18:38.792,42.9
2026-07-13T20:18:39.195,42.5
2026-07-13T20:18:39.598,42.6
2026-07-13T20:18:40.001,42.6
2026-07-13T20:18:40.404,42.6
2026-07-13T20:18:40.806,42.6
2026-07-13T20:18:41.209,43.0
2026-07-13T20:18:41.613,42.7
2026-07-13T20:18:42.015,42.6
2026-07-13T20:18:42.418,42.7
2026-07-13T20:18:42.821,42.9
2026-07-13T20:18:43.224,42.5
2026-07-13T20:18:43.627,42.8
2026-07-13T20:18:44.030,42.4
2026-07-13T20:18:44.433,42.6
2026-07-13T20:18:44.836,42.6
2026-07-13T20:18:45.239,42.2
2026-07-13T20:18:45.642,42.4
2026-07-13T20:18:46.045,42.5
2026-07-13T20:18:46.448,42.5
2026-07-13T20:18:46.851,42.4
2026-07-13T20:18:47.254,42.4
2026-07-13T20:18:47.657,42.3
2026-07-13T20:18:48.060,42.4
2026-07-13T20:18:48.463,42.6
2026-07-13T20:18:48.866,42.4
2026-07-13T20:18:49.269,42.6
2026-07-13T20:18:49.672,43.1
2026-07-13T20:18:50.075,42.8
2026-07-13T20:18:50.479,42.9
2026-07-13T20:18:50.881,43.0
2026-07-13T20:18:51.286,43.1
2026-07-13T20:18:51.687,42.8
2026-07-13T20:18:52.090,43.1
2026-07-13T20:18:52.493,42.7
2026-07-13T20:18:52.896,43.0
2026-07-13T20:18:53.300,50.8
2026-07-13T20:18:53.702,50.6
2026-07-13T20:18:54.105,48.8
2026-07-13T20:18:54.508,47.2
2026-07-13T20:18:54.911,42.4
2026-07-13T20:18:55.314,42.7
2026-07-13T20:18:55.717,42.6
2026-07-13T20:18:56.120,42.5
2026-07-13T20:18:56.523,42.6
2026-07-13T20:18:56.926,42.7
2026-07-13T20:18:57.329,42.4
2026-07-13T20:18:57.732,42.6
2026-07-13T20:18:58.135,42.6
2026-07-13T20:18:58.538,42.3
2026-07-13T20:18:58.941,42.6
2026-07-13T20:18:59.344,42.7
2026-07-13T20:18:59.747,42.8
2026-07-13T20:19:00.150,42.6
2026-07-13T20:19:00.553,44.0
2026-07-13T20:19:00.956,44.1
2026-07-13T20:19:01.359,43.9
2026-07-13T20:19:01.762,43.7
2026-07-13T20:19:02.165,43.6
2026-07-13T20:19:02.568,44.0
2026-07-13T20:19:02.970,44.0
2026-07-13T20:19:03.373,44.1
2026-07-13T20:19:03.776,44.6
2026-07-13T20:19:04.179,45.4
2026-07-13T20:19:04.582,45.5
2026-07-13T20:19:04.985,45.9
2026-07-13T20:19:05.388,46.3
2026-07-13T20:19:05.791,46.7
2026-07-13T20:19:06.194,46.9
2026-07-13T20:19:06.597,47.5
2026-07-13T20:19:07.000,47.6
2026-07-13T20:19:07.403,48.0
2026-07-13T20:19:07.806,48.4
2026-07-13T20:19:08.209,48.3
2026-07-13T20:19:08.612,50.4
2026-07-13T20:19:09.015,51.0
2026-07-13T20:19:09.418,50.7
2026-07-13T20:19:09.821,50.3
2026-07-13T20:19:10.224,50.0
2026-07-13T20:19:10.627,50.1
2026-07-13T20:19:11.030,50.1
2026-07-13T20:19:11.433,50.2
2026-07-13T20:19:11.836,50.2
2026-07-13T20:19:12.239,50.4
2026-07-13T20:19:12.642,50.0
2026-07-13T20:19:13.045,49.7
2026-07-13T20:19:13.448,49.6
2026-07-13T20:19:13.851,49.8
2026-07-13T20:19:14.254,49.8
2026-07-13T20:19:14.657,49.4
2026-07-13T20:19:15.059,49.1
2026-07-13T20:19:15.462,48.6
2026-07-13T20:19:15.865,48.3
2026-07-13T20:19:16.268,48.6
2026-07-13T20:19:16.671,48.7
2026-07-13T20:19:17.074,48.5
2026-07-13T20:19:17.477,48.2
2026-07-13T20:19:17.880,48.4
2026-07-13T20:19:18.287,48.3
2026-07-13T20:19:18.686,48.5
2026-07-13T20:19:19.089,60.9
2026-07-13T20:19:19.492,61.5
2026-07-13T20:19:19.895,61.7
2026-07-13T20:19:20.298,59.6
2026-07-13T20:19:20.701,57.8
2026-07-13T20:19:21.104,55.6
2026-07-13T20:19:21.507,49.9
2026-07-13T20:19:21.910,47.0
2026-07-13T20:19:22.313,46.7
2026-07-13T20:19:22.716,50.2
2026-07-13T20:19:23.119,49.0
2026-07-13T20:19:23.522,48.0
2026-07-13T20:19:23.925,47.1
2026-07-13T20:19:24.328,45.2
2026-07-13T20:19:24.731,44.7
2026-07-13T20:19:25.134,44.5
2026-07-13T20:19:25.537,45.1
2026-07-13T20:19:25.939,44.8
2026-07-13T20:19:26.342,44.6
2026-07-13T20:19:26.745,44.3
2026-07-13T20:19:27.148,44.9
2026-07-13T20:19:27.551,44.5
2026-07-13T20:19:27.954,44.4
2026-07-13T20:19:28.357,44.1
2026-07-13T20:19:28.760,44.7
2026-07-13T20:19:29.163,47.7
2026-07-13T20:19:29.566,46.7
2026-07-13T20:19:29.969,46.2
2026-07-13T20:19:30.372,51.0
2026-07-13T20:19:30.775,51.7
2026-07-13T20:19:31.178,49.8
2026-07-13T20:19:31.581,48.3
2026-07-13T20:19:31.984,47.4
2026-07-13T20:19:32.387,44.6
2026-07-13T20:19:32.790,44.0
2026-07-13T20:19:33.193,43.8
2026-07-13T20:19:33.596,43.4
2026-07-13T20:19:33.999,43.6
2026-07-13T20:19:34.402,47.1
2026-07-13T20:19:34.805,46.3
2026-07-13T20:19:35.208,45.5
2026-07-13T20:19:35.611,44.7
2026-07-13T20:19:36.014,43.3
2026-07-13T20:19:36.417,43.1
2026-07-13T20:19:36.819,43.5
2026-07-13T20:19:37.222,43.7
2026-07-13T20:19:37.625,43.3
2026-07-13T20:19:38.028,44.4
2026-07-13T20:19:38.431,44.9
2026-07-13T20:19:38.834,44.6
2026-07-13T20:19:39.237,44.1
2026-07-13T20:19:39.640,43.6
2026-07-13T20:19:40.043,43.7
2026-07-13T20:19:40.446,43.4
2026-07-13T20:19:40.849,43.3
2026-07-13T20:19:41.252,43.2
2026-07-13T20:19:41.655,43.4
2026-07-13T20:19:42.058,43.3
2026-07-13T20:19:42.461,43.2
2026-07-13T20:19:42.864,43.9
2026-07-13T20:19:43.267,43.6
2026-07-13T20:19:43.670,43.5
2026-07-13T20:19:44.073,43.2
2026-07-13T20:19:44.476,43.4
2026-07-13T20:19:44.879,43.3
2026-07-13T20:19:45.282,43.7
2026-07-13T20:19:45.685,44.5
2026-07-13T20:19:46.088,44.8
2026-07-13T20:19:46.491,45.8
2026-07-13T20:19:46.894,46.4
2026-07-13T20:19:47.297,46.2
2026-07-13T20:19:47.700,45.8
2026-07-13T20:19:48.103,45.7
2026-07-13T20:19:48.506,45.1
2026-07-13T20:19:48.908,44.7
2026-07-13T20:19:49.312,44.1
2026-07-13T20:19:49.714,44.1
2026-07-13T20:19:50.117,44.2
2026-07-13T20:19:50.520,43.8
2026-07-13T20:19:50.923,43.7
2026-07-13T20:19:51.326,43.7
2026-07-13T20:19:51.729,43.3
2026-07-13T20:19:52.132,43.4
2026-07-13T20:19:52.535,43.3
2026-07-13T20:19:52.938,43.3
2026-07-13T20:19:53.341,43.2
2026-07-13T20:19:53.744,43.6
2026-07-13T20:19:54.147,43.3
2026-07-13T20:19:54.550,44.6
2026-07-13T20:19:54.953,44.4
2026-07-13T20:19:55.356,43.9
2026-07-13T20:19:55.759,43.8
2026-07-13T20:19:56.162,43.5
2026-07-13T20:19:56.565,43.0
2026-07-13T20:19:56.967,43.0
2026-07-13T20:19:57.370,43.1
2026-07-13T20:19:57.773,43.2
2026-07-13T20:19:58.176,43.0
2026-07-13T20:19:58.579,42.6
2026-07-13T20:19:58.982,43.4
2026-07-13T20:19:59.385,50.3
2026-07-13T20:19:59.788,49.8
2026-07-13T20:20:00.191,48.3
2026-07-13T20:20:00.594,47.2
2026-07-13T20:20:00.997,43.2
2026-07-13T20:20:01.400,43.4
2026-07-13T20:20:01.803,43.3
2026-07-13T20:20:02.206,43.1
2026-07-13T20:20:02.609,43.5
2026-07-13T20:20:03.012,43.9
2026-07-13T20:20:03.415,44.1
2026-07-13T20:20:03.818,44.4
2026-07-13T20:20:04.221,44.0
2026-07-13T20:20:04.624,47.7
2026-07-13T20:20:05.027,47.1
2026-07-13T20:20:05.430,47.3
2026-07-13T20:20:05.832,46.2
2026-07-13T20:20:06.235,45.3
2026-07-13T20:20:06.638,45.2
2026-07-13T20:20:07.041,43.9
2026-07-13T20:20:07.444,45.5
2026-07-13T20:20:07.847,46.2
2026-07-13T20:20:08.250,45.9
2026-07-13T20:20:08.653,49.1
2026-07-13T20:20:09.056,48.1
2026-07-13T20:20:09.459,47.4
2026-07-13T20:20:09.862,46.8
2026-07-13T20:20:10.265,46.9
2026-07-13T20:20:10.668,46.4
2026-07-13T20:20:11.071,50.4
2026-07-13T20:20:11.474,51.6
2026-07-13T20:20:11.877,49.8
2026-07-13T20:20:12.280,48.5
2026-07-13T20:20:12.683,47.2
2026-07-13T20:20:13.086,50.3
2026-07-13T20:20:13.489,49.5
2026-07-13T20:20:13.892,48.5
2026-07-13T20:20:14.295,47.6
2026-07-13T20:20:14.698,46.6
2026-07-13T20:20:15.101,45.8
2026-07-13T20:20:15.503,45.4
2026-07-13T20:20:15.906,42.9
2026-07-13T20:20:16.309,43.5
2026-07-13T20:20:16.712,43.3
2026-07-13T20:20:17.115,43.5
2026-07-13T20:20:17.518,43.7
2026-07-13T20:20:17.921,43.7
2026-07-13T20:20:18.324,43.4
2026-07-13T20:20:18.727,43.2
2026-07-13T20:20:19.130,42.9
2026-07-13T20:20:19.533,42.7
2026-07-13T20:20:19.936,46.3
2026-07-13T20:20:20.339,45.8
2026-07-13T20:20:20.742,45.1
2026-07-13T20:20:21.145,44.6
2026-07-13T20:20:21.548,42.7
2026-07-13T20:20:21.951,43.3
2026-07-13T20:20:22.354,43.1
2026-07-13T20:20:22.757,43.1
2026-07-13T20:20:23.160,43.0
2026-07-13T20:20:23.563,43.5
2026-07-13T20:20:23.966,43.5
2026-07-13T20:20:24.369,43.3
2026-07-13T20:20:24.772,43.2
2026-07-13T20:20:25.175,43.0
2026-07-13T20:20:25.578,43.4
2026-07-13T20:20:25.981,43.9
2026-07-13T20:20:26.384,44.9
2026-07-13T20:20:26.787,47.2
2026-07-13T20:20:27.189,46.9
2026-07-13T20:20:27.592,46.2
2026-07-13T20:20:27.995,45.4
2026-07-13T20:20:28.398,43.1
2026-07-13T20:20:28.801,42.6
2026-07-13T20:20:29.204,42.6
2026-07-13T20:20:29.607,42.5
2026-07-13T20:20:30.010,42.4
2026-07-13T20:20:30.413,42.8
2026-07-13T20:20:30.816,42.4
2026-07-13T20:20:31.219,42.7
2026-07-13T20:20:31.622,42.5
2026-07-13T20:20:32.025,42.6
2026-07-13T20:20:32.428,42.6
2026-07-13T20:20:32.831,42.7
2026-07-13T20:20:33.234,42.6
2026-07-13T20:20:33.637,42.8
2026-07-13T20:20:34.040,42.7
2026-07-13T20:20:34.443,44.4
2026-07-13T20:20:34.846,44.1
2026-07-13T20:20:35.249,44.0
2026-07-13T20:20:35.651,43.7
2026-07-13T20:20:36.054,42.9
2026-07-13T20:20:36.457,43.0
2026-07-13T20:20:36.860,42.9
2026-07-13T20:20:37.263,42.8
2026-07-13T20:20:37.666,42.4
2026-07-13T20:20:38.069,43.2
2026-07-13T20:20:38.472,43.0
2026-07-13T20:20:38.875,42.7
2026-07-13T20:20:39.278,42.9
2026-07-13T20:20:39.681,42.8
2026-07-13T20:20:40.084,42.9
2026-07-13T20:20:40.487,42.8
2026-07-13T20:20:40.890,42.5
2026-07-13T20:20:41.293,42.2
2026-07-13T20:20:41.696,42.4
2026-07-13T20:20:42.099,42.2
2026-07-13T20:20:42.502,42.3
2026-07-13T20:20:42.905,42.4
2026-07-13T20:20:43.308,42.5
2026-07-13T20:20:43.711,42.3
2026-07-13T20:20:44.114,42.4
2026-07-13T20:20:44.517,42.9
2026-07-13T20:20:44.920,42.5
2026-07-13T20:20:45.323,42.7
2026-07-13T20:20:45.726,42.4
2026-07-13T20:20:46.128,42.6
2026-07-13T20:20:46.531,42.5
2026-07-13T20:20:46.934,42.8
2026-07-13T20:20:47.337,43.3
2026-07-13T20:20:47.740,43.2
2026-07-13T20:20:48.143,43.0
2026-07-13T20:20:48.546,42.6
2026-07-13T20:20:48.949,42.5
2026-07-13T20:20:49.352,42.8
2026-07-13T20:20:49.755,42.4
2026-07-13T20:20:50.158,42.5
2026-07-13T20:20:50.561,42.7
2026-07-13T20:20:50.964,42.8
2026-07-13T20:20:51.367,42.7
2026-07-13T20:20:51.770,42.6
2026-07-13T20:20:52.173,43.4
2026-07-13T20:20:52.576,43.9
2026-07-13T20:20:52.979,47.9
2026-07-13T20:20:53.382,47.1
2026-07-13T20:20:53.785,46.7
2026-07-13T20:20:54.188,46.1
2026-07-13T20:20:54.591,43.5
2026-07-13T20:20:54.994,43.7
2026-07-13T20:20:55.397,44.0
2026-07-13T20:20:55.799,45.2
2026-07-13T20:20:56.202,44.7
2026-07-13T20:20:56.605,44.3
2026-07-13T20:20:57.008,44.1
2026-07-13T20:20:57.411,43.5
2026-07-13T20:20:57.814,43.9
2026-07-13T20:20:58.217,43.7
2026-07-13T20:20:58.620,43.3
2026-07-13T20:20:59.023,43.3
2026-07-13T20:20:59.426,44.2
2026-07-13T20:20:59.829,45.1
2026-07-13T20:21:00.232,47.1
2026-07-13T20:21:00.635,46.3
2026-07-13T20:21:01.038,45.8
2026-07-13T20:21:01.441,45.6
2026-07-13T20:21:01.844,46.8
2026-07-13T20:21:02.247,48.5
2026-07-13T20:21:02.650,48.4
2026-07-13T20:21:03.053,47.8
2026-07-13T20:21:03.456,48.9
2026-07-13T20:21:03.859,48.5
2026-07-13T20:21:04.262,51.0
2026-07-13T20:21:04.665,50.5
2026-07-13T20:21:05.068,50.4
2026-07-13T20:21:05.471,50.0
2026-07-13T20:21:05.873,53.0
2026-07-13T20:21:06.276,52.5
2026-07-13T20:21:06.679,60.5
2026-07-13T20:21:07.082,59.4
2026-07-13T20:21:07.485,57.6
2026-07-13T20:21:07.888,56.1
2026-07-13T20:21:08.291,50.0
2026-07-13T20:21:08.694,49.8
2026-07-13T20:21:09.097,50.0
2026-07-13T20:21:09.500,49.7
2026-07-13T20:21:09.903,55.7
2026-07-13T20:21:10.306,61.3
2026-07-13T20:21:10.709,60.2
2026-07-13T20:21:11.112,58.6
2026-07-13T20:21:11.515,58.3
2026-07-13T20:21:11.918,51.0
2026-07-13T20:21:12.321,50.2
2026-07-13T20:21:12.724,50.0
2026-07-13T20:21:13.127,48.7
2026-07-13T20:21:13.530,49.1
2026-07-13T20:21:13.933,48.9
2026-07-13T20:21:14.336,48.5
2026-07-13T20:21:14.739,48.6
2026-07-13T20:21:15.142,48.4
2026-07-13T20:21:15.545,48.2
2026-07-13T20:21:15.947,48.5
2026-07-13T20:21:16.351,48.3
2026-07-13T20:21:16.753,48.1
2026-07-13T20:21:17.156,47.7
2026-07-13T20:21:17.559,48.0
2026-07-13T20:21:17.962,47.7
2026-07-13T20:21:18.365,50.3
2026-07-13T20:21:18.768,50.1
2026-07-13T20:21:19.171,49.6
2026-07-13T20:21:19.574,48.9
2026-07-13T20:21:19.977,47.0
2026-07-13T20:21:20.380,46.9
2026-07-13T20:21:20.783,46.7
2026-07-13T20:21:21.186,45.8
2026-07-13T20:21:21.589,45.7
2026-07-13T20:21:21.992,45.8
2026-07-13T20:21:22.395,47.2
2026-07-13T20:21:22.798,52.1
2026-07-13T20:21:23.201,51.8
2026-07-13T20:21:23.604,53.6
2026-07-13T20:21:24.007,52.7
2026-07-13T20:21:24.410,52.5
2026-07-13T20:21:24.813,55.5
2026-07-13T20:21:25.216,54.2
2026-07-13T20:21:25.619,52.0
2026-07-13T20:21:26.022,50.3
2026-07-13T20:21:26.425,44.5
2026-07-13T20:21:26.828,44.2
2026-07-13T20:21:27.231,46.4
2026-07-13T20:21:27.634,46.3
2026-07-13T20:21:28.037,45.7
2026-07-13T20:21:28.440,45.0
2026-07-13T20:21:28.843,43.7
2026-07-13T20:21:29.246,43.7
2026-07-13T20:21:29.649,43.3
2026-07-13T20:21:30.052,43.2
2026-07-13T20:21:30.455,42.9
2026-07-13T20:21:30.858,44.1
2026-07-13T20:21:31.261,50.0
2026-07-13T20:21:31.664,49.3
2026-07-13T20:21:32.067,48.5
2026-07-13T20:21:32.470,47.7
2026-07-13T20:21:32.873,44.4
2026-07-13T20:21:33.276,42.7
2026-07-13T20:21:33.679,42.8
2026-07-13T20:21:34.082,42.6
2026-07-13T20:21:34.485,42.9
2026-07-13T20:21:34.888,42.9
2026-07-13T20:21:35.291,43.0
2026-07-13T20:21:35.694,42.9
2026-07-13T20:21:36.097,42.7
2026-07-13T20:21:36.500,42.6
2026-07-13T20:21:36.903,43.2
2026-07-13T20:21:37.306,43.1
2026-07-13T20:21:37.709,42.9
2026-07-13T20:21:38.112,42.6
2026-07-13T20:21:38.515,43.0
2026-07-13T20:21:38.918,42.9
2026-07-13T20:21:39.321,42.7
2026-07-13T20:21:39.724,42.7
2026-07-13T20:21:40.127,42.5
2026-07-13T20:21:40.530,42.4
2026-07-13T20:21:40.933,45.8
2026-07-13T20:21:41.336,45.4
2026-07-13T20:21:41.739,48.2
2026-07-13T20:21:42.142,48.4
2026-07-13T20:21:42.545,48.0
2026-07-13T20:21:42.948,48.9
2026-07-13T20:21:43.351,48.4
2026-07-13T20:21:43.754,48.0
2026-07-13T20:21:44.157,47.0
2026-07-13T20:21:44.560,42.5
2026-07-13T20:21:44.963,43.0
2026-07-13T20:21:45.366,42.7
2026-07-13T20:21:45.769,42.4
2026-07-13T20:21:46.172,42.9
2026-07-13T20:21:46.575,42.8
2026-07-13T20:21:46.978,42.8
2026-07-13T20:21:47.381,43.9
2026-07-13T20:21:47.784,50.3
2026-07-13T20:21:48.187,49.6
2026-07-13T20:21:48.590,50.0
2026-07-13T20:21:48.993,48.6
2026-07-13T20:21:49.396,47.8
2026-07-13T20:21:49.799,46.6
2026-07-13T20:21:50.202,42.8
2026-07-13T20:21:50.605,48.9
2026-07-13T20:21:51.008,48.7
2026-07-13T20:21:51.411,48.6
2026-07-13T20:21:51.814,47.5
2026-07-13T20:21:52.217,43.6
2026-07-13T20:21:52.620,45.2
2026-07-13T20:21:53.023,46.6
2026-07-13T20:21:53.426,46.0
2026-07-13T20:21:53.829,45.6
2026-07-13T20:21:54.232,45.5
2026-07-13T20:21:54.635,43.3
2026-07-13T20:21:55.038,43.1
2026-07-13T20:21:55.441,47.1
2026-07-13T20:21:55.844,46.4
2026-07-13T20:21:56.247,45.8
2026-07-13T20:21:56.650,45.6
2026-07-13T20:21:57.053,46.8
2026-07-13T20:21:57.456,46.3
2026-07-13T20:21:57.859,45.4
2026-07-13T20:21:58.262,44.7
2026-07-13T20:21:58.664,42.4
2026-07-13T20:21:59.067,42.5
2026-07-13T20:21:59.470,42.6
2026-07-13T20:21:59.873,42.5
2026-07-13T20:22:00.276,42.4
2026-07-13T20:22:00.679,42.6
2026-07-13T20:22:01.082,42.6
2026-07-13T20:22:01.485,42.7
2026-07-13T20:22:01.888,43.1
2026-07-13T20:22:02.291,43.4
2026-07-13T20:22:02.694,43.1
2026-07-13T20:22:03.097,43.2
2026-07-13T20:22:03.500,43.3
2026-07-13T20:22:03.903,43.0
2026-07-13T20:22:04.306,43.1
2026-07-13T20:22:04.709,42.8
2026-07-13T20:22:05.112,42.8
2026-07-13T20:22:05.515,45.0
2026-07-13T20:22:05.918,44.5
2026-07-13T20:22:06.321,44.2
2026-07-13T20:22:06.724,43.8
2026-07-13T20:22:07.127,42.8
2026-07-13T20:22:07.530,42.5
2026-07-13T20:22:07.932,42.4
2026-07-13T20:22:08.335,43.0
2026-07-13T20:22:08.738,43.5
2026-07-13T20:22:09.141,43.0
2026-07-13T20:22:09.544,42.7
2026-07-13T20:22:09.947,42.4
2026-07-13T20:22:10.350,42.4
2026-07-13T20:22:10.753,42.5
2026-07-13T20:22:11.156,42.4
2026-07-13T20:22:11.559,42.4
2026-07-13T20:22:11.962,42.2
2026-07-13T20:22:12.365,43.5
2026-07-13T20:22:12.768,43.1
2026-07-13T20:22:13.171,42.7
2026-07-13T20:22:13.574,42.5
2026-07-13T20:22:13.977,43.7
2026-07-13T20:22:14.380,43.4
2026-07-13T20:22:14.783,43.1
2026-07-13T20:22:15.186,42.8
2026-07-13T20:22:15.589,42.5
2026-07-13T20:22:15.992,42.4
2026-07-13T20:22:16.395,42.7
2026-07-13T20:22:16.798,42.7
2026-07-13T20:22:17.200,42.9
2026-07-13T20:22:17.603,42.9
2026-07-13T20:22:18.006,42.5
2026-07-13T20:22:18.409,42.8
2026-07-13T20:22:18.812,44.2
2026-07-13T20:22:19.215,43.9
2026-07-13T20:22:19.618,43.4
2026-07-13T20:22:20.021,43.1
2026-07-13T20:22:20.424,42.9
2026-07-13T20:22:20.827,42.7
2026-07-13T20:22:21.230,42.7
2026-07-13T20:22:21.633,43.0
2026-07-13T20:22:22.036,43.0
2026-07-13T20:22:22.439,42.7
2026-07-13T20:22:22.842,42.7
2026-07-13T20:22:23.245,42.9
2026-07-13T20:22:23.648,43.3
2026-07-13T20:22:24.051,43.6
2026-07-13T20:22:24.454,44.7
2026-07-13T20:22:24.857,44.3
2026-07-13T20:22:25.260,43.7
2026-07-13T20:22:25.662,43.4
2026-07-13T20:22:26.065,42.4
2026-07-13T20:22:26.468,42.5
2026-07-13T20:22:26.871,42.6
2026-07-13T20:22:27.274,42.5
2026-07-13T20:22:27.677,42.6
2026-07-13T20:22:28.080,42.8
2026-07-13T20:22:28.483,42.6
2026-07-13T20:22:28.886,42.8
2026-07-13T20:22:29.289,42.8
2026-07-13T20:22:29.692,42.9
2026-07-13T20:22:30.095,42.6
2026-07-13T20:22:30.498,42.8
2026-07-13T20:22:30.901,42.6
2026-07-13T20:22:31.304,42.6
2026-07-13T20:22:31.707,42.6
2026-07-13T20:22:32.110,42.9
2026-07-13T20:22:32.513,42.6
2026-07-13T20:22:32.916,42.6
2026-07-13T20:22:33.318,42.5
2026-07-13T20:22:33.721,42.4
2026-07-13T20:22:34.124,42.8
2026-07-13T20:22:34.527,42.8
2026-07-13T20:22:34.930,42.7
2026-07-13T20:22:35.333,42.9
2026-07-13T20:22:35.736,43.3
2026-07-13T20:22:36.139,45.0
2026-07-13T20:22:36.542,44.7
2026-07-13T20:22:36.945,44.4
2026-07-13T20:22:37.348,44.1
2026-07-13T20:22:37.751,43.8
2026-07-13T20:22:38.154,43.1
2026-07-13T20:22:38.557,42.7
2026-07-13T20:22:38.960,42.4
2026-07-13T20:22:39.363,42.7
2026-07-13T20:22:39.766,42.7
2026-07-13T20:22:40.169,43.1
2026-07-13T20:22:40.572,42.8
2026-07-13T20:22:40.975,42.8
2026-07-13T20:22:41.378,42.8
2026-07-13T20:22:41.781,42.4
2026-07-13T20:22:42.184,42.9
2026-07-13T20:22:42.586,42.6
2026-07-13T20:22:42.989,42.7
2026-07-13T20:22:43.392,42.6
2026-07-13T20:22:43.795,42.7
2026-07-13T20:22:44.198,42.6
2026-07-13T20:22:44.601,42.8
2026-07-13T20:22:45.004,42.9
2026-07-13T20:22:45.407,42.8
2026-07-13T20:22:45.810,42.7
2026-07-13T20:22:46.213,42.4
2026-07-13T20:22:46.616,42.5
2026-07-13T20:22:47.019,42.5
2026-07-13T20:22:47.422,42.5
2026-07-13T20:22:47.825,42.7
2026-07-13T20:22:48.228,42.5
2026-07-13T20:22:48.631,42.8
2026-07-13T20:22:49.034,42.9
2026-07-13T20:22:49.437,42.5
2026-07-13T20:22:49.840,42.9
2026-07-13T20:22:50.243,42.7
2026-07-13T20:22:50.646,42.9
2026-07-13T20:22:51.048,42.6
2026-07-13T20:22:51.451,42.7
2026-07-13T20:22:51.854,42.6
2026-07-13T20:22:52.257,42.9
2026-07-13T20:22:52.660,42.6
2026-07-13T20:22:53.063,42.5
2026-07-13T20:22:53.466,42.4
2026-07-13T20:22:53.869,42.7
2026-07-13T20:22:54.272,42.5
2026-07-13T20:22:54.675,45.4
2026-07-13T20:22:55.078,53.4
2026-07-13T20:22:55.481,52.4
2026-07-13T20:22:55.884,50.3
2026-07-13T20:22:56.287,48.9
2026-07-13T20:22:56.690,43.3
2026-07-13T20:22:57.093,43.7
2026-07-13T20:22:57.496,44.3
2026-07-13T20:22:57.899,43.9
2026-07-13T20:22:58.302,44.2
2026-07-13T20:22:58.705,44.5
2026-07-13T20:22:59.108,45.9
2026-07-13T20:22:59.510,45.7
2026-07-13T20:22:59.913,46.9
2026-07-13T20:23:00.316,48.2
2026-07-13T20:23:00.719,51.8
2026-07-13T20:23:01.122,50.4
2026-07-13T20:23:01.525,50.1
2026-07-13T20:23:01.928,53.5
2026-07-13T20:23:02.331,53.1
2026-07-13T20:23:02.734,52.5
2026-07-13T20:23:03.137,51.8
2026-07-13T20:23:03.540,46.8
2026-07-13T20:23:03.943,50.1
2026-07-13T20:23:04.346,49.9
2026-07-13T20:23:04.749,57.3
2026-07-13T20:23:05.152,65.4
2026-07-13T20:23:05.555,64.8
2026-07-13T20:23:05.958,61.7
2026-07-13T20:23:06.361,58.3
2026-07-13T20:23:06.764,57.1
2026-07-13T20:23:07.167,52.4
2026-07-13T20:23:07.570,50.4
2026-07-13T20:23:07.973,47.8
2026-07-13T20:23:08.376,51.8
2026-07-13T20:23:08.779,60.6
2026-07-13T20:23:09.182,60.0
2026-07-13T20:23:09.584,58.8
2026-07-13T20:23:09.987,56.5
2026-07-13T20:23:10.390,52.9
2026-07-13T20:23:10.793,47.5
2026-07-13T20:23:11.196,53.3
2026-07-13T20:23:11.599,58.2
2026-07-13T20:23:12.002,56.4
2026-07-13T20:23:12.405,53.8
2026-07-13T20:23:12.808,51.7
2026-07-13T20:23:13.211,43.0
2026-07-13T20:23:13.614,43.8
2026-07-13T20:23:14.017,43.7
2026-07-13T20:23:14.420,43.3
2026-07-13T20:23:14.823,43.0
2026-07-13T20:23:15.226,43.2
2026-07-13T20:23:15.629,42.8
2026-07-13T20:23:16.032,43.1
2026-07-13T20:23:16.435,43.0
2026-07-13T20:23:16.838,43.3
2026-07-13T20:23:17.241,43.1
2026-07-13T20:23:17.644,43.3
2026-07-13T20:23:18.047,43.4
2026-07-13T20:23:18.450,43.5
2026-07-13T20:23:18.853,43.2
2026-07-13T20:23:19.256,43.1
2026-07-13T20:23:19.658,43.1
2026-07-13T20:23:20.061,42.7
2026-07-13T20:23:20.464,43.3
2026-07-13T20:23:20.867,43.2
2026-07-13T20:23:21.270,43.0
2026-07-13T20:23:21.673,43.0
2026-07-13T20:23:22.076,42.8
2026-07-13T20:23:22.479,42.7
2026-07-13T20:23:22.882,42.6
2026-07-13T20:23:23.286,44.8
2026-07-13T20:23:23.688,44.1
2026-07-13T20:23:24.091,43.7
2026-07-13T20:23:24.494,43.2
2026-07-13T20:23:24.897,42.8
2026-07-13T20:23:25.301,43.3
2026-07-13T20:23:25.703,42.8
2026-07-13T20:23:26.106,43.5
2026-07-13T20:23:26.509,43.6
2026-07-13T20:23:26.912,43.5
2026-07-13T20:23:27.315,43.2
2026-07-13T20:23:27.718,43.1
2026-07-13T20:23:28.121,43.1
2026-07-13T20:23:28.524,43.6
2026-07-13T20:23:28.927,43.2
2026-07-13T20:23:29.330,43.7
2026-07-13T20:23:29.733,43.6
2026-07-13T20:23:30.136,43.5
2026-07-13T20:23:30.539,43.4
2026-07-13T20:23:30.942,43.1
2026-07-13T20:23:31.345,43.2
2026-07-13T20:23:31.748,43.3
2026-07-13T20:23:32.151,43.5
2026-07-13T20:23:32.554,43.9
2026-07-13T20:23:32.957,43.6
2026-07-13T20:23:33.360,44.1
2026-07-13T20:23:33.763,43.9
2026-07-13T20:23:34.166,43.7
2026-07-13T20:23:34.569,44.3
2026-07-13T20:23:34.972,45.3
2026-07-13T20:23:35.375,45.5
2026-07-13T20:23:35.778,45.2
2026-07-13T20:23:36.181,44.9
2026-07-13T20:23:36.584,45.1
2026-07-13T20:23:36.987,45.2
2026-07-13T20:23:37.390,46.2
2026-07-13T20:23:37.793,45.8
2026-07-13T20:23:38.196,45.2
2026-07-13T20:23:38.599,44.9
2026-07-13T20:23:39.002,44.3
2026-07-13T20:23:39.405,45.1
2026-07-13T20:23:39.808,44.8
2026-07-13T20:23:40.211,44.9
2026-07-13T20:23:40.614,44.6
2026-07-13T20:23:41.017,44.6
2026-07-13T20:23:41.420,45.0
2026-07-13T20:23:41.823,44.8
2026-07-13T20:23:42.226,44.9
2026-07-13T20:23:42.629,45.0
2026-07-13T20:23:43.032,45.2
2026-07-13T20:23:43.435,45.4
2026-07-13T20:23:43.838,45.4
2026-07-13T20:23:44.241,45.0
2026-07-13T20:23:44.644,47.2
2026-07-13T20:23:45.047,46.4
2026-07-13T20:23:45.450,46.0
2026-07-13T20:23:45.853,45.6
2026-07-13T20:23:46.256,47.4
2026-07-13T20:23:46.659,47.2
2026-07-13T20:23:47.062,47.0
2026-07-13T20:23:47.465,46.4
2026-07-13T20:23:47.868,44.6
2026-07-13T20:23:48.271,44.8
2026-07-13T20:23:48.674,45.2
2026-07-13T20:23:49.077,46.8
2026-07-13T20:23:49.480,53.4
2026-07-13T20:23:49.883,53.2
2026-07-13T20:23:50.286,51.9
2026-07-13T20:23:50.688,50.9
2026-07-13T20:23:51.091,50.4
2026-07-13T20:23:51.494,48.8
2026-07-13T20:23:51.897,47.8
2026-07-13T20:23:52.300,47.5
2026-07-13T20:23:52.703,50.0
2026-07-13T20:23:53.106,56.4
2026-07-13T20:23:53.509,54.4
2026-07-13T20:23:53.912,52.4
2026-07-13T20:23:54.315,50.8
2026-07-13T20:23:54.718,64.5
2026-07-13T20:23:55.121,62.3
2026-07-13T20:23:55.524,60.0
2026-07-13T20:23:55.927,56.6
2026-07-13T20:23:56.330,51.2
2026-07-13T20:23:56.733,47.8
2026-07-13T20:23:57.136,44.8
2026-07-13T20:23:57.539,50.1
2026-07-13T20:23:57.942,50.1
2026-07-13T20:23:58.345,81.3
2026-07-13T20:23:58.748,73.9
2026-07-13T20:23:59.151,67.9
2026-07-13T20:23:59.554,63.2
2026-07-13T20:23:59.957,44.3
2026-07-13T20:24:00.360,44.8
2026-07-13T20:24:00.763,44.4
2026-07-13T20:24:01.166,45.0
2026-07-13T20:24:01.569,44.5
2026-07-13T20:24:01.972,44.2
2026-07-13T20:24:02.375,43.8
2026-07-13T20:24:02.778,43.6
2026-07-13T20:24:03.181,43.4
2026-07-13T20:24:03.584,43.0
2026-07-13T20:24:03.987,42.9
2026-07-13T20:24:04.390,43.1
2026-07-13T20:24:04.793,43.3
2026-07-13T20:24:05.196,42.9
2026-07-13T20:24:05.599,43.5
2026-07-13T20:24:06.002,44.8
2026-07-13T20:24:06.405,44.5
2026-07-13T20:24:06.808,44.0
2026-07-13T20:24:07.211,43.8
2026-07-13T20:24:07.614,42.9
2026-07-13T20:24:08.017,43.4
2026-07-13T20:24:08.420,45.7
2026-07-13T20:24:08.823,45.3
2026-07-13T20:24:09.226,45.8
2026-07-13T20:24:09.629,45.5
2026-07-13T20:24:10.032,45.0
2026-07-13T20:24:10.435,44.3
2026-07-13T20:24:10.838,44.7
2026-07-13T20:24:11.241,60.3
2026-07-13T20:24:11.644,59.8
2026-07-13T20:24:12.047,57.8
2026-07-13T20:24:12.450,56.2
2026-07-13T20:24:12.853,61.2
2026-07-13T20:24:13.256,58.9
2026-07-13T20:24:13.659,56.9
2026-07-13T20:24:14.062,55.2
2026-07-13T20:24:14.465,54.6
2026-07-13T20:24:14.868,52.4
2026-07-13T20:24:15.271,50.4
2026-07-13T20:24:15.674,51.3
2026-07-13T20:24:16.077,51.2
2026-07-13T20:24:16.480,49.7
2026-07-13T20:24:16.883,48.4
2026-07-13T20:24:17.286,50.4
2026-07-13T20:24:17.689,53.0
2026-07-13T20:24:18.092,52.3
2026-07-13T20:24:18.495,50.4
2026-07-13T20:24:18.898,52.3
2026-07-13T20:24:19.301,52.2
2026-07-13T20:24:19.704,51.9
2026-07-13T20:24:20.107,50.1
2026-07-13T20:24:20.510,50.0
2026-07-13T20:24:20.913,50.4
2026-07-13T20:24:21.316,62.0
2026-07-13T20:24:21.719,62.3
2026-07-13T20:24:22.122,59.7
2026-07-13T20:24:22.525,56.1
2026-07-13T20:24:22.928,53.3
2026-07-13T20:24:23.331,51.3
2026-07-13T20:24:23.734,51.0
2026-07-13T20:24:24.137,55.6
2026-07-13T20:24:24.540,54.6
2026-07-13T20:24:24.943,52.2
2026-07-13T20:24:25.346,50.2
2026-07-13T20:24:25.749,43.1
2026-07-13T20:24:26.152,43.6
2026-07-13T20:24:26.555,46.3
2026-07-13T20:24:26.958,45.5
2026-07-13T20:24:27.361,44.8
2026-07-13T20:24:27.764,46.3
2026-07-13T20:24:28.167,45.8
2026-07-13T20:24:28.570,52.1
2026-07-13T20:24:28.973,50.4
2026-07-13T20:24:29.376,54.4
2026-07-13T20:24:29.779,52.8
2026-07-13T20:24:30.182,52.3
2026-07-13T20:24:30.585,51.9
2026-07-13T20:24:30.988,46.1
2026-07-13T20:24:31.391,54.8
2026-07-13T20:24:31.794,54.1
2026-07-13T20:24:32.197,53.5
2026-07-13T20:24:32.600,53.1
2026-07-13T20:24:33.003,51.4
2026-07-13T20:24:33.406,51.5
2026-07-13T20:24:33.809,50.8
2026-07-13T20:24:34.212,49.1
2026-07-13T20:24:34.614,48.5
2026-07-13T20:24:35.018,51.4
2026-07-13T20:24:35.420,55.4
2026-07-13T20:24:35.823,61.6
2026-07-13T20:24:36.227,61.2
2026-07-13T20:24:36.629,60.4
2026-07-13T20:24:37.032,60.9
2026-07-13T20:24:37.435,59.3
2026-07-13T20:24:37.838,59.9
2026-07-13T20:24:38.241,75.8
2026-07-13T20:24:38.644,69.1
2026-07-13T20:24:39.047,63.7
2026-07-13T20:24:39.450,59.3
2026-07-13T20:24:39.853,42.7
2026-07-13T20:24:40.256,42.6
2026-07-13T20:24:40.659,42.6
2026-07-13T20:24:41.062,42.3
2026-07-13T20:24:41.465,43.0
2026-07-13T20:24:41.868,42.9
2026-07-13T20:24:42.271,42.7
2026-07-13T20:24:42.674,42.3
2026-07-13T20:24:43.077,42.3
2026-07-13T20:24:43.480,42.4
2026-07-13T20:24:43.883,42.6
2026-07-13T20:24:44.287,42.5
2026-07-13T20:24:44.689,50.4
2026-07-13T20:24:45.092,50.5
2026-07-13T20:24:45.495,52.5
2026-07-13T20:24:45.898,50.2
2026-07-13T20:24:46.301,48.5
2026-07-13T20:24:46.704,47.2
2026-07-13T20:24:47.107,42.6
2026-07-13T20:24:47.510,42.8
2026-07-13T20:24:47.913,42.7
2026-07-13T20:24:48.316,42.7
2026-07-13T20:24:48.719,42.7
2026-07-13T20:24:49.122,42.4
2026-07-13T20:24:49.525,42.7
2026-07-13T20:24:49.928,42.6
2026-07-13T20:24:50.331,42.7
2026-07-13T20:24:50.734,42.6
2026-07-13T20:24:51.137,42.6
2026-07-13T20:24:51.540,42.6
2026-07-13T20:24:51.943,42.5
2026-07-13T20:24:52.346,42.7
2026-07-13T20:24:52.749,42.6
2026-07-13T20:24:53.152,42.6
2026-07-13T20:24:53.555,42.5
2026-07-13T20:24:53.958,42.8
2026-07-13T20:24:54.361,43.1
2026-07-13T20:24:54.764,43.0
2026-07-13T20:24:55.167,42.9
2026-07-13T20:24:55.570,42.8
2026-07-13T20:24:55.973,42.8
2026-07-13T20:24:56.376,43.2
2026-07-13T20:24:56.779,42.9
2026-07-13T20:24:57.182,43.1
2026-07-13T20:24:57.585,44.1
2026-07-13T20:24:57.988,45.9
2026-07-13T20:24:58.391,45.4
2026-07-13T20:24:58.794,44.6
2026-07-13T20:24:59.197,44.2
2026-07-13T20:24:59.600,44.8
2026-07-13T20:25:00.003,44.4
2026-07-13T20:25:00.406,46.3
2026-07-13T20:25:00.809,45.9
2026-07-13T20:25:01.212,45.4
2026-07-13T20:25:01.615,45.0
2026-07-13T20:25:02.018,43.3
2026-07-13T20:25:02.421,43.7
2026-07-13T20:25:02.824,43.9
2026-07-13T20:25:03.226,44.4
2026-07-13T20:25:03.629,44.4
2026-07-13T20:25:04.032,43.8
2026-07-13T20:25:04.435,43.3
2026-07-13T20:25:04.838,43.2
2026-07-13T20:25:05.241,42.4
2026-07-13T20:25:05.644,42.7
2026-07-13T20:25:06.047,43.0
2026-07-13T20:25:06.450,42.9
2026-07-13T20:25:06.853,42.7
2026-07-13T20:25:07.256,42.8
2026-07-13T20:25:07.659,43.5
2026-07-13T20:25:08.062,44.1
2026-07-13T20:25:08.465,43.9
2026-07-13T20:25:08.868,43.7
2026-07-13T20:25:09.271,43.3
2026-07-13T20:25:09.674,42.6
2026-07-13T20:25:10.077,42.6
2026-07-13T20:25:10.480,43.1
2026-07-13T20:25:10.883,43.3
2026-07-13T20:25:11.287,43.0
2026-07-13T20:25:11.689,42.8
2026-07-13T20:25:12.092,42.7
2026-07-13T20:25:12.495,42.5
2026-07-13T20:25:12.898,42.3
2026-07-13T20:25:13.301,42.5
2026-07-13T20:25:13.704,42.5
2026-07-13T20:25:14.107,43.4
2026-07-13T20:25:14.510,43.0
2026-07-13T20:25:14.913,42.7
2026-07-13T20:25:15.316,42.8
2026-07-13T20:25:15.719,42.5
2026-07-13T20:25:16.122,42.8
2026-07-13T20:25:16.524,42.9
2026-07-13T20:25:16.927,42.9
2026-07-13T20:25:17.330,43.1
2026-07-13T20:25:17.733,43.0
2026-07-13T20:25:18.136,42.7
2026-07-13T20:25:18.539,42.6
2026-07-13T20:25:18.942,42.5
2026-07-13T20:25:19.345,42.6
2026-07-13T20:25:19.748,42.8
2026-07-13T20:25:20.151,42.6
2026-07-13T20:25:20.554,42.7
2026-07-13T20:25:20.957,42.6
2026-07-13T20:25:21.360,42.5
2026-07-13T20:25:21.763,42.6
2026-07-13T20:25:22.166,42.4
2026-07-13T20:25:22.569,42.8
2026-07-13T20:25:22.972,42.7
2026-07-13T20:25:23.375,42.6
2026-07-13T20:25:23.778,42.7
2026-07-13T20:25:24.181,43.0
2026-07-13T20:25:24.584,42.8
2026-07-13T20:25:24.987,42.9
2026-07-13T20:25:25.390,43.5
2026-07-13T20:25:25.793,43.2
2026-07-13T20:25:26.196,42.8
2026-07-13T20:25:26.599,50.0
2026-07-13T20:25:27.002,49.0
2026-07-13T20:25:27.405,47.5
2026-07-13T20:25:27.808,46.4
2026-07-13T20:25:28.211,43.6
2026-07-13T20:25:28.614,43.1
2026-07-13T20:25:29.016,43.2
2026-07-13T20:25:29.419,42.9
2026-07-13T20:25:29.822,42.8
2026-07-13T20:25:30.225,43.0
2026-07-13T20:25:30.628,43.4
2026-07-13T20:25:31.031,45.3
2026-07-13T20:25:31.434,45.6
2026-07-13T20:25:31.837,44.9
2026-07-13T20:25:32.240,44.6
2026-07-13T20:25:32.643,46.6
2026-07-13T20:25:33.046,46.1
2026-07-13T20:25:33.449,46.4
2026-07-13T20:25:33.852,47.7
2026-07-13T20:25:34.255,47.1
2026-07-13T20:25:34.658,46.1
2026-07-13T20:25:35.061,45.1
2026-07-13T20:25:35.464,44.2
2026-07-13T20:25:35.867,45.7
2026-07-13T20:25:36.270,54.9
2026-07-13T20:25:36.673,54.5
2026-07-13T20:25:37.076,53.3
2026-07-13T20:25:37.479,52.0
2026-07-13T20:25:37.882,48.1
2026-07-13T20:25:38.287,45.3
2026-07-13T20:25:38.688,44.4
2026-07-13T20:25:39.091,46.4
2026-07-13T20:25:39.493,50.3
2026-07-13T20:25:39.896,48.9
2026-07-13T20:25:40.299,47.5
2026-07-13T20:25:40.702,62.0
2026-07-13T20:25:41.105,59.6
2026-07-13T20:25:41.508,56.8
2026-07-13T20:25:41.911,55.5
2026-07-13T20:25:42.314,52.1
2026-07-13T20:25:42.717,49.2
2026-07-13T20:25:43.120,47.7
2026-07-13T20:25:43.523,50.2
2026-07-13T20:25:43.926,49.0
2026-07-13T20:25:44.329,53.5
2026-07-13T20:25:44.732,52.5
2026-07-13T20:25:45.135,50.7
2026-07-13T20:25:45.538,50.4
2026-07-13T20:25:45.941,49.8
2026-07-13T20:25:46.344,50.3
2026-07-13T20:25:46.747,51.1
2026-07-13T20:25:47.150,50.3
2026-07-13T20:25:47.553,50.4
2026-07-13T20:25:47.956,49.2
2026-07-13T20:25:48.358,47.8
2026-07-13T20:25:48.761,48.8
2026-07-13T20:25:49.164,50.1
2026-07-13T20:25:49.567,53.4
2026-07-13T20:25:49.970,52.6
2026-07-13T20:25:50.373,51.4
2026-07-13T20:25:50.776,50.6
2026-07-13T20:25:51.179,47.8
2026-07-13T20:25:51.582,45.3
2026-07-13T20:25:51.985,48.0
2026-07-13T20:25:52.388,47.7
2026-07-13T20:25:52.791,47.0
2026-07-13T20:25:53.194,46.9
2026-07-13T20:25:53.597,50.5
2026-07-13T20:25:54.000,49.2
2026-07-13T20:25:54.403,48.0
2026-07-13T20:25:54.806,47.2
2026-07-13T20:25:55.209,43.9
2026-07-13T20:25:55.612,45.0
2026-07-13T20:25:56.015,44.8
2026-07-13T20:25:56.418,44.4
2026-07-13T20:25:56.821,44.1
2026-07-13T20:25:57.223,42.9
2026-07-13T20:25:57.626,43.3
2026-07-13T20:25:58.029,45.1
2026-07-13T20:25:58.432,44.7
2026-07-13T20:25:58.835,44.3
2026-07-13T20:25:59.238,44.1
2026-07-13T20:25:59.641,43.4
2026-07-13T20:26:00.044,43.4
2026-07-13T20:26:00.447,43.5
2026-07-13T20:26:00.850,43.4
2026-07-13T20:26:01.255,44.3
2026-07-13T20:26:01.656,44.6
2026-07-13T20:26:02.059,45.4
2026-07-13T20:26:02.462,45.7
2026-07-13T20:26:02.865,47.2
2026-07-13T20:26:03.268,47.5
2026-07-13T20:26:03.671,47.3
2026-07-13T20:26:04.074,50.7
2026-07-13T20:26:04.477,50.3
2026-07-13T20:26:04.880,49.2
2026-07-13T20:26:05.286,50.6
2026-07-13T20:26:05.686,50.4
2026-07-13T20:26:06.089,48.8
2026-07-13T20:26:06.492,48.2
2026-07-13T20:26:06.894,44.2
2026-07-13T20:26:07.298,48.9
2026-07-13T20:26:07.700,48.4
2026-07-13T20:26:08.103,47.4
2026-07-13T20:26:08.506,46.7
2026-07-13T20:26:08.909,45.7
2026-07-13T20:26:09.312,47.0
2026-07-13T20:26:09.715,46.1
2026-07-13T20:26:10.118,46.2
2026-07-13T20:26:10.521,50.2
2026-07-13T20:26:10.924,49.2
2026-07-13T20:26:11.327,48.7
2026-07-13T20:26:11.730,52.8
2026-07-13T20:26:12.133,52.4
2026-07-13T20:26:12.536,51.6
2026-07-13T20:26:12.939,50.9
2026-07-13T20:26:13.342,55.2
2026-07-13T20:26:13.745,54.0
2026-07-13T20:26:14.148,53.0
2026-07-13T20:26:14.551,51.4
2026-07-13T20:26:14.954,46.2
2026-07-13T20:26:15.357,47.9
2026-07-13T20:26:15.760,47.2
2026-07-13T20:26:16.163,46.6
2026-07-13T20:26:16.566,48.3
2026-07-13T20:26:16.969,47.4
2026-07-13T20:26:17.372,46.9
2026-07-13T20:26:17.775,46.7
2026-07-13T20:26:18.178,48.2
2026-07-13T20:26:18.581,47.3
2026-07-13T20:26:18.984,46.6
2026-07-13T20:26:19.387,46.0
2026-07-13T20:26:19.790,42.5
2026-07-13T20:26:20.193,44.7
2026-07-13T20:26:20.596,44.5
2026-07-13T20:26:20.999,45.7
2026-07-13T20:26:21.402,45.6
2026-07-13T20:26:21.805,45.4
2026-07-13T20:26:22.208,50.8
2026-07-13T20:26:22.611,49.4
2026-07-13T20:26:23.014,48.0
2026-07-13T20:26:23.417,47.1
2026-07-13T20:26:23.820,46.2
2026-07-13T20:26:24.223,46.2
2026-07-13T20:26:24.626,45.9
2026-07-13T20:26:25.029,45.7
2026-07-13T20:26:25.432,45.2
2026-07-13T20:26:25.835,45.2
2026-07-13T20:26:26.238,44.9
2026-07-13T20:26:26.641,45.7
2026-07-13T20:26:27.044,46.6
2026-07-13T20:26:27.447,46.0
2026-07-13T20:26:27.850,46.3
2026-07-13T20:26:28.253,45.5
2026-07-13T20:26:28.656,46.9
2026-07-13T20:26:29.059,47.6
2026-07-13T20:26:29.462,46.6
2026-07-13T20:26:29.865,46.0
2026-07-13T20:26:30.268,45.1
2026-07-13T20:26:30.671,43.2
2026-07-13T20:26:31.074,43.0
2026-07-13T20:26:31.477,43.4
2026-07-13T20:26:31.880,44.1
2026-07-13T20:26:32.286,45.0
2026-07-13T20:26:32.686,44.5
2026-07-13T20:26:33.089,44.1
2026-07-13T20:26:33.492,43.8
2026-07-13T20:26:33.895,43.7
2026-07-13T20:26:34.298,43.8
2026-07-13T20:26:34.701,43.6
2026-07-13T20:26:35.104,44.5
2026-07-13T20:26:35.507,44.4
2026-07-13T20:26:35.910,44.5
2026-07-13T20:26:36.313,44.0
2026-07-13T20:26:36.716,49.5
2026-07-13T20:26:37.119,49.0
2026-07-13T20:26:37.522,49.1
2026-07-13T20:26:37.925,50.0
2026-07-13T20:26:38.328,49.6
2026-07-13T20:26:38.731,49.3
2026-07-13T20:26:39.134,49.0
2026-07-13T20:26:39.537,47.3
2026-07-13T20:26:39.939,50.3
2026-07-13T20:26:40.343,49.7
2026-07-13T20:26:40.746,49.9
2026-07-13T20:26:41.148,50.3
2026-07-13T20:26:41.552,49.4
2026-07-13T20:26:41.955,52.2
2026-07-13T20:26:42.357,50.9
2026-07-13T20:26:42.760,50.7
2026-07-13T20:26:43.163,50.6
2026-07-13T20:26:43.566,49.9
2026-07-13T20:26:43.969,47.5
2026-07-13T20:26:44.372,50.1
2026-07-13T20:26:44.775,50.6
2026-07-13T20:26:45.178,50.4
2026-07-13T20:26:45.581,50.3
2026-07-13T20:26:45.984,50.2
2026-07-13T20:26:46.387,50.4
2026-07-13T20:26:46.790,50.1
2026-07-13T20:26:47.193,50.5
2026-07-13T20:26:47.596,55.2
2026-07-13T20:26:47.999,54.0
2026-07-13T20:26:48.402,52.5
2026-07-13T20:26:48.805,51.4
2026-07-13T20:26:49.208,53.2
2026-07-13T20:26:49.611,52.0
2026-07-13T20:26:50.014,50.9
2026-07-13T20:26:50.417,49.8
2026-07-13T20:26:50.820,46.2
2026-07-13T20:26:51.223,46.5
2026-07-13T20:26:51.626,45.6
2026-07-13T20:26:52.029,45.0
2026-07-13T20:26:52.432,44.2
2026-07-13T20:26:52.835,42.2
2026-07-13T20:26:53.238,42.3
2026-07-13T20:26:53.641,42.9
2026-07-13T20:26:54.044,43.8
2026-07-13T20:26:54.447,44.0
2026-07-13T20:26:54.850,44.7
2026-07-13T20:26:55.253,47.7
2026-07-13T20:26:55.656,47.0
2026-07-13T20:26:56.059,50.6
2026-07-13T20:26:56.462,50.4
2026-07-13T20:26:56.865,49.6
2026-07-13T20:26:57.268,48.1
2026-07-13T20:26:57.671,49.3
2026-07-13T20:26:58.074,50.4
2026-07-13T20:26:58.477,50.6
2026-07-13T20:26:58.880,50.4
2026-07-13T20:26:59.286,51.4
2026-07-13T20:26:59.686,50.8
2026-07-13T20:27:00.089,50.2
2026-07-13T20:27:00.492,49.2
2026-07-13T20:27:00.895,42.4
2026-07-13T20:27:01.298,42.4
2026-07-13T20:27:01.701,46.2
2026-07-13T20:27:02.104,45.4
2026-07-13T20:27:02.507,44.6
2026-07-13T20:27:02.910,45.2
2026-07-13T20:27:03.313,47.2
2026-07-13T20:27:03.716,48.5
2026-07-13T20:27:04.119,48.1
2026-07-13T20:27:04.522,50.2
2026-07-13T20:27:04.925,50.2
2026-07-13T20:27:05.328,49.3
2026-07-13T20:27:05.731,48.2
2026-07-13T20:27:06.134,47.7
2026-07-13T20:27:06.537,50.9
2026-07-13T20:27:06.940,50.5
2026-07-13T20:27:07.343,48.6
2026-07-13T20:27:07.746,47.2
2026-07-13T20:27:08.149,44.2
2026-07-13T20:27:08.552,47.2
2026-07-13T20:27:08.955,52.4
2026-07-13T20:27:09.358,52.0
2026-07-13T20:27:09.761,51.6
2026-07-13T20:27:10.164,51.6
2026-07-13T20:27:10.567,51.2
2026-07-13T20:27:10.970,51.2
2026-07-13T20:27:11.373,51.1
2026-07-13T20:27:11.776,49.3
2026-07-13T20:27:12.179,53.0
2026-07-13T20:27:12.582,50.7
2026-07-13T20:27:12.984,49.5
2026-07-13T20:27:13.387,48.2
2026-07-13T20:27:13.790,42.7
2026-07-13T20:27:14.193,42.7
2026-07-13T20:27:14.596,43.3
2026-07-13T20:27:14.999,45.2
2026-07-13T20:27:15.402,46.0
2026-07-13T20:27:15.805,47.3
2026-07-13T20:27:16.208,46.7
2026-07-13T20:27:16.611,54.4
2026-07-13T20:27:17.014,51.8
2026-07-13T20:27:17.417,49.7
2026-07-13T20:27:17.820,48.0
2026-07-13T20:27:18.223,43.6
2026-07-13T20:27:18.626,43.4
2026-07-13T20:27:19.029,42.5
2026-07-13T20:27:19.432,45.7
2026-07-13T20:27:19.835,48.4
2026-07-13T20:27:20.238,48.1
2026-07-13T20:27:20.641,54.7
2026-07-13T20:27:21.044,54.7
2026-07-13T20:27:21.447,60.3
2026-07-13T20:27:21.850,59.5
2026-07-13T20:27:22.253,61.0
2026-07-13T20:27:22.656,60.7
2026-07-13T20:27:23.059,61.8
2026-07-13T20:27:23.462,59.9
2026-07-13T20:27:23.865,57.6
2026-07-13T20:27:24.268,55.8
2026-07-13T20:27:24.671,48.4
2026-07-13T20:27:25.074,50.2
2026-07-13T20:27:25.477,54.7
2026-07-13T20:27:25.880,53.8
2026-07-13T20:27:26.286,52.6
2026-07-13T20:27:26.686,50.7
2026-07-13T20:27:27.089,44.3
2026-07-13T20:27:27.492,43.2
2026-07-13T20:27:27.895,42.5
2026-07-13T20:27:28.298,43.3
2026-07-13T20:27:28.701,43.4
2026-07-13T20:27:29.104,44.3
2026-07-13T20:27:29.507,43.9
2026-07-13T20:27:29.910,48.1
2026-07-13T20:27:30.313,47.3
2026-07-13T20:27:30.716,48.6
2026-07-13T20:27:31.119,47.6
2026-07-13T20:27:31.522,47.0
2026-07-13T20:27:31.925,46.1
2026-07-13T20:27:32.327,43.2
2026-07-13T20:27:32.730,42.7
2026-07-13T20:27:33.133,43.3
2026-07-13T20:27:33.536,43.2
2026-07-13T20:27:33.939,42.9
2026-07-13T20:27:34.342,49.6
2026-07-13T20:27:34.745,48.5
2026-07-13T20:27:35.148,47.4
2026-07-13T20:27:35.551,46.3
2026-07-13T20:27:35.954,43.0
2026-07-13T20:27:36.357,43.0
2026-07-13T20:27:36.760,50.4
2026-07-13T20:27:37.163,49.3
2026-07-13T20:27:37.566,48.2
2026-07-13T20:27:37.969,47.1
2026-07-13T20:27:38.372,44.7
2026-07-13T20:27:38.775,44.8
2026-07-13T20:27:39.178,44.4
2026-07-13T20:27:39.581,44.0
2026-07-13T20:27:39.984,43.8
2026-07-13T20:27:40.387,44.1
2026-07-13T20:27:40.790,43.5
2026-07-13T20:27:41.193,43.3
2026-07-13T20:27:41.596,43.4
2026-07-13T20:27:41.999,43.1
2026-07-13T20:27:42.402,43.3
2026-07-13T20:27:42.805,49.1
2026-07-13T20:27:43.208,50.7
2026-07-13T20:27:43.611,49.1
2026-07-13T20:27:44.014,47.7
2026-07-13T20:27:44.417,46.6
2026-07-13T20:27:44.820,42.6
2026-07-13T20:27:45.223,42.0
2026-07-13T20:27:45.626,42.1
2026-07-13T20:27:46.029,42.4
2026-07-13T20:27:46.432,42.4
2026-07-13T20:27:46.835,42.3
2026-07-13T20:27:47.238,42.7
2026-07-13T20:27:47.641,42.4
2026-07-13T20:27:48.044,42.6
2026-07-13T20:27:48.447,43.3
2026-07-13T20:27:48.850,42.9
2026-07-13T20:27:49.253,43.0
2026-07-13T20:27:49.656,42.7
2026-07-13T20:27:50.059,42.5
2026-07-13T20:27:50.462,42.1
2026-07-13T20:27:50.865,42.6
2026-07-13T20:27:51.268,42.6
2026-07-13T20:27:51.671,42.7
2026-07-13T20:27:52.074,42.6
2026-07-13T20:27:52.477,42.6
2026-07-13T20:27:52.880,42.6
2026-07-13T20:27:53.286,43.0
2026-07-13T20:27:53.686,43.1
2026-07-13T20:27:54.089,42.8
2026-07-13T20:27:54.492,42.9
2026-07-13T20:27:54.895,42.6
2026-07-13T20:27:55.298,43.1
2026-07-13T20:27:55.701,43.4
2026-07-13T20:27:56.104,43.3
2026-07-13T20:27:56.507,42.8
2026-07-13T20:27:56.910,42.4
2026-07-13T20:27:57.313,42.7
2026-07-13T20:27:57.716,43.1
2026-07-13T20:27:58.119,57.4
2026-07-13T20:27:58.522,56.4
2026-07-13T20:27:58.925,53.7
2026-07-13T20:27:59.328,51.4
2026-07-13T20:27:59.730,42.7
2026-07-13T20:28:00.133,43.0
2026-07-13T20:28:00.536,42.9
2026-07-13T20:28:00.939,42.6
2026-07-13T20:28:01.342,42.7
2026-07-13T20:28:01.745,42.6
2026-07-13T20:28:02.148,42.5
2026-07-13T20:28:02.551,42.5
2026-07-13T20:28:02.954,42.2
2026-07-13T20:28:03.357,43.9
2026-07-13T20:28:03.760,43.4
2026-07-13T20:28:04.163,43.3
2026-07-13T20:28:04.566,44.8
2026-07-13T20:28:04.969,44.6
2026-07-13T20:28:05.372,46.3
2026-07-13T20:28:05.775,46.1
2026-07-13T20:28:06.178,45.7
2026-07-13T20:28:06.581,45.2
2026-07-13T20:28:06.984,43.4
2026-07-13T20:28:07.387,44.2
2026-07-13T20:28:07.790,43.8
2026-07-13T20:28:08.193,43.3
2026-07-13T20:28:08.596,43.0
2026-07-13T20:28:08.999,42.6
2026-07-13T20:28:09.402,42.3
2026-07-13T20:28:09.805,42.2
2026-07-13T20:28:10.208,42.3
2026-07-13T20:28:10.611,42.5
2026-07-13T20:28:11.014,42.5
2026-07-13T20:28:11.417,42.5
2026-07-13T20:28:11.820,42.4
2026-07-13T20:28:12.223,42.5
2026-07-13T20:28:12.626,42.7
2026-07-13T20:28:13.029,42.7
2026-07-13T20:28:13.432,43.0
2026-07-13T20:28:13.835,42.6
2026-07-13T20:28:14.238,42.6
2026-07-13T20:28:14.641,43.0
2026-07-13T20:28:15.044,42.8
2026-07-13T20:28:15.447,42.8
2026-07-13T20:28:15.850,43.8
2026-07-13T20:28:16.253,47.2
2026-07-13T20:28:16.655,46.7
2026-07-13T20:28:17.058,46.0
2026-07-13T20:28:17.461,45.8
2026-07-13T20:28:17.864,45.2
2026-07-13T20:28:18.267,43.9
2026-07-13T20:28:18.670,44.4
2026-07-13T20:28:19.073,43.9
2026-07-13T20:28:19.476,43.8
2026-07-13T20:28:19.879,43.9
2026-07-13T20:28:20.282,43.7
2026-07-13T20:28:20.685,43.9
2026-07-13T20:28:21.088,44.9
2026-07-13T20:28:21.491,44.7
2026-07-13T20:28:21.894,44.5
2026-07-13T20:28:22.297,44.2
2026-07-13T20:28:22.700,44.1
2026-07-13T20:28:23.103,44.5
2026-07-13T20:28:23.506,45.2
2026-07-13T20:28:23.909,44.7
2026-07-13T20:28:24.312,44.4
2026-07-13T20:28:24.715,44.1
2026-07-13T20:28:25.118,43.4
2026-07-13T20:28:25.521,43.2
2026-07-13T20:28:25.924,42.7
2026-07-13T20:28:26.327,43.1
2026-07-13T20:28:26.730,42.7
2026-07-13T20:28:27.132,42.9
2026-07-13T20:28:27.535,43.3
2026-07-13T20:28:27.938,42.8
2026-07-13T20:28:28.341,43.0
2026-07-13T20:28:28.744,42.7
2026-07-13T20:28:29.147,43.9
2026-07-13T20:28:29.550,44.4
2026-07-13T20:28:29.953,44.1
2026-07-13T20:28:30.356,43.7
2026-07-13T20:28:30.759,43.5
2026-07-13T20:28:31.162,43.9
2026-07-13T20:28:31.565,43.5
2026-07-13T20:28:31.968,43.2
2026-07-13T20:28:32.371,43.1
2026-07-13T20:28:32.774,42.1
2026-07-13T20:28:33.177,42.5
2026-07-13T20:28:33.580,43.1
2026-07-13T20:28:33.983,42.8
2026-07-13T20:28:34.386,42.7
2026-07-13T20:28:34.789,42.6
2026-07-13T20:28:35.192,42.5
2026-07-13T20:28:35.595,43.0
2026-07-13T20:28:35.998,42.6
2026-07-13T20:28:36.401,45.2
2026-07-13T20:28:36.804,45.0
2026-07-13T20:28:37.206,45.4
2026-07-13T20:28:37.609,44.6
2026-07-13T20:28:38.012,44.1
2026-07-13T20:28:38.415,43.7
2026-07-13T20:28:38.818,42.7
2026-07-13T20:28:39.221,42.6
2026-07-13T20:28:39.624,43.4
2026-07-13T20:28:40.027,43.7
2026-07-13T20:28:40.430,43.2
2026-07-13T20:28:40.833,42.8
2026-07-13T20:28:41.236,42.5
2026-07-13T20:28:41.639,42.7
2026-07-13T20:28:42.042,42.8
2026-07-13T20:28:42.445,42.6
2026-07-13T20:28:42.848,42.9
2026-07-13T20:28:43.251,42.9
2026-07-13T20:28:43.654,48.1
2026-07-13T20:28:44.057,46.8
2026-07-13T20:28:44.460,46.0
2026-07-13T20:28:44.862,45.3
2026-07-13T20:28:45.265,43.7
2026-07-13T20:28:45.668,44.4
2026-07-13T20:28:46.071,43.9
2026-07-13T20:28:46.474,43.4
2026-07-13T20:28:46.877,43.0
2026-07-13T20:28:47.280,42.5
2026-07-13T20:28:47.683,42.7
2026-07-13T20:28:48.086,42.9
2026-07-13T20:28:48.489,43.5
2026-07-13T20:28:48.892,48.0
2026-07-13T20:28:49.295,46.6
2026-07-13T20:28:49.698,45.7
2026-07-13T20:28:50.101,45.3
2026-07-13T20:28:50.504,42.8
2026-07-13T20:28:50.907,42.9
2026-07-13T20:28:51.310,42.6
2026-07-13T20:28:51.713,42.7
2026-07-13T20:28:52.116,42.4
2026-07-13T20:28:52.519,42.4
2026-07-13T20:28:52.922,42.4
2026-07-13T20:28:53.325,42.6
2026-07-13T20:28:53.728,43.6
2026-07-13T20:28:54.130,43.8
2026-07-13T20:28:54.533,43.3
2026-07-13T20:28:54.936,43.5
2026-07-13T20:28:55.339,43.6
2026-07-13T20:28:55.742,43.3
2026-07-13T20:28:56.145,43.2
2026-07-13T20:28:56.548,42.9
2026-07-13T20:28:56.951,48.2
2026-07-13T20:28:57.354,52.0
2026-07-13T20:28:57.757,60.0
2026-07-13T20:28:58.160,57.6
2026-07-13T20:28:58.563,56.0
2026-07-13T20:28:58.966,55.3
2026-07-13T20:28:59.369,46.0
2026-07-13T20:28:59.772,46.5
2026-07-13T20:29:00.175,46.0
2026-07-13T20:29:00.578,45.1
2026-07-13T20:29:00.981,44.4
2026-07-13T20:29:01.384,42.0
2026-07-13T20:29:01.787,42.9
2026-07-13T20:29:02.190,42.5
2026-07-13T20:29:02.593,42.1
2026-07-13T20:29:02.995,42.4
2026-07-13T20:29:03.398,42.2
2026-07-13T20:29:03.801,41.9
2026-07-13T20:29:04.204,42.2
2026-07-13T20:29:04.607,42.1
2026-07-13T20:29:05.010,42.5
2026-07-13T20:29:05.413,42.3
2026-07-13T20:29:05.816,42.7
2026-07-13T20:29:06.219,42.4
2026-07-13T20:29:06.622,42.5
2026-07-13T20:29:07.025,43.4
2026-07-13T20:29:07.428,42.9
2026-07-13T20:29:07.831,42.5
2026-07-13T20:29:08.234,60.8
2026-07-13T20:29:08.637,57.5
2026-07-13T20:29:09.040,54.5
2026-07-13T20:29:09.443,52.1
2026-07-13T20:29:09.846,42.8
2026-07-13T20:29:10.249,42.6
2026-07-13T20:29:10.652,42.6
2026-07-13T20:29:11.055,42.4
2026-07-13T20:29:11.458,42.5
2026-07-13T20:29:11.860,42.6
2026-07-13T20:29:12.263,42.4
2026-07-13T20:29:12.666,42.3
2026-07-13T20:29:13.069,42.7
2026-07-13T20:29:13.472,42.5
2026-07-13T20:29:13.875,42.6
2026-07-13T20:29:14.278,42.5
2026-07-13T20:29:14.681,42.4
2026-07-13T20:29:15.084,42.6
2026-07-13T20:29:15.487,42.4
2026-07-13T20:29:15.890,42.4
2026-07-13T20:29:16.293,42.3
2026-07-13T20:29:16.700,42.5
2026-07-13T20:29:17.099,42.5
2026-07-13T20:29:17.502,42.4
2026-07-13T20:29:17.905,42.8
2026-07-13T20:29:18.308,42.7
2026-07-13T20:29:18.711,42.8
2026-07-13T20:29:19.114,42.8
2026-07-13T20:29:19.517,42.7
2026-07-13T20:29:19.920,42.6
2026-07-13T20:29:20.323,42.9
2026-07-13T20:29:20.726,42.7
2026-07-13T20:29:21.129,42.6
2026-07-13T20:29:21.532,42.7
2026-07-13T20:29:21.935,42.6
2026-07-13T20:29:22.338,42.4
2026-07-13T20:29:22.741,42.5
2026-07-13T20:29:23.144,42.8
2026-07-13T20:29:23.547,42.7
2026-07-13T20:29:23.950,42.3
2026-07-13T20:29:24.353,42.5
2026-07-13T20:29:24.756,42.7
2026-07-13T20:29:25.159,42.6
2026-07-13T20:29:25.561,42.8
2026-07-13T20:29:25.964,42.6
2026-07-13T20:29:26.367,42.3
2026-07-13T20:29:26.770,42.6
2026-07-13T20:29:27.173,42.7
2026-07-13T20:29:27.576,42.5
2026-07-13T20:29:27.979,42.5
2026-07-13T20:29:28.382,42.5
2026-07-13T20:29:28.785,42.6
2026-07-13T20:29:29.188,42.6
2026-07-13T20:29:29.591,42.5
2026-07-13T20:29:29.994,42.4
2026-07-13T20:29:30.397,43.1
2026-07-13T20:29:30.800,42.7
2026-07-13T20:29:31.203,42.7
2026-07-13T20:29:31.606,42.7
2026-07-13T20:29:32.009,42.8
2026-07-13T20:29:32.412,42.5
2026-07-13T20:29:32.815,42.7
2026-07-13T20:29:33.218,42.8
2026-07-13T20:29:33.621,42.6
2026-07-13T20:29:34.028,42.6
2026-07-13T20:29:34.427,42.9
2026-07-13T20:29:34.830,42.8
2026-07-13T20:29:35.233,42.8
2026-07-13T20:29:35.636,42.5
2026-07-13T20:29:36.039,42.7
2026-07-13T20:29:36.442,43.0
2026-07-13T20:29:36.845,42.8
2026-07-13T20:29:37.248,42.7
2026-07-13T20:29:37.651,42.7
2026-07-13T20:29:38.054,43.1
2026-07-13T20:29:38.457,42.9
2026-07-13T20:29:38.860,42.8
2026-07-13T20:29:39.263,43.5
2026-07-13T20:29:39.666,43.4
2026-07-13T20:29:40.069,45.0
2026-07-13T20:29:40.472,45.0
2026-07-13T20:29:40.875,45.0
2026-07-13T20:29:41.278,44.4
2026-07-13T20:29:41.681,47.8
2026-07-13T20:29:42.084,47.4
2026-07-13T20:29:42.487,47.1
2026-07-13T20:29:42.890,46.9
2026-07-13T20:29:43.293,50.1
2026-07-13T20:29:43.696,49.2
2026-07-13T20:29:44.099,48.1
2026-07-13T20:29:44.501,46.8
2026-07-13T20:29:44.904,43.1
2026-07-13T20:29:45.307,42.4
2026-07-13T20:29:45.710,42.1
2026-07-13T20:29:46.113,42.5
2026-07-13T20:29:46.516,48.9
2026-07-13T20:29:46.919,47.9
2026-07-13T20:29:47.322,47.1
2026-07-13T20:29:47.725,46.3
2026-07-13T20:29:48.128,42.9
2026-07-13T20:29:48.531,49.3
2026-07-13T20:29:48.934,50.5
2026-07-13T20:29:49.337,50.0
2026-07-13T20:29:49.740,48.3
2026-07-13T20:29:50.143,47.2
2026-07-13T20:29:50.546,49.4
2026-07-13T20:29:50.949,50.5
2026-07-13T20:29:51.352,49.8
2026-07-13T20:29:51.755,49.3
2026-07-13T20:29:52.158,48.6
2026-07-13T20:29:52.561,45.0
2026-07-13T20:29:52.964,43.4
2026-07-13T20:29:53.367,43.9
2026-07-13T20:29:53.770,43.9
2026-07-13T20:29:54.173,45.6
2026-07-13T20:29:54.576,45.1
2026-07-13T20:29:54.978,45.0
2026-07-13T20:29:55.381,44.7
2026-07-13T20:29:55.784,45.7
2026-07-13T20:29:56.187,49.3
2026-07-13T20:29:56.590,49.0
2026-07-13T20:29:56.993,48.5
2026-07-13T20:29:57.396,49.7
2026-07-13T20:29:57.799,49.3
2026-07-13T20:29:58.202,48.0
2026-07-13T20:29:58.605,47.8
2026-07-13T20:29:59.008,45.3
2026-07-13T20:29:59.411,45.7
2026-07-13T20:29:59.814,45.1
2026-07-13T20:30:00.217,44.3
2026-07-13T20:30:00.620,44.0
2026-07-13T20:30:01.023,42.9
2026-07-13T20:30:01.426,42.2
2026-07-13T20:30:01.829,42.3
2026-07-13T20:30:02.232,42.3
2026-07-13T20:30:02.635,43.3
2026-07-13T20:30:03.038,45.0
2026-07-13T20:30:03.441,44.4
2026-07-13T20:30:03.844,44.2
2026-07-13T20:30:04.247,43.7
2026-07-13T20:30:04.650,42.2
2026-07-13T20:30:05.053,42.5
2026-07-13T20:30:05.456,42.3
2026-07-13T20:30:05.859,42.2
2026-07-13T20:30:06.262,42.0
2026-07-13T20:30:06.664,43.7
2026-07-13T20:30:07.067,50.4
2026-07-13T20:30:07.470,48.5
2026-07-13T20:30:07.873,47.4
2026-07-13T20:30:08.276,46.3
2026-07-13T20:30:08.679,42.7
2026-07-13T20:30:09.082,43.5
2026-07-13T20:30:09.485,43.4
2026-07-13T20:30:09.888,42.9
2026-07-13T20:30:10.292,44.2
2026-07-13T20:30:10.694,45.9
2026-07-13T20:30:11.097,45.0
2026-07-13T20:30:11.500,44.4
2026-07-13T20:30:11.903,43.8
2026-07-13T20:30:12.306,42.5
2026-07-13T20:30:12.709,42.4
2026-07-13T20:30:13.112,42.5
2026-07-13T20:30:13.515,44.9
2026-07-13T20:30:13.918,44.8
2026-07-13T20:30:14.321,44.3
2026-07-13T20:30:14.724,46.0
2026-07-13T20:30:15.127,45.7
2026-07-13T20:30:15.530,44.9
2026-07-13T20:30:15.933,44.2
2026-07-13T20:30:16.336,42.8
2026-07-13T20:30:16.739,42.5
2026-07-13T20:30:17.142,44.1
2026-07-13T20:30:17.545,43.8
2026-07-13T20:30:17.948,43.5
2026-07-13T20:30:18.351,43.3
2026-07-13T20:30:18.754,42.7
2026-07-13T20:30:19.156,42.5
2026-07-13T20:30:19.559,43.1
2026-07-13T20:30:19.962,49.7
2026-07-13T20:30:20.365,48.7
2026-07-13T20:30:20.768,49.7
2026-07-13T20:30:21.171,48.4
2026-07-13T20:30:21.574,47.3
2026-07-13T20:30:21.977,46.4
2026-07-13T20:30:22.380,44.8
2026-07-13T20:30:22.783,44.8
2026-07-13T20:30:23.186,46.5
2026-07-13T20:30:23.589,47.2
2026-07-13T20:30:23.992,50.7
2026-07-13T20:30:24.395,50.0
2026-07-13T20:30:24.798,49.0
2026-07-13T20:30:25.201,50.6
2026-07-13T20:30:25.604,51.0
2026-07-13T20:30:26.007,51.2
2026-07-13T20:30:26.410,50.5
2026-07-13T20:30:26.813,50.1
2026-07-13T20:30:27.216,49.4
2026-07-13T20:30:27.619,43.2
2026-07-13T20:30:28.022,50.0
2026-07-13T20:30:28.425,49.8
2026-07-13T20:30:28.828,48.7
2026-07-13T20:30:29.231,47.7
2026-07-13T20:30:29.634,50.3
2026-07-13T20:30:30.036,50.2
2026-07-13T20:30:30.439,49.0
2026-07-13T20:30:30.842,51.6
2026-07-13T20:30:31.245,51.1
2026-07-13T20:30:31.648,49.4
2026-07-13T20:30:32.051,48.0
2026-07-13T20:30:32.454,50.7
2026-07-13T20:30:32.857,49.5
2026-07-13T20:30:33.260,48.6
2026-07-13T20:30:33.663,47.6
2026-07-13T20:30:34.066,42.6
2026-07-13T20:30:34.469,42.8
2026-07-13T20:30:34.872,42.7
2026-07-13T20:30:35.275,42.7
2026-07-13T20:30:35.678,42.8
2026-07-13T20:30:36.081,44.0
2026-07-13T20:30:36.484,43.5
2026-07-13T20:30:36.887,43.2
2026-07-13T20:30:37.290,42.9
2026-07-13T20:30:37.693,43.5
2026-07-13T20:30:38.096,43.4
2026-07-13T20:30:38.499,43.3
2026-07-13T20:30:38.901,43.5
2026-07-13T20:30:39.305,43.0
2026-07-13T20:30:39.707,42.8
2026-07-13T20:30:40.110,43.1
2026-07-13T20:30:40.513,46.4
2026-07-13T20:30:40.916,45.5
2026-07-13T20:30:41.319,44.6
2026-07-13T20:30:41.722,44.3
2026-07-13T20:30:42.125,51.9
2026-07-13T20:30:42.528,50.3
2026-07-13T20:30:42.931,48.6
2026-07-13T20:30:43.334,47.3
2026-07-13T20:30:43.737,43.4
2026-07-13T20:30:44.140,42.5
2026-07-13T20:30:44.543,42.6
2026-07-13T20:30:44.946,42.4
2026-07-13T20:30:45.349,42.4
2026-07-13T20:30:45.752,42.0
2026-07-13T20:30:46.155,42.3
2026-07-13T20:30:46.557,42.4
2026-07-13T20:30:46.960,42.1
2026-07-13T20:30:47.363,42.2
2026-07-13T20:30:47.766,42.0
2026-07-13T20:30:48.169,42.4
2026-07-13T20:30:48.572,42.5
2026-07-13T20:30:48.975,42.3
2026-07-13T20:30:49.378,43.0
2026-07-13T20:30:49.781,42.7
2026-07-13T20:30:50.184,42.6
2026-07-13T20:30:50.587,42.9
2026-07-13T20:30:50.990,42.5
2026-07-13T20:30:51.393,45.4
2026-07-13T20:30:51.796,45.2
2026-07-13T20:30:52.199,47.8
2026-07-13T20:30:52.602,47.0
2026-07-13T20:30:53.005,46.3
2026-07-13T20:30:53.408,45.6
2026-07-13T20:30:53.811,43.1
2026-07-13T20:30:54.214,43.4
2026-07-13T20:30:54.617,43.2
2026-07-13T20:30:55.019,43.1
2026-07-13T20:30:55.422,43.0
2026-07-13T20:30:55.825,42.8
2026-07-13T20:30:56.228,43.7
2026-07-13T20:30:56.631,43.4
2026-07-13T20:30:57.034,43.3
2026-07-13T20:30:57.437,43.3
2026-07-13T20:30:57.840,43.2
2026-07-13T20:30:58.243,43.8
2026-07-13T20:30:58.646,43.4
2026-07-13T20:30:59.049,43.1
2026-07-13T20:30:59.452,42.7
2026-07-13T20:30:59.855,42.5
2026-07-13T20:31:00.258,42.4
2026-07-13T20:31:00.661,42.7
2026-07-13T20:31:01.064,42.4
2026-07-13T20:31:01.467,42.0
2026-07-13T20:31:01.870,42.3
2026-07-13T20:31:02.273,42.6
2026-07-13T20:31:02.676,43.0
2026-07-13T20:31:03.079,43.3
2026-07-13T20:31:03.482,43.2
2026-07-13T20:31:03.885,42.8
2026-07-13T20:31:04.288,42.7
2026-07-13T20:31:04.690,43.1
2026-07-13T20:31:05.093,42.7
2026-07-13T20:31:05.496,42.3
2026-07-13T20:31:05.899,42.5
2026-07-13T20:31:06.302,43.2
2026-07-13T20:31:06.705,44.3
2026-07-13T20:31:07.108,45.6
2026-07-13T20:31:07.511,45.0
2026-07-13T20:31:07.914,44.5
2026-07-13T20:31:08.317,43.9
2026-07-13T20:31:08.720,46.7
2026-07-13T20:31:09.123,46.0
2026-07-13T20:31:09.526,45.6
2026-07-13T20:31:09.929,45.2
2026-07-13T20:31:10.332,43.5
2026-07-13T20:31:10.735,42.6
2026-07-13T20:31:11.138,42.2
2026-07-13T20:31:11.541,42.0
2026-07-13T20:31:11.944,42.1
2026-07-13T20:31:12.347,42.1
2026-07-13T20:31:12.750,43.1
2026-07-13T20:31:13.152,50.7
2026-07-13T20:31:13.555,49.8
2026-07-13T20:31:13.958,48.4
2026-07-13T20:31:14.361,47.3
2026-07-13T20:31:14.764,42.9
2026-07-13T20:31:15.167,43.1
2026-07-13T20:31:15.570,42.6
2026-07-13T20:31:15.973,42.2
2026-07-13T20:31:16.376,42.0
2026-07-13T20:31:16.779,43.5
2026-07-13T20:31:17.182,46.2
2026-07-13T20:31:17.585,45.4
2026-07-13T20:31:17.989,44.5
2026-07-13T20:31:18.391,43.7
2026-07-13T20:31:18.794,43.2
2026-07-13T20:31:19.197,42.3
2026-07-13T20:31:19.600,42.2
2026-07-13T20:31:20.003,42.4
2026-07-13T20:31:20.406,42.2
2026-07-13T20:31:20.809,42.5
2026-07-13T20:31:21.212,42.2
2026-07-13T20:31:21.615,44.3
2026-07-13T20:31:22.018,44.7
2026-07-13T20:31:22.420,44.4
2026-07-13T20:31:22.823,44.0
2026-07-13T20:31:23.226,43.4
2026-07-13T20:31:23.629,42.3
2026-07-13T20:31:24.032,42.4
2026-07-13T20:31:24.435,42.3
2026-07-13T20:31:24.838,43.5
2026-07-13T20:31:25.241,43.2
2026-07-13T20:31:25.644,42.8
2026-07-13T20:31:26.047,42.6
2026-07-13T20:31:26.450,42.5
2026-07-13T20:31:26.853,42.6
2026-07-13T20:31:27.256,42.9
2026-07-13T20:31:27.659,42.9
2026-07-13T20:31:28.062,42.7
2026-07-13T20:31:28.465,42.6
2026-07-13T20:31:28.872,43.0
2026-07-13T20:31:29.271,43.1
2026-07-13T20:31:29.674,43.9
2026-07-13T20:31:30.077,43.7
2026-07-13T20:31:30.480,43.5
2026-07-13T20:31:30.883,43.3
2026-07-13T20:31:31.286,43.0
2026-07-13T20:31:31.689,43.3
2026-07-13T20:31:32.092,43.1
2026-07-13T20:31:32.495,42.8
2026-07-13T20:31:32.898,51.2
2026-07-13T20:31:33.300,73.7
2026-07-13T20:31:33.704,67.3
2026-07-13T20:31:34.107,62.4
2026-07-13T20:31:34.510,58.4
2026-07-13T20:31:34.913,42.3
2026-07-13T20:31:35.316,42.8
2026-07-13T20:31:35.718,42.6
2026-07-13T20:31:36.121,42.3
2026-07-13T20:31:36.524,42.8
2026-07-13T20:31:36.927,42.5
2026-07-13T20:31:37.330,42.9
2026-07-13T20:31:37.733,42.5
2026-07-13T20:31:38.136,42.7
2026-07-13T20:31:38.539,42.9
2026-07-13T20:31:38.942,46.6
2026-07-13T20:31:39.345,45.7
2026-07-13T20:31:39.748,45.0
2026-07-13T20:31:40.151,44.7
2026-07-13T20:31:40.554,42.4
2026-07-13T20:31:40.957,47.7
2026-07-13T20:31:41.360,46.7
2026-07-13T20:31:41.763,45.6
2026-07-13T20:31:42.166,44.8
2026-07-13T20:31:42.569,44.5
2026-07-13T20:31:42.972,46.3
2026-07-13T20:31:43.375,45.4
2026-07-13T20:31:43.778,44.8
2026-07-13T20:31:44.181,44.6
2026-07-13T20:31:44.584,42.9
2026-07-13T20:31:44.987,42.3
2026-07-13T20:31:45.390,43.1
2026-07-13T20:31:45.793,43.5
2026-07-13T20:31:46.196,43.2
2026-07-13T20:31:46.599,42.8
2026-07-13T20:31:47.002,42.5
2026-07-13T20:31:47.405,42.4
2026-07-13T20:31:47.808,42.4
2026-07-13T20:31:48.211,42.7
2026-07-13T20:31:48.614,42.8
2026-07-13T20:31:49.017,42.6
2026-07-13T20:31:49.420,42.4
2026-07-13T20:31:49.823,42.7
2026-07-13T20:31:50.225,45.2
2026-07-13T20:31:50.628,44.6
2026-07-13T20:31:51.031,44.2
2026-07-13T20:31:51.434,43.8
2026-07-13T20:31:51.837,43.4
2026-07-13T20:31:52.241,43.4
2026-07-13T20:31:52.643,43.2
2026-07-13T20:31:53.046,43.5
2026-07-13T20:31:53.449,43.0
2026-07-13T20:31:53.852,44.1
2026-07-13T20:31:54.255,44.6
2026-07-13T20:31:54.658,44.3
2026-07-13T20:31:55.061,43.6
2026-07-13T20:31:55.464,43.2
2026-07-13T20:31:55.867,42.4
2026-07-13T20:31:56.270,42.5
2026-07-13T20:31:56.673,42.2
2026-07-13T20:31:57.076,43.5
2026-07-13T20:31:57.479,43.1
2026-07-13T20:31:57.882,42.8
2026-07-13T20:31:58.285,42.4
2026-07-13T20:31:58.688,42.7
2026-07-13T20:31:59.091,42.5
2026-07-13T20:31:59.494,42.2
2026-07-13T20:31:59.897,43.0
2026-07-13T20:32:00.300,42.8
2026-07-13T20:32:00.703,42.7
2026-07-13T20:32:01.106,42.5
2026-07-13T20:32:01.512,42.5
2026-07-13T20:32:01.911,42.4
2026-07-13T20:32:02.314,42.4
2026-07-13T20:32:02.717,42.2
2026-07-13T20:32:03.120,42.4
2026-07-13T20:32:03.523,42.5
2026-07-13T20:32:03.926,42.3
2026-07-13T20:32:04.329,42.5
2026-07-13T20:32:04.732,42.5
2026-07-13T20:32:05.135,42.7
2026-07-13T20:32:05.538,52.5
2026-07-13T20:32:05.941,50.6
2026-07-13T20:32:06.344,49.0
2026-07-13T20:32:06.747,47.7
2026-07-13T20:32:07.150,42.4
2026-07-13T20:32:07.553,42.6
2026-07-13T20:32:07.956,42.3
2026-07-13T20:32:08.359,42.3
2026-07-13T20:32:08.762,42.3
2026-07-13T20:32:09.165,42.3
2026-07-13T20:32:09.568,42.3
2026-07-13T20:32:09.971,42.5
2026-07-13T20:32:10.374,42.4
2026-07-13T20:32:10.777,42.8
2026-07-13T20:32:11.180,42.4
2026-07-13T20:32:11.583,42.4
2026-07-13T20:32:11.986,42.5
2026-07-13T20:32:12.389,42.4
2026-07-13T20:32:12.792,42.8
2026-07-13T20:32:13.195,42.6
2026-07-13T20:32:13.597,42.3
2026-07-13T20:32:14.000,42.2
2026-07-13T20:32:14.403,42.5
2026-07-13T20:32:14.806,42.5
2026-07-13T20:32:15.209,42.5
2026-07-13T20:32:15.612,42.7
2026-07-13T20:32:16.015,42.3
2026-07-13T20:32:16.418,42.6
2026-07-13T20:32:16.821,42.3
2026-07-13T20:32:17.224,42.4
2026-07-13T20:32:17.627,42.2
2026-07-13T20:32:18.030,42.0
2026-07-13T20:32:18.433,42.1
2026-07-13T20:32:18.836,43.2
2026-07-13T20:32:19.239,42.7
2026-07-13T20:32:19.642,43.0
2026-07-13T20:32:20.045,42.6
2026-07-13T20:32:20.448,42.2
2026-07-13T20:32:20.851,42.3
2026-07-13T20:32:21.254,42.8
2026-07-13T20:32:21.657,42.7
2026-07-13T20:32:22.060,43.6
2026-07-13T20:32:22.463,43.5
2026-07-13T20:32:22.866,43.1
2026-07-13T20:32:23.269,42.9
2026-07-13T20:32:23.672,42.7
2026-07-13T20:32:24.075,42.5
2026-07-13T20:32:24.478,42.7
2026-07-13T20:32:24.881,42.8
2026-07-13T20:32:25.286,42.7
2026-07-13T20:32:25.687,42.6
2026-07-13T20:32:26.090,44.0
2026-07-13T20:32:26.493,43.7
2026-07-13T20:32:26.896,43.3
2026-07-13T20:32:27.299,43.2
2026-07-13T20:32:27.702,42.7
2026-07-13T20:32:28.105,43.1
2026-07-13T20:32:28.508,42.9
2026-07-13T20:32:28.911,42.8
2026-07-13T20:32:29.314,42.8
2026-07-13T20:32:29.717,42.9
2026-07-13T20:32:30.120,42.8
2026-07-13T20:32:30.523,42.7
2026-07-13T20:32:30.926,42.8
2026-07-13T20:32:31.329,42.7
2026-07-13T20:32:31.732,42.7
2026-07-13T20:32:32.135,42.7
2026-07-13T20:32:32.538,42.9
2026-07-13T20:32:32.941,42.5
2026-07-13T20:32:33.344,43.0
2026-07-13T20:32:33.747,43.1
2026-07-13T20:32:34.150,42.9
2026-07-13T20:32:34.553,42.8
2026-07-13T20:32:34.956,43.3
2026-07-13T20:32:35.359,43.0
2026-07-13T20:32:35.762,43.1
2026-07-13T20:32:36.165,43.3
2026-07-13T20:32:36.567,44.1
2026-07-13T20:32:36.971,44.0
2026-07-13T20:32:37.373,44.1
2026-07-13T20:32:37.776,43.6
2026-07-13T20:32:38.179,43.5
2026-07-13T20:32:38.582,43.3
2026-07-13T20:32:38.985,45.8
2026-07-13T20:32:39.388,45.3
2026-07-13T20:32:39.791,44.7
2026-07-13T20:32:40.194,44.4
2026-07-13T20:32:40.597,50.4
2026-07-13T20:32:41.001,49.0
2026-07-13T20:32:41.403,47.7
2026-07-13T20:32:41.806,46.6
2026-07-13T20:32:42.209,42.1
2026-07-13T20:32:42.612,42.5
2026-07-13T20:32:43.015,42.3
2026-07-13T20:32:43.418,42.3
2026-07-13T20:32:43.821,42.5
2026-07-13T20:32:44.224,42.7
2026-07-13T20:32:44.627,42.7
2026-07-13T20:32:45.030,42.4
2026-07-13T20:32:45.433,42.5
2026-07-13T20:32:45.836,42.9
2026-07-13T20:32:46.239,44.9
2026-07-13T20:32:46.642,44.6
2026-07-13T20:32:47.045,46.2
2026-07-13T20:32:47.448,45.6
2026-07-13T20:32:47.851,44.9
2026-07-13T20:32:48.254,44.2
2026-07-13T20:32:48.657,42.6
2026-07-13T20:32:49.060,42.5
2026-07-13T20:32:49.463,42.5
2026-07-13T20:32:49.866,42.5
2026-07-13T20:32:50.269,42.7
2026-07-13T20:32:50.672,42.4
2026-07-13T20:32:51.075,42.8
2026-07-13T20:32:51.478,42.9
2026-07-13T20:32:51.881,42.5
2026-07-13T20:32:52.286,42.6
2026-07-13T20:32:52.687,42.7
2026-07-13T20:32:53.090,45.8
2026-07-13T20:32:53.495,48.0
2026-07-13T20:32:53.896,47.8
2026-07-13T20:32:54.299,47.7
2026-07-13T20:32:54.702,46.6
2026-07-13T20:32:55.105,42.9
2026-07-13T20:32:55.508,44.1
2026-07-13T20:32:55.911,43.7
2026-07-13T20:32:56.316,43.4
2026-07-13T20:32:56.717,43.1
2026-07-13T20:32:57.120,42.8
2026-07-13T20:32:57.523,42.6
2026-07-13T20:32:57.926,42.1
2026-07-13T20:32:58.329,42.4
2026-07-13T20:32:58.732,42.8
2026-07-13T20:32:59.135,42.7
2026-07-13T20:32:59.538,42.5
2026-07-13T20:32:59.941,42.6
2026-07-13T20:33:00.344,42.6
2026-07-13T20:33:00.747,42.5
2026-07-13T20:33:01.150,42.6
2026-07-13T20:33:01.553,42.5
2026-07-13T20:33:01.956,42.3
2026-07-13T20:33:02.359,42.4
2026-07-13T20:33:02.763,42.9
2026-07-13T20:33:03.165,42.7
2026-07-13T20:33:03.568,42.5
2026-07-13T20:33:03.971,42.5
2026-07-13T20:33:04.374,42.5
2026-07-13T20:33:04.777,43.0
2026-07-13T20:33:05.180,43.7
2026-07-13T20:33:05.583,43.5
2026-07-13T20:33:05.986,43.0
2026-07-13T20:33:06.389,42.8
2026-07-13T20:33:06.792,43.0
2026-07-13T20:33:07.195,42.8
2026-07-13T20:33:07.598,42.4
2026-07-13T20:33:08.001,42.6
2026-07-13T20:33:08.404,43.2
2026-07-13T20:33:08.807,43.1
2026-07-13T20:33:09.210,43.0
2026-07-13T20:33:09.613,42.8
2026-07-13T20:33:10.016,42.9
2026-07-13T20:33:10.419,42.7
2026-07-13T20:33:10.822,42.4
2026-07-13T20:33:11.225,42.4
2026-07-13T20:33:11.628,42.6
2026-07-13T20:33:12.031,42.2
2026-07-13T20:33:12.434,42.6
2026-07-13T20:33:12.837,42.3
2026-07-13T20:33:13.240,43.2
2026-07-13T20:33:13.643,43.1
2026-07-13T20:33:14.046,42.8
2026-07-13T20:33:14.449,43.4
2026-07-13T20:33:14.852,43.0
2026-07-13T20:33:15.255,42.9
2026-07-13T20:33:15.658,42.8
2026-07-13T20:33:16.061,42.4
2026-07-13T20:33:16.464,42.2
2026-07-13T20:33:16.867,42.2
2026-07-13T20:33:17.270,42.6
2026-07-13T20:33:17.673,42.3
2026-07-13T20:33:18.076,42.2
2026-07-13T20:33:18.479,43.1
2026-07-13T20:33:18.882,43.3
2026-07-13T20:33:19.285,53.3
2026-07-13T20:33:19.688,52.7
2026-07-13T20:33:20.091,52.1
2026-07-13T20:33:20.494,50.7
2026-07-13T20:33:20.897,45.2
2026-07-13T20:33:21.300,48.6
2026-07-13T20:33:21.703,49.3
2026-07-13T20:33:22.106,48.3
2026-07-13T20:33:22.509,52.8
2026-07-13T20:33:22.912,51.3
2026-07-13T20:33:23.315,49.5
2026-07-13T20:33:23.718,47.8
2026-07-13T20:33:24.121,42.2
2026-07-13T20:33:24.524,42.3
2026-07-13T20:33:24.927,42.1
2026-07-13T20:33:25.330,42.5
2026-07-13T20:33:25.733,42.6
2026-07-13T20:33:26.136,42.4
2026-07-13T20:33:26.539,42.2
2026-07-13T20:33:26.942,42.3
2026-07-13T20:33:27.345,42.3
2026-07-13T20:33:27.747,42.3
2026-07-13T20:33:28.150,42.5
2026-07-13T20:33:28.553,44.5
2026-07-13T20:33:28.956,44.1
2026-07-13T20:33:29.359,43.7
2026-07-13T20:33:29.762,43.1
2026-07-13T20:33:30.165,42.3
2026-07-13T20:33:30.568,42.1
2026-07-13T20:33:30.971,42.0
2026-07-13T20:33:31.374,41.9
2026-07-13T20:33:31.777,43.4
2026-07-13T20:33:32.180,42.8
2026-07-13T20:33:32.583,42.5
2026-07-13T20:33:32.986,42.2
2026-07-13T20:33:33.389,42.2
2026-07-13T20:33:33.792,42.2
2026-07-13T20:33:34.195,42.2
2026-07-13T20:33:34.598,42.2
2026-07-13T20:33:35.001,43.1
2026-07-13T20:33:35.404,43.1
2026-07-13T20:33:35.807,43.0
2026-07-13T20:33:36.210,42.6
2026-07-13T20:33:36.613,42.3
2026-07-13T20:33:37.016,43.0
2026-07-13T20:33:37.419,42.7
2026-07-13T20:33:37.822,42.6
2026-07-13T20:33:38.225,42.5
2026-07-13T20:33:38.628,41.9
2026-07-13T20:33:39.031,42.3
2026-07-13T20:33:39.434,43.6
2026-07-13T20:33:39.837,43.3
2026-07-13T20:33:40.240,42.9
2026-07-13T20:33:40.643,42.6
2026-07-13T20:33:41.046,42.2
2026-07-13T20:33:41.449,42.1
2026-07-13T20:33:41.852,43.4
2026-07-13T20:33:42.255,43.0
2026-07-13T20:33:42.658,44.6
2026-07-13T20:33:43.061,44.2
2026-07-13T20:33:43.464,82.2
2026-07-13T20:33:44.090,50.1
2026-07-13T20:33:44.493,49.4
2026-07-13T20:33:55.430,55.4
2026-07-13T20:33:55.833,53.5
2026-07-13T20:33:56.236,52.4
2026-07-13T20:33:56.639,47.6
2026-07-13T20:33:57.042,30.0
2026-07-13T20:33:57.445,30.0
2026-07-13T20:33:57.848,60.9
2026-07-13T20:33:58.250,84.7
2026-07-13T20:33:58.654,76.3
2026-07-13T20:33:59.057,70.2
2026-07-13T20:33:59.460,65.5
2026-07-13T20:33:59.863,43.5
2026-07-13T20:34:00.266,42.3
2026-07-13T20:34:00.669,42.4
2026-07-13T20:34:01.072,42.4
2026-07-13T20:34:01.474,42.1
2026-07-13T20:34:01.877,42.6
2026-07-13T20:34:02.280,42.2
2026-07-13T20:34:02.683,42.6
2026-07-13T20:34:03.086,44.6
2026-07-13T20:34:03.489,44.0
2026-07-13T20:34:03.892,44.2
2026-07-13T20:34:04.295,44.8
2026-07-13T20:34:04.698,44.5
2026-07-13T20:34:05.101,46.1
2026-07-13T20:34:05.504,48.2
2026-07-13T20:34:05.907,47.2
2026-07-13T20:34:06.310,46.3
2026-07-13T20:34:06.713,45.5
2026-07-13T20:34:07.116,43.6
2026-07-13T20:34:07.519,42.4
2026-07-13T20:34:07.922,43.4
2026-07-13T20:34:08.325,45.3
2026-07-13T20:34:08.728,44.8
2026-07-13T20:34:09.131,44.0
2026-07-13T20:34:09.534,43.5
2026-07-13T20:34:09.937,42.7
2026-07-13T20:34:10.340,42.3
2026-07-13T20:34:10.743,42.3
2026-07-13T20:34:11.146,43.5
2026-07-13T20:34:11.549,43.9
2026-07-13T20:34:11.952,44.3
2026-07-13T20:34:12.355,44.2
2026-07-13T20:34:12.758,43.9
2026-07-13T20:34:13.161,43.4
2026-07-13T20:34:13.564,43.0
2026-07-13T20:34:13.967,43.3
2026-07-13T20:34:14.370,43.5
2026-07-13T20:34:14.773,43.4
2026-07-13T20:34:15.176,43.3
2026-07-13T20:34:15.579,43.2
2026-07-13T20:34:15.982,43.2
2026-07-13T20:34:16.385,42.9
2026-07-13T20:34:16.788,43.5
2026-07-13T20:34:17.191,43.1
2026-07-13T20:34:17.594,43.0
2026-07-13T20:34:17.996,42.7
2026-07-13T20:34:18.399,43.0
2026-07-13T20:34:18.802,42.9
2026-07-13T20:34:19.205,43.0
2026-07-13T20:34:19.608,43.8
2026-07-13T20:34:20.011,50.5
2026-07-13T20:34:20.414,49.9
2026-07-13T20:34:20.817,49.1
2026-07-13T20:34:21.220,47.8
2026-07-13T20:34:21.623,42.7
2026-07-13T20:34:22.026,43.8
2026-07-13T20:34:22.429,43.6
2026-07-13T20:34:22.832,50.3
2026-07-13T20:34:23.235,49.9
2026-07-13T20:34:23.638,49.1
2026-07-13T20:34:24.041,50.4
2026-07-13T20:34:24.444,49.0
2026-07-13T20:34:24.847,47.5
2026-07-13T20:34:25.250,46.5
2026-07-13T20:34:25.653,46.4
2026-07-13T20:34:26.056,44.5
2026-07-13T20:34:26.459,42.7
2026-07-13T20:34:26.862,42.8
2026-07-13T20:34:27.265,42.6
2026-07-13T20:34:27.668,42.4
2026-07-13T20:34:28.071,43.0
2026-07-13T20:34:28.474,42.9
2026-07-13T20:34:28.877,42.5
2026-07-13T20:34:29.280,42.7
2026-07-13T20:34:29.683,42.7
2026-07-13T20:34:30.086,42.3
2026-07-13T20:34:30.489,42.8
2026-07-13T20:34:30.892,42.6
2026-07-13T20:34:31.295,42.3
2026-07-13T20:34:31.698,42.7
2026-07-13T20:34:32.101,42.5
2026-07-13T20:34:32.504,42.8
2026-07-13T20:34:32.907,42.7
2026-07-13T20:34:33.310,42.9
2026-07-13T20:34:33.713,42.5
2026-07-13T20:34:34.116,42.5
2026-07-13T20:34:34.519,42.6
2026-07-13T20:34:34.922,42.4
2026-07-13T20:34:35.325,42.8
2026-07-13T20:34:35.728,42.4
2026-07-13T20:34:36.131,42.4
2026-07-13T20:34:36.534,42.6
2026-07-13T20:34:36.937,42.8
2026-07-13T20:34:37.340,42.5
2026-07-13T20:34:37.743,42.4
2026-07-13T20:34:38.146,42.3
2026-07-13T20:34:38.549,42.6
2026-07-13T20:34:38.952,42.5
2026-07-13T20:34:39.355,42.5
2026-07-13T20:34:39.758,42.3
2026-07-13T20:34:40.161,42.5
2026-07-13T20:34:40.564,42.4
2026-07-13T20:34:40.967,42.7
2026-07-13T20:34:41.369,42.6
2026-07-13T20:34:41.772,42.7
2026-07-13T20:34:42.175,42.6
2026-07-13T20:34:42.578,42.7
2026-07-13T20:34:42.981,42.5
2026-07-13T20:34:43.384,42.6
2026-07-13T20:34:43.787,42.7
2026-07-13T20:34:44.190,42.3
2026-07-13T20:34:44.593,42.7
2026-07-13T20:34:44.996,42.7
2026-07-13T20:34:45.399,42.5
2026-07-13T20:34:45.802,42.6
2026-07-13T20:34:46.205,42.8
2026-07-13T20:34:46.608,42.7
2026-07-13T20:34:47.011,43.1
2026-07-13T20:34:47.414,43.7
2026-07-13T20:34:47.817,44.4
2026-07-13T20:34:48.220,44.0
2026-07-13T20:34:48.623,43.7
2026-07-13T20:34:49.026,43.7
2026-07-13T20:34:49.429,43.4
2026-07-13T20:34:49.832,43.1
2026-07-13T20:34:50.235,42.7
2026-07-13T20:34:50.638,43.0
2026-07-13T20:34:51.041,43.6
2026-07-13T20:34:51.444,43.3
2026-07-13T20:34:51.847,43.2
2026-07-13T20:34:52.250,42.7
2026-07-13T20:34:52.652,42.3
2026-07-13T20:34:53.055,72.1
2026-07-13T20:34:53.459,65.9
2026-07-13T20:34:53.861,60.9
2026-07-13T20:34:54.264,57.1
2026-07-13T20:34:54.667,42.5
2026-07-13T20:34:55.070,42.6
2026-07-13T20:34:55.473,42.3
2026-07-13T20:34:55.876,42.8
2026-07-13T20:34:56.281,42.4
2026-07-13T20:34:56.682,42.7
2026-07-13T20:34:57.085,42.5
2026-07-13T20:34:57.488,42.5
2026-07-13T20:34:57.891,42.2
2026-07-13T20:34:58.294,42.6
2026-07-13T20:34:58.697,42.5
2026-07-13T20:34:59.100,42.9
2026-07-13T20:34:59.503,42.8
2026-07-13T20:34:59.906,42.5
2026-07-13T20:35:00.309,42.6
2026-07-13T20:35:00.712,42.4
2026-07-13T20:35:01.115,42.7
2026-07-13T20:35:01.518,42.7
2026-07-13T20:35:01.921,42.3
2026-07-13T20:35:02.324,42.4
2026-07-13T20:35:02.727,42.3
2026-07-13T20:35:03.130,42.5
2026-07-13T20:35:03.533,42.5
2026-07-13T20:35:03.936,42.5
2026-07-13T20:35:04.339,42.3
2026-07-13T20:35:04.742,42.6
2026-07-13T20:35:05.145,42.5
2026-07-13T20:35:05.548,42.6
2026-07-13T20:35:05.951,42.2
2026-07-13T20:35:06.354,42.2
2026-07-13T20:35:06.756,42.6
2026-07-13T20:35:07.159,43.9
2026-07-13T20:35:07.562,43.7
2026-07-13T20:35:07.965,44.0
2026-07-13T20:35:08.368,45.0
2026-07-13T20:35:08.771,51.9
2026-07-13T20:35:09.174,95.7
2026-07-13T20:35:09.577,93.8
2026-07-13T20:35:09.980,85.2
2026-07-13T20:35:10.383,77.3
2026-07-13T20:35:10.786,42.8
2026-07-13T20:35:11.189,43.7
2026-07-13T20:35:11.592,47.8
2026-07-13T20:35:12.168,53.3
2026-07-13T20:35:12.571,48.4
2026-07-13T20:35:12.974,47.0
2026-07-13T20:35:13.377,46.5
2026-07-13T20:35:13.780,43.1
2026-07-13T20:35:14.183,41.1
2026-07-13T20:35:14.586,41.0
2026-07-13T20:35:14.989,40.8
2026-07-13T20:35:15.392,40.8
2026-07-13T20:35:15.795,40.9
2026-07-13T20:35:16.198,41.5
2026-07-13T20:35:16.601,41.8
2026-07-13T20:35:17.004,41.3
2026-07-13T20:35:17.407,41.1
2026-07-13T20:35:17.810,40.9
2026-07-13T20:35:18.212,74.7
2026-07-13T20:35:18.616,67.7
2026-07-13T20:35:19.019,62.3
2026-07-13T20:35:19.422,57.7
2026-07-13T20:35:19.825,41.1
2026-07-13T20:35:20.228,41.4
2026-07-13T20:35:20.631,41.2
2026-07-13T20:35:21.034,46.4
2026-07-13T20:35:21.437,45.3
2026-07-13T20:35:21.839,44.4
2026-07-13T20:35:22.242,44.3
2026-07-13T20:35:22.645,82.3
2026-07-13T20:35:23.048,73.8
2026-07-13T20:35:23.451,66.9
2026-07-13T20:35:23.854,61.7
2026-07-13T20:35:24.257,40.8
2026-07-13T20:35:24.660,40.9
2026-07-13T20:35:25.063,44.8
2026-07-13T20:35:25.471,56.1
2026-07-13T20:35:25.869,52.8
2026-07-13T20:35:26.272,50.1
2026-07-13T20:35:26.675,48.2
2026-07-13T20:35:27.078,41.0
2026-07-13T20:35:27.481,41.0
2026-07-13T20:35:27.884,40.8
2026-07-13T20:35:28.287,44.1
2026-07-13T20:35:28.690,55.6
2026-07-13T20:35:29.093,52.5
2026-07-13T20:35:29.496,50.2
2026-07-13T20:35:29.899,48.2
2026-07-13T20:35:30.302,41.0
2026-07-13T20:35:30.705,41.0
2026-07-13T20:35:31.108,41.1
2026-07-13T20:35:31.511,41.0
2026-07-13T20:35:31.914,45.3
2026-07-13T20:35:32.317,45.3
2026-07-13T20:35:32.719,98.7
2026-07-13T20:35:33.123,87.3
2026-07-13T20:35:33.526,78.2
2026-07-13T20:35:33.929,70.9
2026-07-13T20:35:34.332,48.9
2026-07-13T20:35:34.734,43.2
2026-07-13T20:35:35.137,42.2
2026-07-13T20:35:35.540,42.5
2026-07-13T20:35:35.943,42.0
2026-07-13T20:35:36.346,41.7
2026-07-13T20:35:36.749,41.8
2026-07-13T20:35:37.152,43.4
2026-07-13T20:35:37.555,48.9
2026-07-13T20:35:37.958,50.3
2026-07-13T20:35:38.361,49.7
2026-07-13T20:35:38.764,49.1
2026-07-13T20:35:39.167,48.2
2026-07-13T20:35:39.570,42.4
2026-07-13T20:35:39.973,42.7
2026-07-13T20:35:40.376,42.4
2026-07-13T20:35:40.779,42.1
2026-07-13T20:35:41.182,41.8
2026-07-13T20:35:41.585,44.4
2026-07-13T20:35:41.988,43.9
2026-07-13T20:35:42.391,46.2
2026-07-13T20:35:42.794,45.4
2026-07-13T20:35:43.197,44.5
2026-07-13T20:35:43.600,43.8
2026-07-13T20:35:44.003,46.8
2026-07-13T20:35:44.406,47.0
2026-07-13T20:35:44.809,46.9
2026-07-13T20:35:45.212,45.8
2026-07-13T20:35:45.615,44.7
2026-07-13T20:35:46.018,41.7
2026-07-13T20:35:46.421,42.3
2026-07-13T20:35:46.824,41.9
2026-07-13T20:35:47.227,42.1
2026-07-13T20:35:47.630,41.9
2026-07-13T20:35:48.033,42.1
2026-07-13T20:35:48.436,42.0
2026-07-13T20:35:48.839,47.3
2026-07-13T20:35:49.242,46.7
2026-07-13T20:35:49.645,45.9
2026-07-13T20:35:50.048,45.7
2026-07-13T20:35:50.451,43.9
2026-07-13T20:35:50.853,94.9
2026-07-13T20:35:51.256,94.1
2026-07-13T20:35:51.660,85.5
2026-07-13T20:35:52.063,79.3
2026-07-13T20:35:52.465,42.2
2026-07-13T20:35:52.869,46.3
2026-07-13T20:35:53.272,45.6
2026-07-13T20:35:53.675,44.8
2026-07-13T20:35:54.077,44.2
2026-07-13T20:35:54.481,43.1
2026-07-13T20:35:54.883,41.7
2026-07-13T20:35:55.287,42.3
2026-07-13T20:35:55.689,42.4
2026-07-13T20:35:56.092,42.3
2026-07-13T20:35:56.496,43.8
2026-07-13T20:35:56.899,43.2
2026-07-13T20:35:57.302,42.9
2026-07-13T20:35:57.704,43.3
2026-07-13T20:35:58.108,42.9
2026-07-13T20:35:58.510,42.4
2026-07-13T20:35:58.914,42.0
2026-07-13T20:35:59.316,42.4
2026-07-13T20:35:59.719,44.1
2026-07-13T20:36:00.122,57.7
2026-07-13T20:36:00.525,54.4
2026-07-13T20:36:00.929,51.6
2026-07-13T20:36:01.331,49.4
2026-07-13T20:36:01.734,42.2
2026-07-13T20:36:02.137,41.9
2026-07-13T20:36:02.540,41.5
2026-07-13T20:36:02.943,41.7
2026-07-13T20:36:03.346,42.0
2026-07-13T20:36:03.749,41.8
2026-07-13T20:36:04.152,42.0
2026-07-13T20:36:04.555,42.5
2026-07-13T20:36:04.958,43.6
2026-07-13T20:36:05.361,43.3
2026-07-13T20:36:05.764,43.0
2026-07-13T20:36:06.167,42.5
2026-07-13T20:36:06.570,42.2
2026-07-13T20:36:06.973,42.4
2026-07-13T20:36:07.376,42.4
2026-07-13T20:36:07.779,42.4
2026-07-13T20:36:08.182,43.5
2026-07-13T20:36:08.585,43.1
2026-07-13T20:36:08.988,44.7
2026-07-13T20:36:09.391,45.7
2026-07-13T20:36:09.794,44.7
2026-07-13T20:36:10.197,44.0
2026-07-13T20:36:10.600,43.5
2026-07-13T20:36:11.003,41.9
2026-07-13T20:36:11.406,42.4
2026-07-13T20:36:11.809,42.0
2026-07-13T20:36:12.212,42.2
2026-07-13T20:36:12.615,42.0
2026-07-13T20:36:13.018,41.7
2026-07-13T20:36:13.421,41.9
2026-07-13T20:36:13.824,41.9
2026-07-13T20:36:14.227,41.6
2026-07-13T20:36:14.630,41.8
2026-07-13T20:36:15.033,41.5
2026-07-13T20:36:15.436,41.6
2026-07-13T20:36:15.839,41.7
2026-07-13T20:36:16.242,41.9
2026-07-13T20:36:16.645,41.9
2026-07-13T20:36:17.048,42.4
2026-07-13T20:36:17.451,42.1
2026-07-13T20:36:17.854,41.9
2026-07-13T20:36:18.257,42.1
2026-07-13T20:36:18.660,42.0
2026-07-13T20:36:19.063,42.0
2026-07-13T20:36:19.466,41.7
2026-07-13T20:36:19.869,41.6
2026-07-13T20:36:20.272,42.1
2026-07-13T20:36:20.675,44.1
2026-07-13T20:36:21.078,43.6
2026-07-13T20:36:21.481,70.4
2026-07-13T20:36:21.884,81.8
2026-07-13T20:36:22.287,73.7
2026-07-13T20:36:22.692,68.4
2026-07-13T20:36:23.093,75.0
2026-07-13T20:36:23.496,68.0
2026-07-13T20:36:23.899,62.4
2026-07-13T20:36:24.302,58.0
2026-07-13T20:36:24.705,41.4
2026-07-13T20:36:25.108,41.8
2026-07-13T20:36:25.511,41.8
2026-07-13T20:36:25.914,41.8
2026-07-13T20:36:26.317,57.8
2026-07-13T20:36:26.720,54.7
2026-07-13T20:36:27.123,52.0
2026-07-13T20:36:27.526,49.8
2026-07-13T20:36:27.929,41.0
2026-07-13T20:36:28.332,41.4
2026-07-13T20:36:28.735,41.3
2026-07-13T20:36:29.138,41.4
2026-07-13T20:36:29.541,41.3
2026-07-13T20:36:29.944,44.2
2026-07-13T20:36:30.347,60.0
2026-07-13T20:36:30.750,60.6
2026-07-13T20:36:31.153,57.8
2026-07-13T20:36:31.556,55.6
2026-07-13T20:36:31.959,52.5
2026-07-13T20:36:32.362,42.3
2026-07-13T20:36:32.765,42.4
2026-07-13T20:36:33.168,43.2
2026-07-13T20:36:33.571,42.9
2026-07-13T20:36:33.974,51.4
2026-07-13T20:36:34.377,50.6
2026-07-13T20:36:34.779,49.3
2026-07-13T20:36:35.182,47.6
2026-07-13T20:36:35.585,41.8
2026-07-13T20:36:35.988,44.6
2026-07-13T20:36:36.391,44.1
2026-07-13T20:36:36.794,43.6
2026-07-13T20:36:37.197,43.3
2026-07-13T20:36:37.600,41.8
2026-07-13T20:36:38.003,42.1
2026-07-13T20:36:38.406,42.6
2026-07-13T20:36:38.809,42.5
2026-07-13T20:36:39.212,42.5
2026-07-13T20:36:39.615,42.6
2026-07-13T20:36:40.018,42.7
2026-07-13T20:36:40.421,43.0
2026-07-13T20:36:40.824,43.8
2026-07-13T20:36:41.227,43.6
2026-07-13T20:36:41.630,43.1
2026-07-13T20:36:42.033,42.9
2026-07-13T20:36:42.436,42.1
2026-07-13T20:36:42.839,41.6
2026-07-13T20:36:43.242,42.1
2026-07-13T20:36:43.645,41.8
2026-07-13T20:36:44.048,41.8
2026-07-13T20:36:44.451,41.5
2026-07-13T20:36:44.854,41.9
2026-07-13T20:36:45.256,42.1
2026-07-13T20:36:45.659,42.0
2026-07-13T20:36:46.062,41.9
2026-07-13T20:36:46.465,41.5
2026-07-13T20:36:46.868,41.8
2026-07-13T20:36:47.271,42.2
2026-07-13T20:36:47.674,42.5
2026-07-13T20:36:48.077,42.4
2026-07-13T20:36:48.480,44.5
2026-07-13T20:36:48.883,44.0
2026-07-13T20:36:49.286,43.6
2026-07-13T20:36:49.689,43.1
2026-07-13T20:36:50.092,42.2
2026-07-13T20:36:50.495,42.2
2026-07-13T20:36:50.898,42.1
2026-07-13T20:36:51.301,41.8
2026-07-13T20:36:51.704,41.9
2026-07-13T20:36:52.107,43.5
2026-07-13T20:36:52.510,42.9
2026-07-13T20:36:52.913,42.6
2026-07-13T20:36:53.316,42.3
2026-07-13T20:36:53.719,41.6
2026-07-13T20:36:54.122,41.6
2026-07-13T20:36:54.525,41.8
2026-07-13T20:36:54.928,41.6
2026-07-13T20:36:55.331,41.7
2026-07-13T20:36:55.734,42.2
2026-07-13T20:36:56.136,41.8
2026-07-13T20:36:56.539,41.8
2026-07-13T20:36:56.942,41.9
2026-07-13T20:36:57.345,41.7
2026-07-13T20:36:57.748,41.7
2026-07-13T20:36:58.151,41.7
2026-07-13T20:36:58.554,41.7
2026-07-13T20:36:58.957,41.4
2026-07-13T20:36:59.360,41.5
2026-07-13T20:36:59.763,42.3
2026-07-13T20:37:00.166,42.0
2026-07-13T20:37:00.569,41.8
2026-07-13T20:37:00.972,41.9
2026-07-13T20:37:01.375,41.6
2026-07-13T20:37:01.778,41.4
2026-07-13T20:37:02.181,41.8
2026-07-13T20:37:02.584,41.7
2026-07-13T20:37:02.987,41.4
2026-07-13T20:37:03.390,41.5
2026-07-13T20:37:03.793,41.4
2026-07-13T20:37:04.196,41.7
2026-07-13T20:37:04.599,41.6
2026-07-13T20:37:05.002,41.6
2026-07-13T20:37:05.405,42.3
2026-07-13T20:37:05.808,42.3
2026-07-13T20:37:06.211,42.2
2026-07-13T20:37:06.614,41.9
2026-07-13T20:37:07.017,41.8
2026-07-13T20:37:07.420,42.8
2026-07-13T20:37:07.823,42.5
2026-07-13T20:37:08.225,42.2
2026-07-13T20:37:08.628,42.1
2026-07-13T20:37:09.031,41.6
2026-07-13T20:37:09.434,41.8
2026-07-13T20:37:09.837,41.5
2026-07-13T20:37:10.240,42.5
2026-07-13T20:37:10.643,42.2
2026-07-13T20:37:11.046,42.9
2026-07-13T20:37:11.449,45.1
2026-07-13T20:37:11.852,44.4
2026-07-13T20:37:12.255,43.7
2026-07-13T20:37:12.658,43.4
2026-07-13T20:37:13.061,43.7
2026-07-13T20:37:13.464,43.1
2026-07-13T20:37:13.867,42.9
2026-07-13T20:37:14.270,42.7
2026-07-13T20:37:14.673,41.9
2026-07-13T20:37:15.076,41.9
2026-07-13T20:37:15.479,42.2
2026-07-13T20:37:15.882,42.0
2026-07-13T20:37:16.286,42.1
2026-07-13T20:37:16.688,41.9
2026-07-13T20:37:17.091,42.7
2026-07-13T20:37:17.494,42.9
2026-07-13T20:37:17.897,42.7
2026-07-13T20:37:18.300,43.0
2026-07-13T20:37:18.703,42.7
2026-07-13T20:37:19.106,42.4
2026-07-13T20:37:19.509,42.3
2026-07-13T20:37:19.912,41.8
2026-07-13T20:37:20.315,41.9
2026-07-13T20:37:20.718,42.1
2026-07-13T20:37:21.121,41.7
2026-07-13T20:37:21.524,41.6
2026-07-13T20:37:21.927,41.8
2026-07-13T20:37:22.330,41.6
2026-07-13T20:37:22.733,42.1
2026-07-13T20:37:23.136,41.8
2026-07-13T20:37:23.539,41.9
2026-07-13T20:37:23.942,42.6
2026-07-13T20:37:24.345,42.4
2026-07-13T20:37:24.748,42.4
2026-07-13T20:37:25.151,42.3
2026-07-13T20:37:25.554,42.1
2026-07-13T20:37:25.957,43.1
2026-07-13T20:37:26.360,46.1
2026-07-13T20:37:26.763,45.5
2026-07-13T20:37:27.166,44.7
2026-07-13T20:37:27.569,43.9
2026-07-13T20:37:27.972,42.2
2026-07-13T20:37:28.375,41.7
2026-07-13T20:37:28.778,41.8
2026-07-13T20:37:29.181,42.1
2026-07-13T20:37:29.584,42.0
2026-07-13T20:37:29.987,41.9
2026-07-13T20:37:30.389,42.1
2026-07-13T20:37:30.792,41.8
2026-07-13T20:37:31.195,41.9
2026-07-13T20:37:31.598,41.9
2026-07-13T20:37:32.001,42.2
2026-07-13T20:37:32.404,41.8
2026-07-13T20:37:32.807,42.1
2026-07-13T20:37:33.210,41.9
2026-07-13T20:37:33.613,41.7
2026-07-13T20:37:34.016,42.1
2026-07-13T20:37:34.420,41.9
2026-07-13T20:37:34.822,42.1
2026-07-13T20:37:35.225,42.1
2026-07-13T20:37:35.628,42.1
2026-07-13T20:37:36.031,42.3
2026-07-13T20:37:36.434,43.0
2026-07-13T20:37:36.837,42.7
2026-07-13T20:37:37.240,42.2
2026-07-13T20:37:37.643,43.4
2026-07-13T20:37:38.046,43.1
2026-07-13T20:37:38.448,42.9
2026-07-13T20:37:38.851,42.8
2026-07-13T20:37:39.254,42.3
2026-07-13T20:37:39.657,41.9
2026-07-13T20:37:40.060,42.3
2026-07-13T20:37:40.463,42.4
2026-07-13T20:37:40.866,44.7
2026-07-13T20:37:41.269,44.1
2026-07-13T20:37:41.672,43.9
2026-07-13T20:37:42.075,43.8
2026-07-13T20:37:42.478,42.7
2026-07-13T20:37:42.881,43.1
2026-07-13T20:37:43.285,42.7
2026-07-13T20:37:43.687,43.5
2026-07-13T20:37:44.090,43.3
2026-07-13T20:37:44.493,43.0
2026-07-13T20:37:44.896,42.9
2026-07-13T20:37:45.299,42.4
2026-07-13T20:37:45.702,42.9
2026-07-13T20:37:46.105,42.8
2026-07-13T20:37:46.508,43.0
2026-07-13T20:37:46.910,42.7
2026-07-13T20:37:47.313,42.7
2026-07-13T20:37:47.716,42.4
2026-07-13T20:37:48.119,42.1
2026-07-13T20:37:48.522,41.7
2026-07-13T20:37:48.925,42.0
2026-07-13T20:37:49.328,41.8
2026-07-13T20:37:49.731,41.7
2026-07-13T20:37:50.134,41.5
2026-07-13T20:37:50.537,41.9
2026-07-13T20:37:50.940,42.1
2026-07-13T20:37:51.343,42.0
2026-07-13T20:37:51.746,41.9
2026-07-13T20:37:52.149,41.8
2026-07-13T20:37:52.552,42.3
2026-07-13T20:37:52.955,42.1
2026-07-13T20:37:53.358,41.8
2026-07-13T20:37:53.761,41.7
2026-07-13T20:37:54.164,41.8
2026-07-13T20:37:54.567,41.8
2026-07-13T20:37:54.970,42.0
2026-07-13T20:37:55.374,42.5
2026-07-13T20:37:55.776,42.3
2026-07-13T20:37:56.179,43.1
2026-07-13T20:37:56.582,42.8
2026-07-13T20:37:56.985,42.3
2026-07-13T20:37:57.388,42.2
2026-07-13T20:37:57.791,41.8
2026-07-13T20:37:58.194,41.9
2026-07-13T20:37:58.597,42.0
2026-07-13T20:37:59.000,41.8
2026-07-13T20:37:59.403,42.5
2026-07-13T20:37:59.806,43.2
2026-07-13T20:38:00.209,43.0
2026-07-13T20:38:00.612,42.7
2026-07-13T20:38:01.015,42.4
2026-07-13T20:38:01.418,41.3
2026-07-13T20:38:01.821,41.4
2026-07-13T20:38:02.224,41.6
2026-07-13T20:38:02.627,41.6
2026-07-13T20:38:03.030,41.7
2026-07-13T20:38:03.433,42.1
2026-07-13T20:38:03.836,42.0
2026-07-13T20:38:04.239,42.0
2026-07-13T20:38:04.642,41.9
2026-07-13T20:38:05.045,41.8
2026-07-13T20:38:05.448,41.7
2026-07-13T20:38:05.851,41.8
2026-07-13T20:38:06.254,41.6
2026-07-13T20:38:06.657,41.8
2026-07-13T20:38:07.060,41.7
2026-07-13T20:38:07.463,41.9
2026-07-13T20:38:07.866,42.0
2026-07-13T20:38:08.269,41.8
2026-07-13T20:38:08.672,42.1
2026-07-13T20:38:09.075,42.3
2026-07-13T20:38:09.478,41.9
2026-07-13T20:38:09.881,41.8
2026-07-13T20:38:10.285,42.1
2026-07-13T20:38:10.687,42.0
2026-07-13T20:38:11.090,41.8
2026-07-13T20:38:11.493,42.0
2026-07-13T20:38:11.896,41.9
2026-07-13T20:38:12.299,41.9
2026-07-13T20:38:12.702,41.8
2026-07-13T20:38:13.105,42.0
2026-07-13T20:38:13.508,41.8
2026-07-13T20:38:13.911,41.9
2026-07-13T20:38:14.314,41.9
2026-07-13T20:38:14.717,41.8
2026-07-13T20:38:15.120,41.7
2026-07-13T20:38:15.523,41.8
2026-07-13T20:38:15.926,41.8
2026-07-13T20:38:16.329,41.9
2026-07-13T20:38:16.732,41.9
2026-07-13T20:38:17.135,42.2
2026-07-13T20:38:17.538,42.0
2026-07-13T20:38:17.941,42.2
2026-07-13T20:38:18.344,41.9
2026-07-13T20:38:18.747,41.9
2026-07-13T20:38:19.152,42.1
2026-07-13T20:38:19.553,42.1
2026-07-13T20:38:19.956,41.9
2026-07-13T20:38:20.359,42.2
2026-07-13T20:38:20.762,43.3
2026-07-13T20:38:21.165,43.0
2026-07-13T20:38:21.568,42.8
2026-07-13T20:38:21.971,42.4
2026-07-13T20:38:22.374,41.9
2026-07-13T20:38:22.777,42.4
2026-07-13T20:38:23.180,43.5
2026-07-13T20:38:23.583,43.2
2026-07-13T20:38:23.986,42.7
2026-07-13T20:38:24.389,42.2
2026-07-13T20:38:24.792,42.2
2026-07-13T20:38:25.195,44.3
2026-07-13T20:38:25.598,43.7
2026-07-13T20:38:26.001,43.4
2026-07-13T20:38:26.404,43.1
2026-07-13T20:38:26.807,42.3
2026-07-13T20:38:27.210,41.9
2026-07-13T20:38:27.613,42.6
2026-07-13T20:38:28.016,42.4
2026-07-13T20:38:28.418,42.3
2026-07-13T20:38:28.821,42.0
2026-07-13T20:38:29.224,41.8
2026-07-13T20:38:29.627,41.7
2026-07-13T20:38:30.030,41.6
2026-07-13T20:38:30.433,41.5
2026-07-13T20:38:30.836,41.5
2026-07-13T20:38:31.239,43.3
2026-07-13T20:38:31.642,43.0
2026-07-13T20:38:32.045,42.6
2026-07-13T20:38:32.448,42.4
2026-07-13T20:38:32.851,41.6
2026-07-13T20:38:33.254,41.9
2026-07-13T20:38:33.657,48.9
2026-07-13T20:38:34.060,47.9
2026-07-13T20:38:34.463,46.5
2026-07-13T20:38:34.866,45.5
2026-07-13T20:38:35.269,42.0
2026-07-13T20:38:35.672,42.1
2026-07-13T20:38:36.075,42.0
2026-07-13T20:38:36.480,41.9
2026-07-13T20:38:36.881,41.7
2026-07-13T20:38:37.286,41.5
2026-07-13T20:38:37.687,41.7
2026-07-13T20:38:38.090,41.8
2026-07-13T20:38:38.493,41.6
2026-07-13T20:38:38.896,42.4
2026-07-13T20:38:39.299,42.2
2026-07-13T20:38:39.702,41.7
2026-07-13T20:38:40.105,42.1
2026-07-13T20:38:40.508,42.0
2026-07-13T20:38:40.911,41.7
2026-07-13T20:38:41.314,41.4
2026-07-13T20:38:41.717,42.3
2026-07-13T20:38:42.120,42.1
2026-07-13T20:38:42.523,41.7
2026-07-13T20:38:42.926,41.8
2026-07-13T20:38:43.332,41.6
2026-07-13T20:38:43.731,41.8
2026-07-13T20:38:44.134,42.2
2026-07-13T20:38:44.537,42.3
2026-07-13T20:38:44.940,42.9
2026-07-13T20:38:45.343,42.6
2026-07-13T20:38:45.746,42.1
2026-07-13T20:38:46.149,41.7
2026-07-13T20:38:46.552,41.5
2026-07-13T20:38:46.955,42.6
2026-07-13T20:38:47.358,42.3
2026-07-13T20:38:47.761,42.0
2026-07-13T20:38:48.164,41.7
2026-07-13T20:38:48.567,41.7
2026-07-13T20:38:48.970,42.6
2026-07-13T20:38:49.373,42.1
2026-07-13T20:38:49.776,42.0
2026-07-13T20:38:50.179,41.9
2026-07-13T20:38:50.582,41.8
2026-07-13T20:38:50.986,41.9
2026-07-13T20:38:51.388,41.8
2026-07-13T20:38:51.791,41.7
2026-07-13T20:38:52.194,42.1
2026-07-13T20:38:52.596,45.6
2026-07-13T20:38:52.999,60.5
2026-07-13T20:38:53.402,60.5
2026-07-13T20:38:53.805,56.8
2026-07-13T20:38:54.208,53.6
2026-07-13T20:38:54.611,51.2
2026-07-13T20:38:55.015,41.8
2026-07-13T20:38:55.417,41.7
2026-07-13T20:38:55.820,41.6
2026-07-13T20:38:56.223,41.7
2026-07-13T20:38:56.626,41.8
2026-07-13T20:38:57.029,41.7
2026-07-13T20:38:57.432,50.5
2026-07-13T20:38:57.835,49.3
2026-07-13T20:38:58.238,48.6
2026-07-13T20:38:58.641,47.1
2026-07-13T20:38:59.044,41.8
2026-07-13T20:38:59.447,41.5
2026-07-13T20:38:59.850,42.4
2026-07-13T20:39:00.253,44.6
2026-07-13T20:39:00.656,44.1
2026-07-13T20:39:01.059,43.7
2026-07-13T20:39:01.462,43.2
2026-07-13T20:39:01.865,44.3
2026-07-13T20:39:02.268,43.9
2026-07-13T20:39:02.671,43.9
2026-07-13T20:39:03.074,43.2
2026-07-13T20:39:03.476,42.7
2026-07-13T20:39:03.879,42.5
2026-07-13T20:39:04.282,41.7
2026-07-13T20:39:04.685,43.1
2026-07-13T20:39:05.088,42.9
2026-07-13T20:39:05.491,43.1
2026-07-13T20:39:05.894,43.0
2026-07-13T20:39:06.297,43.2
2026-07-13T20:39:06.700,44.2
2026-07-13T20:39:07.103,45.4
2026-07-13T20:39:07.506,44.5
2026-07-13T20:39:07.909,43.9
2026-07-13T20:39:08.315,43.6
2026-07-13T20:39:08.715,43.1
2026-07-13T20:39:09.118,41.9
2026-07-13T20:39:09.521,41.7
2026-07-13T20:39:09.924,41.8
2026-07-13T20:39:10.327,41.7
2026-07-13T20:39:10.730,41.3
2026-07-13T20:39:11.133,41.5
2026-07-13T20:39:11.536,41.4
2026-07-13T20:39:11.939,41.3
2026-07-13T20:39:12.342,41.2
2026-07-13T20:39:12.745,41.2
2026-07-13T20:39:13.147,41.2
2026-07-13T20:39:13.550,41.2
2026-07-13T20:39:13.953,41.4
2026-07-13T20:39:14.356,41.4
2026-07-13T20:39:14.759,41.2
2026-07-13T20:39:15.162,42.7
2026-07-13T20:39:15.565,43.2
2026-07-13T20:39:15.968,42.6
2026-07-13T20:39:16.371,42.0
2026-07-13T20:39:16.774,41.6
2026-07-13T20:39:17.177,41.2
2026-07-13T20:39:17.580,41.4
2026-07-13T20:39:17.983,41.6
2026-07-13T20:39:18.386,41.6
2026-07-13T20:39:18.789,41.5
2026-07-13T20:39:19.192,41.2
2026-07-13T20:39:19.595,41.6
2026-07-13T20:39:19.998,42.0
2026-07-13T20:39:20.401,41.6
2026-07-13T20:39:20.804,41.2
2026-07-13T20:39:21.207,41.4
2026-07-13T20:39:21.610,41.5
2026-07-13T20:39:22.013,41.4
2026-07-13T20:39:22.416,41.0
2026-07-13T20:39:22.819,59.7
2026-07-13T20:39:23.222,56.9
2026-07-13T20:39:23.625,54.2
2026-07-13T20:39:24.028,51.4
2026-07-13T20:39:24.431,50.5
2026-07-13T20:39:24.834,52.2
2026-07-13T20:39:25.237,50.0
2026-07-13T20:39:25.639,49.4
2026-07-13T20:39:26.042,49.0
2026-07-13T20:39:26.445,44.3
2026-07-13T20:39:26.848,42.7
2026-07-13T20:39:27.251,42.7
2026-07-13T20:39:27.654,42.4
2026-07-13T20:39:28.057,42.0
2026-07-13T20:39:28.460,41.8
2026-07-13T20:39:28.863,41.0
2026-07-13T20:39:29.266,41.7
2026-07-13T20:39:29.669,42.5
2026-07-13T20:39:30.072,44.2
2026-07-13T20:39:30.475,43.6
2026-07-13T20:39:30.878,43.0
2026-07-13T20:39:31.281,44.1
2026-07-13T20:39:31.684,50.0
2026-07-13T20:39:32.087,48.5
2026-07-13T20:39:32.490,47.0
2026-07-13T20:39:32.893,45.8
2026-07-13T20:39:33.296,41.5
2026-07-13T20:39:33.699,41.7
2026-07-13T20:39:34.102,41.3
2026-07-13T20:39:34.505,41.2
2026-07-13T20:39:34.908,41.2
2026-07-13T20:39:35.311,41.3
2026-07-13T20:39:35.714,41.1
2026-07-13T20:39:36.117,41.6
2026-07-13T20:39:36.520,41.3
2026-07-13T20:39:36.923,41.1
2026-07-13T20:39:37.326,41.1
2026-07-13T20:39:37.728,41.4
2026-07-13T20:39:38.131,41.1
2026-07-13T20:39:38.534,41.1
2026-07-13T20:39:38.937,41.3
2026-07-13T20:39:39.340,41.4
2026-07-13T20:39:39.743,41.5
2026-07-13T20:39:40.146,41.4
2026-07-13T20:39:40.549,41.4
2026-07-13T20:39:40.952,41.3
2026-07-13T20:39:41.355,41.4
2026-07-13T20:39:41.758,41.3
2026-07-13T20:39:42.161,41.4
2026-07-13T20:39:42.564,41.4
2026-07-13T20:39:42.967,41.3
2026-07-13T20:39:43.370,41.5
2026-07-13T20:39:43.773,41.3
2026-07-13T20:39:44.176,41.3
2026-07-13T20:39:44.579,41.3
2026-07-13T20:39:44.982,41.3
2026-07-13T20:39:45.385,41.5
2026-07-13T20:39:45.788,42.7
2026-07-13T20:39:46.191,45.9
2026-07-13T20:39:46.594,44.9
2026-07-13T20:39:46.997,44.2
2026-07-13T20:39:47.400,43.8
2026-07-13T20:39:47.803,41.7
2026-07-13T20:39:48.206,42.1
2026-07-13T20:39:48.609,41.9
2026-07-13T20:39:49.012,41.7
2026-07-13T20:39:49.414,41.3
2026-07-13T20:39:49.817,41.2
2026-07-13T20:39:50.220,41.3
2026-07-13T20:39:50.623,41.4
2026-07-13T20:39:51.026,41.3
2026-07-13T20:39:51.429,41.6
2026-07-13T20:39:51.832,41.4
2026-07-13T20:39:52.235,41.5
2026-07-13T20:39:52.638,41.3
2026-07-13T20:39:53.041,41.4
2026-07-13T20:39:53.444,41.5
2026-07-13T20:39:53.847,41.5
2026-07-13T20:39:54.250,43.8
2026-07-13T20:39:54.653,57.7
2026-07-13T20:39:55.056,55.6
2026-07-13T20:39:55.459,53.0
2026-07-13T20:39:55.862,51.2
2026-07-13T20:39:56.265,42.9
2026-07-13T20:39:56.668,42.0
2026-07-13T20:39:57.071,42.2
2026-07-13T20:39:57.474,41.9
2026-07-13T20:39:57.877,41.7
2026-07-13T20:39:58.280,41.3
2026-07-13T20:39:58.683,41.5
2026-07-13T20:39:59.086,41.4
2026-07-13T20:39:59.489,41.6
2026-07-13T20:39:59.892,41.5
2026-07-13T20:40:00.294,41.4
2026-07-13T20:40:00.697,41.2
2026-07-13T20:40:01.100,41.3
2026-07-13T20:40:01.503,41.1
2026-07-13T20:40:01.906,41.2
2026-07-13T20:40:02.309,41.1
2026-07-13T20:40:02.712,41.0
2026-07-13T20:40:03.115,41.3
2026-07-13T20:40:03.518,41.0
2026-07-13T20:40:03.921,41.1
2026-07-13T20:40:04.324,41.2
2026-07-13T20:40:04.727,41.2
2026-07-13T20:40:05.130,41.2
2026-07-13T20:40:05.533,41.1
2026-07-13T20:40:05.936,41.5
2026-07-13T20:40:06.339,41.3
2026-07-13T20:40:06.742,43.9
2026-07-13T20:40:07.145,43.4
2026-07-13T20:40:07.548,43.0
2026-07-13T20:40:07.951,42.8
2026-07-13T20:40:08.354,41.4
2026-07-13T20:40:08.757,41.6
2026-07-13T20:40:09.160,41.5
2026-07-13T20:40:09.563,41.6
2026-07-13T20:40:09.966,41.5
2026-07-13T20:40:10.369,41.5
2026-07-13T20:40:10.772,41.1
2026-07-13T20:40:11.174,41.1
2026-07-13T20:40:11.577,41.2
2026-07-13T20:40:11.980,41.5
2026-07-13T20:40:12.383,44.9
2026-07-13T20:40:12.786,44.2
2026-07-13T20:40:13.189,43.6
2026-07-13T20:40:13.592,43.1
2026-07-13T20:40:13.995,41.6
2026-07-13T20:40:14.398,41.4
2026-07-13T20:40:14.801,41.5
2026-07-13T20:40:15.204,41.5
2026-07-13T20:40:15.607,41.3
2026-07-13T20:40:16.010,41.4
2026-07-13T20:40:16.413,41.7
2026-07-13T20:40:16.816,41.6
2026-07-13T20:40:17.219,41.5
2026-07-13T20:40:17.622,41.4
2026-07-13T20:40:18.025,41.2
2026-07-13T20:40:18.428,41.1
2026-07-13T20:40:18.831,41.5
2026-07-13T20:40:19.234,41.2
2026-07-13T20:40:19.637,41.3
2026-07-13T20:40:20.040,42.8
2026-07-13T20:40:20.443,42.6
2026-07-13T20:40:20.846,42.3
2026-07-13T20:40:21.248,42.2
2026-07-13T20:40:21.651,42.1
2026-07-13T20:40:22.054,42.1
2026-07-13T20:40:22.457,41.7
2026-07-13T20:40:22.860,42.3
2026-07-13T20:40:23.264,42.1
2026-07-13T20:40:23.666,42.0
2026-07-13T20:40:24.069,42.3
2026-07-13T20:40:24.472,42.1
2026-07-13T20:40:24.875,42.2
2026-07-13T20:40:25.280,42.1
2026-07-13T20:40:25.681,41.9
2026-07-13T20:40:26.084,41.7
2026-07-13T20:40:26.487,41.8
2026-07-13T20:40:26.890,41.6
2026-07-13T20:40:27.293,41.6
2026-07-13T20:40:27.696,41.5
2026-07-13T20:40:28.099,41.5
2026-07-13T20:40:28.502,41.6
2026-07-13T20:40:28.905,41.5
2026-07-13T20:40:29.308,41.7
2026-07-13T20:40:29.710,42.0
2026-07-13T20:40:30.113,42.3
2026-07-13T20:40:30.516,42.1
2026-07-13T20:40:30.919,41.7
2026-07-13T20:40:31.322,41.7
2026-07-13T20:40:31.725,41.5
2026-07-13T20:40:32.128,43.6
2026-07-13T20:40:32.531,43.1
2026-07-13T20:40:32.934,42.5
2026-07-13T20:40:33.337,42.2
2026-07-13T20:40:33.740,42.0
2026-07-13T20:40:34.143,41.9
2026-07-13T20:40:34.546,41.4
2026-07-13T20:40:34.949,41.6
2026-07-13T20:40:35.352,41.8
2026-07-13T20:40:35.755,41.7
2026-07-13T20:40:36.158,41.4
2026-07-13T20:40:36.561,41.8
2026-07-13T20:40:36.964,41.6
2026-07-13T20:40:37.367,42.0
2026-07-13T20:40:37.770,41.9
2026-07-13T20:40:38.173,41.7
2026-07-13T20:40:38.576,41.5
2026-07-13T20:40:38.979,42.0
2026-07-13T20:40:39.382,41.9
2026-07-13T20:40:39.785,42.1
2026-07-13T20:40:40.188,41.8
2026-07-13T20:40:40.591,41.7
2026-07-13T20:40:40.994,42.2
2026-07-13T20:40:41.397,41.9
2026-07-13T20:40:41.800,44.4
2026-07-13T20:40:42.203,43.9
2026-07-13T20:40:42.606,43.5
2026-07-13T20:40:43.009,43.2
2026-07-13T20:40:43.412,41.4
2026-07-13T20:40:43.815,41.6
2026-07-13T20:40:44.218,42.2
2026-07-13T20:40:44.621,42.2
2026-07-13T20:40:45.024,42.3
2026-07-13T20:40:45.427,49.2
2026-07-13T20:40:45.830,48.2
2026-07-13T20:40:46.233,47.3
2026-07-13T20:40:46.636,45.9
2026-07-13T20:40:47.039,41.6
2026-07-13T20:40:47.442,41.5
2026-07-13T20:40:47.844,41.3
2026-07-13T20:40:48.247,41.3
2026-07-13T20:40:48.650,41.4
2026-07-13T20:40:49.053,41.8
2026-07-13T20:40:49.456,41.7
2026-07-13T20:40:49.859,41.9
2026-07-13T20:40:50.262,41.8
2026-07-13T20:40:50.665,41.7
2026-07-13T20:40:51.068,41.3
2026-07-13T20:40:51.471,41.3
2026-07-13T20:40:51.874,41.3
2026-07-13T20:40:52.277,41.5
2026-07-13T20:40:52.680,41.5
2026-07-13T20:40:53.083,41.6
2026-07-13T20:40:53.486,41.7
2026-07-13T20:40:53.889,41.9
2026-07-13T20:40:54.292,41.6
2026-07-13T20:40:54.695,42.3
2026-07-13T20:40:55.098,42.1
2026-07-13T20:40:55.501,41.8
2026-07-13T20:40:55.904,41.8
2026-07-13T20:40:56.307,42.1
2026-07-13T20:40:56.710,42.8
2026-07-13T20:40:57.113,44.2
2026-07-13T20:40:57.516,43.7
2026-07-13T20:40:57.919,43.2
2026-07-13T20:40:58.322,43.1
2026-07-13T20:40:58.725,42.4
2026-07-13T20:40:59.128,44.3
2026-07-13T20:40:59.531,44.8
2026-07-13T20:40:59.934,44.4
2026-07-13T20:41:00.337,43.5
2026-07-13T20:41:00.740,42.9
2026-07-13T20:41:01.143,41.3
2026-07-13T20:41:01.546,41.5
2026-07-13T20:41:01.949,41.4
2026-07-13T20:41:02.352,41.4
2026-07-13T20:41:02.755,41.7
2026-07-13T20:41:03.158,41.7
2026-07-13T20:41:03.561,41.3
2026-07-13T20:41:03.964,41.4
2026-07-13T20:41:04.367,41.6
2026-07-13T20:41:04.770,41.2
2026-07-13T20:41:05.173,41.9
2026-07-13T20:41:05.576,42.0
2026-07-13T20:41:05.979,41.8
2026-07-13T20:41:06.382,41.6
2026-07-13T20:41:06.785,41.3
2026-07-13T20:41:07.188,41.9
2026-07-13T20:41:07.591,42.1
2026-07-13T20:41:07.994,43.5
2026-07-13T20:41:08.397,43.2
2026-07-13T20:41:08.800,42.8
2026-07-13T20:41:09.203,42.3
2026-07-13T20:41:09.606,41.5
2026-07-13T20:41:10.009,41.3
2026-07-13T20:41:10.412,41.6
2026-07-13T20:41:10.815,41.3
2026-07-13T20:41:11.220,41.4
2026-07-13T20:41:11.621,41.4
2026-07-13T20:41:12.023,41.7
2026-07-13T20:41:12.427,41.9
2026-07-13T20:41:12.829,41.7
2026-07-13T20:41:13.232,43.2
2026-07-13T20:41:13.635,43.0
2026-07-13T20:41:14.038,42.6
2026-07-13T20:41:14.441,42.5
2026-07-13T20:41:14.844,42.9
2026-07-13T20:41:15.247,42.9
2026-07-13T20:41:15.650,42.6
2026-07-13T20:41:16.053,42.4
2026-07-13T20:41:16.456,43.0
2026-07-13T20:41:16.859,42.6
2026-07-13T20:41:17.262,42.3
2026-07-13T20:41:17.665,42.1
2026-07-13T20:41:18.068,41.9
2026-07-13T20:41:18.472,41.9
2026-07-13T20:41:18.874,41.7
2026-07-13T20:41:19.277,41.9
2026-07-13T20:41:19.680,42.0
2026-07-13T20:41:20.083,41.7
2026-07-13T20:41:20.486,41.5
2026-07-13T20:41:20.889,41.5
2026-07-13T20:41:21.293,41.7
2026-07-13T20:41:21.695,41.8
2026-07-13T20:41:22.098,41.6
2026-07-13T20:41:22.501,41.4
2026-07-13T20:41:22.904,41.7
2026-07-13T20:41:23.307,41.8
2026-07-13T20:41:23.710,41.6
2026-07-13T20:41:24.113,42.1
2026-07-13T20:41:24.516,41.9
2026-07-13T20:41:24.919,42.7
2026-07-13T20:41:25.322,42.5
2026-07-13T20:41:25.725,42.2
2026-07-13T20:41:26.128,41.8
2026-07-13T20:41:26.531,41.3
2026-07-13T20:41:26.934,41.4
2026-07-13T20:41:27.337,41.3
2026-07-13T20:41:27.740,41.6
2026-07-13T20:41:28.143,41.3
2026-07-13T20:41:28.546,41.6
2026-07-13T20:41:28.949,41.8
2026-07-13T20:41:29.352,41.4
2026-07-13T20:41:29.755,41.5
2026-07-13T20:41:30.158,41.7
2026-07-13T20:41:30.561,41.4
2026-07-13T20:41:30.964,41.8
2026-07-13T20:41:31.367,41.7
2026-07-13T20:41:31.770,41.6
2026-07-13T20:41:32.173,41.6
2026-07-13T20:41:32.576,41.3
2026-07-13T20:41:32.979,41.4
2026-07-13T20:41:33.382,41.3
2026-07-13T20:41:33.785,41.7
2026-07-13T20:41:34.188,42.0
2026-07-13T20:41:34.591,41.9
2026-07-13T20:41:34.994,41.6
2026-07-13T20:41:35.397,41.6
2026-07-13T20:41:35.800,41.6
2026-07-13T20:41:36.203,41.6
2026-07-13T20:41:36.606,41.5
2026-07-13T20:41:37.009,41.6
2026-07-13T20:41:37.412,42.1
2026-07-13T20:41:37.815,41.9
2026-07-13T20:41:38.218,41.8
2026-07-13T20:41:38.621,41.8
2026-07-13T20:41:39.024,45.7
2026-07-13T20:41:39.427,45.1
2026-07-13T20:41:39.830,44.4
2026-07-13T20:41:40.232,43.7
2026-07-13T20:41:40.635,42.7
2026-07-13T20:41:41.038,48.9
2026-07-13T20:41:41.441,52.9
2026-07-13T20:41:41.844,52.1
2026-07-13T20:41:42.247,56.1
2026-07-13T20:41:42.650,53.9
2026-07-13T20:41:43.053,51.2
2026-07-13T20:41:43.456,49.2
2026-07-13T20:41:43.859,41.7
2026-07-13T20:41:44.262,42.3
2026-07-13T20:41:44.665,42.0
2026-07-13T20:41:45.068,42.1
2026-07-13T20:41:45.471,42.2
2026-07-13T20:41:45.874,42.3
2026-07-13T20:41:46.277,42.2
2026-07-13T20:41:46.680,42.0
2026-07-13T20:41:47.083,42.2
2026-07-13T20:41:47.486,42.0
2026-07-13T20:41:47.889,42.5
2026-07-13T20:41:48.292,42.6
2026-07-13T20:41:48.694,42.2
2026-07-13T20:41:49.097,42.0
2026-07-13T20:41:49.500,44.6
2026-07-13T20:41:49.903,46.2
2026-07-13T20:41:50.306,45.4
2026-07-13T20:41:50.709,44.5
2026-07-13T20:41:51.112,44.1
2026-07-13T20:41:51.516,41.8
2026-07-13T20:41:51.918,43.8
2026-07-13T20:41:52.321,44.5
2026-07-13T20:41:52.724,43.7
2026-07-13T20:41:53.127,45.1
2026-07-13T20:41:53.530,45.0
2026-07-13T20:41:53.933,44.2
2026-07-13T20:41:54.336,43.5
2026-07-13T20:41:54.739,41.6
2026-07-13T20:41:55.142,42.6
2026-07-13T20:41:55.545,44.7
2026-07-13T20:41:55.948,44.5
2026-07-13T20:41:56.351,44.3
2026-07-13T20:41:56.754,43.6
2026-07-13T20:41:57.156,42.9
2026-07-13T20:41:57.560,46.5
2026-07-13T20:41:57.962,46.9
2026-07-13T20:41:58.365,46.0
2026-07-13T20:41:58.768,45.1
2026-07-13T20:41:59.171,44.1
2026-07-13T20:41:59.574,41.9
2026-07-13T20:41:59.977,42.8
2026-07-13T20:42:00.380,42.3
2026-07-13T20:42:00.783,42.3
2026-07-13T20:42:01.186,41.9
2026-07-13T20:42:01.589,41.9
2026-07-13T20:42:01.992,42.3
2026-07-13T20:42:02.395,42.0
2026-07-13T20:42:02.798,41.8
2026-07-13T20:42:03.201,41.8
2026-07-13T20:42:03.604,41.7
2026-07-13T20:42:04.008,42.0
2026-07-13T20:42:04.410,41.6
2026-07-13T20:42:04.813,42.5
2026-07-13T20:42:05.216,42.2
2026-07-13T20:42:05.619,41.8
2026-07-13T20:42:06.021,41.7
2026-07-13T20:42:06.424,42.3
2026-07-13T20:42:06.827,43.9
2026-07-13T20:42:07.230,43.5
2026-07-13T20:42:07.633,42.9
2026-07-13T20:42:08.036,42.4
2026-07-13T20:42:08.439,41.6
2026-07-13T20:42:08.842,41.5
2026-07-13T20:42:09.245,41.5
2026-07-13T20:42:09.648,41.6
2026-07-13T20:42:10.051,41.8
2026-07-13T20:42:10.454,41.4
2026-07-13T20:42:10.857,41.6
2026-07-13T20:42:11.260,41.6
2026-07-13T20:42:11.663,41.6
2026-07-13T20:42:12.066,41.5
2026-07-13T20:42:12.469,41.6
2026-07-13T20:42:12.872,41.4
2026-07-13T20:42:13.275,41.8
2026-07-13T20:42:13.678,41.6
2026-07-13T20:42:14.081,41.6
2026-07-13T20:42:14.484,42.1
2026-07-13T20:42:14.886,45.9
2026-07-13T20:42:15.289,45.3
2026-07-13T20:42:15.692,44.7
2026-07-13T20:42:16.095,44.8
2026-07-13T20:42:16.498,43.9
2026-07-13T20:42:16.901,43.8
2026-07-13T20:42:17.304,44.8
2026-07-13T20:42:17.707,43.9
2026-07-13T20:42:18.110,43.2
2026-07-13T20:42:18.513,42.9
2026-07-13T20:42:18.916,41.6
2026-07-13T20:42:19.319,44.7
2026-07-13T20:42:19.722,44.2
2026-07-13T20:42:20.125,43.6
2026-07-13T20:42:20.528,43.1
2026-07-13T20:42:20.931,41.5
2026-07-13T20:42:21.334,41.9
2026-07-13T20:42:21.737,44.0
2026-07-13T20:42:22.140,44.9
2026-07-13T20:42:22.543,44.9
2026-07-13T20:42:22.946,44.1
2026-07-13T20:42:23.349,43.8
2026-07-13T20:42:23.751,43.4
2026-07-13T20:42:24.154,41.3
2026-07-13T20:42:24.557,41.6
2026-07-13T20:42:24.960,42.5
2026-07-13T20:42:25.363,42.6
2026-07-13T20:42:25.766,42.2
2026-07-13T20:42:26.169,42.5
2026-07-13T20:42:26.572,42.3
2026-07-13T20:42:26.975,42.1
2026-07-13T20:42:27.378,41.9
2026-07-13T20:42:27.781,41.8
2026-07-13T20:42:28.184,41.8
2026-07-13T20:42:28.587,41.7
2026-07-13T20:42:28.990,41.5
2026-07-13T20:42:29.393,42.5
2026-07-13T20:42:29.796,42.3
2026-07-13T20:42:30.199,41.8
2026-07-13T20:42:30.604,43.0
2026-07-13T20:42:31.006,44.8
2026-07-13T20:42:31.408,44.8
2026-07-13T20:42:31.811,43.8
2026-07-13T20:42:32.214,43.4
2026-07-13T20:42:32.617,43.0
2026-07-13T20:42:33.019,42.4
2026-07-13T20:42:33.422,42.2
2026-07-13T20:42:33.828,42.1
2026-07-13T20:42:34.228,41.7
2026-07-13T20:42:34.631,41.8
2026-07-13T20:42:35.034,41.9
2026-07-13T20:42:35.437,43.1
2026-07-13T20:42:35.840,42.5
2026-07-13T20:42:36.243,42.2
2026-07-13T20:42:36.646,41.7
2026-07-13T20:42:37.049,41.7
2026-07-13T20:42:37.452,41.9
2026-07-13T20:42:37.855,43.9
2026-07-13T20:42:38.258,43.7
2026-07-13T20:42:38.661,43.5
2026-07-13T20:42:39.064,46.8
2026-07-13T20:42:39.467,45.9
2026-07-13T20:42:39.870,45.6
2026-07-13T20:42:40.273,44.5
2026-07-13T20:42:40.675,41.6
2026-07-13T20:42:41.078,41.8
2026-07-13T20:42:41.481,42.8
2026-07-13T20:42:41.884,43.8
2026-07-13T20:42:42.287,43.6
2026-07-13T20:42:42.690,43.1
2026-07-13T20:42:43.093,42.5
2026-07-13T20:42:43.496,41.5
2026-07-13T20:42:43.899,41.8
2026-07-13T20:42:44.302,41.7
2026-07-13T20:42:44.705,42.1
2026-07-13T20:42:45.108,42.0
2026-07-13T20:42:45.511,41.8
2026-07-13T20:42:45.914,41.5
2026-07-13T20:42:46.317,41.6
2026-07-13T20:42:46.720,41.9
2026-07-13T20:42:47.123,46.5
2026-07-13T20:42:47.526,45.6
2026-07-13T20:42:47.929,44.6
2026-07-13T20:42:48.332,44.2
2026-07-13T20:42:48.735,42.5
2026-07-13T20:42:49.137,41.8
2026-07-13T20:42:49.540,42.2
2026-07-13T20:42:49.943,45.6
2026-07-13T20:42:50.346,44.7
2026-07-13T20:42:50.749,44.1
2026-07-13T20:42:51.152,43.7
2026-07-13T20:42:51.555,45.3
2026-07-13T20:42:51.958,44.7
2026-07-13T20:42:52.361,44.2
2026-07-13T20:42:52.764,43.5
2026-07-13T20:42:53.167,42.4
2026-07-13T20:42:53.570,44.0
2026-07-13T20:42:53.973,43.4
2026-07-13T20:42:54.376,42.8
2026-07-13T20:42:54.779,43.5
2026-07-13T20:42:55.182,48.3
2026-07-13T20:42:55.585,47.0
2026-07-13T20:42:55.988,46.0
2026-07-13T20:42:56.391,44.8
2026-07-13T20:42:56.794,41.9
2026-07-13T20:42:57.197,42.4
2026-07-13T20:42:57.599,42.1
2026-07-13T20:42:58.002,107.3
2026-07-13T20:42:58.405,106.3
2026-07-13T20:42:58.808,93.4
2026-07-13T20:42:59.211,83.2
2026-07-13T20:42:59.614,42.6
2026-07-13T20:43:00.017,51.3
2026-07-13T20:43:00.420,102.5
2026-07-13T20:43:00.823,91.4
2026-07-13T20:43:01.226,84.6
2026-07-13T20:43:01.629,87.9
2026-07-13T20:43:02.032,80.0
2026-07-13T20:43:02.435,72.0
2026-07-13T20:43:02.838,65.5
2026-07-13T20:43:03.244,41.1
2026-07-13T20:43:03.644,40.7
2026-07-13T20:43:04.047,41.6
2026-07-13T20:43:04.450,41.6
2026-07-13T20:43:04.853,41.3
2026-07-13T20:43:05.256,41.3
2026-07-13T20:43:05.659,41.3
2026-07-13T20:43:06.062,40.9
2026-07-13T20:43:06.465,41.0
2026-07-13T20:43:06.868,41.1
2026-07-13T20:43:07.270,41.2
2026-07-13T20:43:07.673,41.3
2026-07-13T20:43:08.076,41.2
2026-07-13T20:43:08.479,41.3
2026-07-13T20:43:08.882,42.9
2026-07-13T20:43:09.285,42.4
2026-07-13T20:43:09.688,42.0
2026-07-13T20:43:10.091,41.7
2026-07-13T20:43:10.494,41.1
2026-07-13T20:43:10.897,41.1
2026-07-13T20:43:11.300,41.3
2026-07-13T20:43:11.703,42.3
2026-07-13T20:43:12.106,41.8
2026-07-13T20:43:12.509,41.4
2026-07-13T20:43:12.912,41.3
2026-07-13T20:43:13.315,41.1
2026-07-13T20:43:13.718,42.7
2026-07-13T20:43:14.121,42.4
2026-07-13T20:43:14.524,42.9
2026-07-13T20:43:14.927,42.4
2026-07-13T20:43:15.329,41.9
2026-07-13T20:43:15.732,41.4
2026-07-13T20:43:16.135,41.0
2026-07-13T20:43:16.538,41.0
2026-07-13T20:43:16.941,41.0
2026-07-13T20:43:17.344,41.0
2026-07-13T20:43:17.747,41.2
2026-07-13T20:43:18.150,41.0
2026-07-13T20:43:18.553,41.2
2026-07-13T20:43:18.956,41.1
2026-07-13T20:43:19.359,41.6
2026-07-13T20:43:19.762,41.2
2026-07-13T20:43:20.165,41.3
2026-07-13T20:43:20.568,41.9
2026-07-13T20:43:20.971,41.7
2026-07-13T20:43:21.374,41.7
2026-07-13T20:43:21.777,41.7
2026-07-13T20:43:22.180,43.1
2026-07-13T20:43:22.583,42.7
2026-07-13T20:43:22.986,45.5
2026-07-13T20:43:23.389,44.5
2026-07-13T20:43:23.791,44.3
2026-07-13T20:43:24.194,43.8
2026-07-13T20:43:24.597,47.6
2026-07-13T20:43:25.000,46.4
2026-07-13T20:43:25.403,45.7
2026-07-13T20:43:25.806,44.8
2026-07-13T20:43:26.209,42.2
2026-07-13T20:43:26.612,80.0
2026-07-13T20:43:27.015,80.2
2026-07-13T20:43:27.418,72.3
2026-07-13T20:43:27.821,66.4
2026-07-13T20:43:28.224,61.2
2026-07-13T20:43:28.627,44.4
2026-07-13T20:43:29.030,81.3
2026-07-13T20:43:29.433,74.0
2026-07-13T20:43:29.836,67.4
2026-07-13T20:43:30.239,62.3
2026-07-13T20:43:30.642,41.1
2026-07-13T20:43:31.045,41.8
2026-07-13T20:43:31.448,41.7
2026-07-13T20:43:31.851,42.5
2026-07-13T20:43:32.254,42.1
2026-07-13T20:43:32.657,42.0
2026-07-13T20:43:33.060,41.6
2026-07-13T20:43:33.463,42.5
2026-07-13T20:43:33.866,42.0
2026-07-13T20:43:34.269,41.6
2026-07-13T20:43:34.672,41.5
2026-07-13T20:43:35.075,41.4
2026-07-13T20:43:35.478,41.1
2026-07-13T20:43:35.881,41.7
2026-07-13T20:43:36.284,43.1
2026-07-13T20:43:36.687,42.4
2026-07-13T20:43:37.090,44.3
2026-07-13T20:43:37.493,44.2
2026-07-13T20:43:37.896,43.8
2026-07-13T20:43:38.299,42.9
2026-07-13T20:43:38.701,41.6
2026-07-13T20:43:39.105,41.0
2026-07-13T20:43:39.507,41.0
2026-07-13T20:43:39.910,40.9
2026-07-13T20:43:40.313,40.9
2026-07-13T20:43:40.716,40.9
2026-07-13T20:43:41.119,43.4
2026-07-13T20:43:41.522,43.7
2026-07-13T20:43:41.925,43.5
2026-07-13T20:43:42.328,43.2
2026-07-13T20:43:42.731,42.5
2026-07-13T20:43:43.134,41.0
2026-07-13T20:43:43.537,41.3
2026-07-13T20:43:43.940,42.3
2026-07-13T20:43:44.343,42.8
2026-07-13T20:43:44.746,42.4
2026-07-13T20:43:45.149,42.1
2026-07-13T20:43:45.552,41.8
2026-07-13T20:43:45.955,41.3
2026-07-13T20:43:46.358,41.4
2026-07-13T20:43:46.761,41.5
2026-07-13T20:43:47.164,41.5
2026-07-13T20:43:47.567,43.0
2026-07-13T20:43:47.970,42.6
2026-07-13T20:43:48.373,42.3
2026-07-13T20:43:48.776,41.9
2026-07-13T20:43:49.179,41.7
2026-07-13T20:43:49.582,41.8
2026-07-13T20:43:49.985,41.7
2026-07-13T20:43:50.388,41.7
2026-07-13T20:43:50.791,42.3
2026-07-13T20:43:51.194,42.1
2026-07-13T20:43:51.597,41.7
2026-07-13T20:43:52.000,41.6
2026-07-13T20:43:52.402,41.1
2026-07-13T20:43:52.805,41.5
2026-07-13T20:43:53.208,41.5
2026-07-13T20:43:53.611,41.3
2026-07-13T20:43:54.014,41.4
2026-07-13T20:43:54.417,43.4
2026-07-13T20:43:54.820,42.8
2026-07-13T20:43:55.223,42.3
2026-07-13T20:43:55.626,42.0
2026-07-13T20:43:56.029,41.8
2026-07-13T20:43:56.432,42.2
2026-07-13T20:43:56.835,42.1
2026-07-13T20:43:57.238,42.0
2026-07-13T20:43:57.641,41.8
2026-07-13T20:43:58.044,41.2
2026-07-13T20:43:58.447,41.0
2026-07-13T20:43:58.850,41.1
2026-07-13T20:43:59.253,41.6
2026-07-13T20:43:59.656,42.7
2026-07-13T20:44:00.059,42.5
2026-07-13T20:44:00.462,42.0
2026-07-13T20:44:00.865,42.2
2026-07-13T20:44:01.268,42.3
2026-07-13T20:44:01.671,41.8
2026-07-13T20:44:02.074,41.7
2026-07-13T20:44:02.477,41.4
2026-07-13T20:44:02.880,41.2
2026-07-13T20:44:03.282,41.1
2026-07-13T20:44:03.685,41.3
2026-07-13T20:44:04.088,41.7
2026-07-13T20:44:04.491,44.0
2026-07-13T20:44:04.894,43.5
2026-07-13T20:44:05.297,43.0
2026-07-13T20:44:05.700,43.0
2026-07-13T20:44:06.103,46.6
2026-07-13T20:44:06.506,45.5
2026-07-13T20:44:06.909,44.5
2026-07-13T20:44:07.312,43.6
2026-07-13T20:44:07.715,42.6
2026-07-13T20:44:08.118,41.5
2026-07-13T20:44:08.521,41.2
2026-07-13T20:44:08.924,41.9
2026-07-13T20:44:09.326,42.1
2026-07-13T20:44:09.729,46.1
2026-07-13T20:44:10.132,45.3
2026-07-13T20:44:10.535,44.8
2026-07-13T20:44:10.938,47.5
2026-07-13T20:44:11.341,48.9
2026-07-13T20:44:11.744,47.5
2026-07-13T20:44:12.147,46.3
2026-07-13T20:44:12.550,45.3
2026-07-13T20:44:12.953,42.5
2026-07-13T20:44:13.356,51.6
2026-07-13T20:44:13.759,49.6
2026-07-13T20:44:14.162,48.4
2026-07-13T20:44:14.565,47.1
2026-07-13T20:44:14.968,41.2
2026-07-13T20:44:15.371,41.5
2026-07-13T20:44:15.774,41.4
2026-07-13T20:44:16.177,42.5
2026-07-13T20:44:16.580,43.2
2026-07-13T20:44:16.982,42.8
2026-07-13T20:44:17.386,42.5
2026-07-13T20:44:17.788,42.0
2026-07-13T20:44:18.191,41.4
2026-07-13T20:44:18.594,41.6
2026-07-13T20:44:18.997,41.8
2026-07-13T20:44:19.400,41.5
2026-07-13T20:44:19.803,41.2
2026-07-13T20:44:20.206,41.3
2026-07-13T20:44:20.609,48.7
2026-07-13T20:44:21.012,48.7
2026-07-13T20:44:21.415,48.4
2026-07-13T20:44:21.818,46.9
2026-07-13T20:44:22.221,45.8
2026-07-13T20:44:22.624,41.6
2026-07-13T20:44:23.027,42.2
2026-07-13T20:44:23.430,42.1
2026-07-13T20:44:23.833,41.9
2026-07-13T20:44:24.236,41.8
2026-07-13T20:44:24.639,42.1
2026-07-13T20:44:25.042,42.0
2026-07-13T20:44:25.445,42.2
2026-07-13T20:44:25.848,43.6
2026-07-13T20:44:26.251,43.4
2026-07-13T20:44:26.654,43.0
2026-07-13T20:44:27.056,43.4
2026-07-13T20:44:27.459,43.0
2026-07-13T20:44:27.862,42.4
2026-07-13T20:44:28.265,42.0
2026-07-13T20:44:28.668,41.8
2026-07-13T20:44:29.071,41.7
2026-07-13T20:44:29.474,41.6
2026-07-13T20:44:29.877,43.1
2026-07-13T20:44:30.280,42.9
2026-07-13T20:44:30.683,42.4
2026-07-13T20:44:31.086,41.9
2026-07-13T20:44:31.489,46.9
2026-07-13T20:44:31.892,46.5
2026-07-13T20:44:32.295,51.4
2026-07-13T20:44:32.698,49.7
2026-07-13T20:44:33.101,48.6
2026-07-13T20:44:33.504,47.2
2026-07-13T20:44:33.907,41.5
2026-07-13T20:44:34.310,41.5
2026-07-13T20:44:34.713,41.2
2026-07-13T20:44:35.115,41.2
2026-07-13T20:44:35.518,41.1
2026-07-13T20:44:35.921,41.9
2026-07-13T20:44:36.324,43.8
2026-07-13T20:44:36.727,43.6
2026-07-13T20:44:37.130,43.4
2026-07-13T20:44:37.533,42.7
2026-07-13T20:44:37.936,41.7
2026-07-13T20:44:38.339,41.5
2026-07-13T20:44:38.742,41.3
2026-07-13T20:44:39.145,41.4
2026-07-13T20:44:39.548,41.8
2026-07-13T20:44:39.951,43.0
2026-07-13T20:44:40.354,43.2
2026-07-13T20:44:40.757,46.2
2026-07-13T20:44:41.160,45.1
2026-07-13T20:44:41.563,45.4
2026-07-13T20:44:41.966,44.8
2026-07-13T20:44:42.368,44.1
2026-07-13T20:44:42.772,43.7
2026-07-13T20:44:43.174,41.6
2026-07-13T20:44:43.577,41.3
2026-07-13T20:44:43.980,41.3
2026-07-13T20:44:44.383,41.7
2026-07-13T20:44:44.786,41.9
2026-07-13T20:44:45.189,41.6
2026-07-13T20:44:45.592,41.3
2026-07-13T20:44:45.995,44.8
2026-07-13T20:44:46.398,44.2
2026-07-13T20:44:46.801,43.6
2026-07-13T20:44:47.204,43.1
2026-07-13T20:44:47.607,41.8
2026-07-13T20:44:48.010,41.4
2026-07-13T20:44:48.413,41.2
2026-07-13T20:44:48.816,41.1
2026-07-13T20:44:49.219,41.2
2026-07-13T20:44:49.622,41.4
2026-07-13T20:44:50.025,41.6
2026-07-13T20:44:50.428,42.6
2026-07-13T20:44:50.831,43.7
2026-07-13T20:44:51.234,43.1
2026-07-13T20:44:51.636,46.6
2026-07-13T20:44:52.039,45.8
2026-07-13T20:44:52.442,44.6
2026-07-13T20:44:52.845,44.0
2026-07-13T20:44:53.248,42.7
2026-07-13T20:44:53.651,45.2
2026-07-13T20:44:54.054,44.3
2026-07-13T20:44:54.457,43.6
2026-07-13T20:44:54.860,42.8
2026-07-13T20:44:55.263,41.3
2026-07-13T20:44:55.666,41.7
2026-07-13T20:44:56.069,41.8
2026-07-13T20:44:56.472,41.7
2026-07-13T20:44:56.875,43.6
2026-07-13T20:44:57.278,43.4
2026-07-13T20:44:57.681,42.8
2026-07-13T20:44:58.085,42.2
2026-07-13T20:44:58.487,41.3
2026-07-13T20:44:58.890,44.5
2026-07-13T20:44:59.293,44.8
2026-07-13T20:44:59.696,44.1
2026-07-13T20:45:00.099,43.5
2026-07-13T20:45:00.502,43.1
2026-07-13T20:45:00.905,41.5
2026-07-13T20:45:01.308,41.4
2026-07-13T20:45:01.711,42.3
2026-07-13T20:45:02.114,47.0
2026-07-13T20:45:02.517,47.3
2026-07-13T20:45:02.920,46.2
2026-07-13T20:45:03.323,45.3
2026-07-13T20:45:03.726,44.3
2026-07-13T20:45:04.129,41.4
2026-07-13T20:45:04.532,43.1
2026-07-13T20:45:04.935,42.7
2026-07-13T20:45:05.338,42.1
2026-07-13T20:45:05.741,41.8
2026-07-13T20:45:31.694,41.1
2026-07-13T20:45:32.096,41.2
2026-07-13T20:45:32.499,41.5
2026-07-13T20:45:32.903,41.4
2026-07-13T20:45:33.305,41.0
2026-07-13T20:45:33.708,41.1
2026-07-13T20:45:34.111,41.0
2026-07-13T20:45:34.514,41.0
2026-07-13T20:45:34.917,41.0
2026-07-13T20:45:35.320,41.0
2026-07-13T20:45:35.723,40.8
2026-07-13T20:45:36.126,41.0
2026-07-13T20:45:36.529,41.0
2026-07-13T20:45:36.932,41.1
2026-07-13T20:45:37.335,41.0
2026-07-13T20:45:37.738,43.9
2026-07-13T20:45:38.141,43.8
2026-07-13T20:45:38.544,49.2
2026-07-13T20:45:38.947,51.5
2026-07-13T20:45:39.350,51.5
2026-07-13T20:45:39.753,62.7
2026-07-13T20:45:40.156,59.8
2026-07-13T20:45:40.559,59.1
2026-07-13T20:45:40.962,56.3
2026-07-13T20:45:41.365,47.3
2026-07-13T20:45:41.768,43.7
2026-07-13T20:45:42.171,42.4
2026-07-13T20:45:42.574,41.6
2026-07-13T20:45:42.977,49.9
2026-07-13T20:45:43.380,48.9
2026-07-13T20:45:43.783,47.5
2026-07-13T20:45:44.186,46.3
2026-07-13T20:45:44.589,41.2
2026-07-13T20:45:44.992,41.2
2026-07-13T20:45:45.395,41.2
2026-07-13T20:45:45.797,42.0
2026-07-13T20:45:46.201,41.9
2026-07-13T20:45:46.603,41.6
2026-07-13T20:45:47.006,41.3
2026-07-13T20:45:47.409,41.2
2026-07-13T20:45:47.812,40.9
2026-07-13T20:45:48.215,41.0
2026-07-13T20:45:48.618,41.0
2026-07-13T20:45:49.021,41.1
2026-07-13T20:45:49.424,41.2
2026-07-13T20:45:49.827,41.0
2026-07-13T20:45:50.230,41.3
2026-07-13T20:45:50.633,41.5
2026-07-13T20:45:51.036,42.2
2026-07-13T20:45:51.439,41.8
2026-07-13T20:45:51.842,41.8
2026-07-13T20:45:52.245,41.4
2026-07-13T20:45:52.648,41.5
2026-07-13T20:45:53.050,42.5
2026-07-13T20:45:53.445,42.5
2026-07-13T20:45:53.839,42.1
2026-07-13T20:45:54.234,41.9
2026-07-13T20:45:54.630,41.6
2026-07-13T20:45:55.025,41.4
2026-07-13T20:45:55.422,41.2
2026-07-13T20:45:55.818,41.1
2026-07-13T20:45:56.215,41.3
2026-07-13T20:45:56.612,41.2
2026-07-13T20:45:57.010,41.1
2026-07-13T20:45:57.408,41.0
2026-07-13T20:45:57.805,41.3
2026-07-13T20:45:58.204,41.3
2026-07-13T20:45:58.602,41.2
2026-07-13T20:45:59.001,41.4
2026-07-13T20:45:59.400,41.2
2026-07-13T20:45:59.799,41.3
2026-07-13T20:46:00.199,41.3
2026-07-13T20:46:00.598,41.5
2026-07-13T20:46:00.998,41.2
2026-07-13T20:46:01.398,41.4
2026-07-13T20:46:01.798,50.0
2026-07-13T20:46:02.198,49.0
2026-07-13T20:46:02.598,47.6
2026-07-13T20:46:02.999,46.1
2026-07-13T20:46:03.400,42.6
2026-07-13T20:46:03.800,41.5
2026-07-13T20:46:04.201,43.1
2026-07-13T20:46:04.602,44.4
2026-07-13T20:46:05.003,44.0
2026-07-13T20:46:05.404,43.6
2026-07-13T20:46:05.805,43.4
2026-07-13T20:46:06.207,43.3
2026-07-13T20:46:06.608,42.6
2026-07-13T20:46:07.010,43.4
2026-07-13T20:46:07.411,42.8
2026-07-13T20:46:07.813,42.4
2026-07-13T20:46:08.215,41.9
2026-07-13T20:46:36.709,42.8
2026-07-13T20:46:37.112,47.9
2026-07-13T20:46:37.515,47.0
2026-07-13T20:46:37.918,46.0
2026-07-13T20:46:38.321,45.3
2026-07-13T20:46:38.724,42.2
2026-07-13T20:46:39.127,41.8
2026-07-13T20:46:39.530,41.9
2026-07-13T20:46:39.933,41.5
2026-07-13T20:46:40.336,41.6
2026-07-13T20:46:40.739,41.5
2026-07-13T20:46:41.142,41.9
2026-07-13T20:46:41.545,41.6
2026-07-13T20:46:41.948,41.3
2026-07-13T20:46:42.351,42.0
2026-07-13T20:46:42.754,41.9
2026-07-13T20:46:43.157,41.5
2026-07-13T20:46:43.560,41.3
2026-07-13T20:46:43.963,41.6
2026-07-13T20:46:44.365,41.7
2026-07-13T20:46:44.768,41.7
2026-07-13T20:46:45.171,41.5
2026-07-13T20:46:45.574,41.7
2026-07-13T20:46:45.977,43.1
2026-07-13T20:46:46.380,42.6
2026-07-13T20:46:46.783,42.5
2026-07-13T20:46:47.186,42.3
2026-07-13T20:46:47.589,41.7
2026-07-13T20:46:47.992,41.5
2026-07-13T20:46:48.395,41.4
2026-07-13T20:46:48.798,41.4
2026-07-13T20:46:49.201,41.3
2026-07-13T20:46:49.604,41.3
2026-07-13T20:46:50.007,41.2
2026-07-13T20:46:50.410,41.3
2026-07-13T20:46:50.813,41.8
2026-07-13T20:46:51.216,41.5
2026-07-13T20:46:51.619,41.7
2026-07-13T20:46:52.022,42.8
2026-07-13T20:46:52.425,42.5
2026-07-13T20:46:52.828,42.1
2026-07-13T20:46:53.231,41.7
2026-07-13T20:46:53.634,41.3
2026-07-13T20:46:54.037,41.4
2026-07-13T20:46:54.440,41.5
2026-07-13T20:46:54.843,41.4
2026-07-13T20:46:55.246,41.6
2026-07-13T20:46:55.649,41.4
2026-07-13T20:46:56.052,41.4
2026-07-13T20:46:56.455,41.6
2026-07-13T20:46:56.858,41.9
2026-07-13T20:46:57.252,41.8
2026-07-13T20:46:57.639,41.5
2026-07-13T20:46:58.027,41.3
2026-07-13T20:46:58.416,41.0
2026-07-13T20:46:58.806,41.0
2026-07-13T20:46:59.196,41.2
2026-07-13T20:46:59.587,41.2
2026-07-13T20:46:59.979,41.2
2026-07-13T20:47:00.371,41.1
2026-07-13T20:47:00.764,41.4
2026-07-13T20:47:01.157,41.1
2026-07-13T20:47:01.551,40.8
2026-07-13T20:47:01.945,41.0
2026-07-13T20:47:02.340,41.2
2026-07-13T20:47:02.735,41.1
2026-07-13T20:47:03.130,41.1
2026-07-13T20:47:03.527,41.9
2026-07-13T20:47:03.923,42.6
2026-07-13T20:47:04.319,42.3
2026-07-13T20:47:04.716,41.9
2026-07-13T20:47:05.114,44.0
2026-07-13T20:47:05.511,43.6
2026-07-13T20:47:05.909,43.5
2026-07-13T20:47:06.307,42.8
2026-07-13T20:47:06.705,41.5
2026-07-13T20:47:07.104,41.9
2026-07-13T20:47:07.503,41.7
2026-07-13T20:47:07.902,41.4
2026-07-13T20:47:08.301,41.2
2026-07-13T20:47:08.701,41.4
2026-07-13T20:47:09.100,41.4
2026-07-13T20:47:09.500,41.3
2026-07-13T20:47:09.900,41.4
2026-07-13T20:47:10.300,41.3
2026-07-13T20:47:10.700,41.3
2026-07-13T20:47:11.101,41.5
2026-07-13T20:47:11.501,41.2
2026-07-13T20:47:11.902,41.2
2026-07-13T20:47:12.303,41.3
2026-07-13T20:47:12.704,42.1
2026-07-13T20:47:13.105,42.0
2026-07-13T20:47:13.506,42.1
2026-07-13T20:47:13.907,41.9
2026-07-13T20:47:14.308,41.7
2026-07-13T20:47:14.835,41.5
2026-07-13T20:47:15.111,41.2
2026-07-13T20:47:15.513,41.2
2026-07-13T20:47:15.914,41.3
2026-07-13T20:47:16.316,41.7
2026-07-13T20:47:16.718,42.6
2026-07-13T20:47:17.119,42.4
2026-07-13T20:47:17.521,42.3
2026-07-13T20:47:17.923,44.1
2026-07-13T20:47:18.325,43.6
2026-07-13T20:47:18.727,42.8
2026-07-13T20:47:19.129,42.3
2026-07-13T20:47:19.532,41.7
2026-07-13T20:47:19.934,41.5
2026-07-13T20:47:20.336,41.3
2026-07-13T20:47:20.738,41.2
2026-07-13T20:47:21.141,41.4
2026-07-13T20:47:21.543,41.9
2026-07-13T20:47:21.945,41.5
2026-07-13T20:47:22.348,41.5
2026-07-13T20:47:22.750,41.3
2026-07-13T20:47:23.153,41.4
2026-07-13T20:47:23.555,41.2
2026-07-13T20:47:23.958,41.2
2026-07-13T20:47:24.360,41.3
2026-07-13T20:47:24.763,41.5
2026-07-13T20:47:25.165,41.3
2026-07-13T20:47:25.568,41.0
2026-07-13T20:47:25.971,41.4
2026-07-13T20:47:26.373,41.2
2026-07-13T20:47:26.776,41.2
2026-07-13T20:47:27.179,41.2
2026-07-13T20:47:27.581,41.2
2026-07-13T20:47:27.984,41.2
2026-07-13T20:47:28.387,41.3
2026-07-13T20:47:28.789,41.1
2026-07-13T20:47:29.192,41.8
2026-07-13T20:47:29.595,41.4
2026-07-13T20:47:29.998,41.7
2026-07-13T20:47:30.401,42.0
2026-07-13T20:47:30.804,42.4
2026-07-13T20:47:31.207,41.9
2026-07-13T20:47:31.610,42.8
2026-07-13T20:47:32.013,42.6
2026-07-13T20:47:32.416,42.3
2026-07-13T20:47:32.819,41.8
2026-07-13T20:47:33.222,41.1
2026-07-13T20:47:33.625,41.2
2026-07-13T20:47:34.028,41.3
2026-07-13T20:47:34.431,41.4
2026-07-13T20:47:34.834,41.9
2026-07-13T20:47:35.237,41.5
2026-07-13T20:47:35.640,42.0
2026-07-13T20:47:36.043,41.8
2026-07-13T20:47:36.446,41.7
2026-07-13T20:47:36.850,41.4
2026-07-13T20:47:37.253,41.3
2026-07-13T20:47:37.656,41.5
2026-07-13T20:47:38.059,41.4
2026-07-13T20:47:38.462,41.2
2026-07-13T20:47:38.865,41.2
2026-07-13T20:47:39.268,41.3
2026-07-13T20:47:39.671,41.1
2026-07-13T20:47:40.074,41.2
2026-07-13T20:47:40.477,40.9
2026-07-13T20:47:40.880,41.2
2026-07-13T20:47:41.283,41.1
2026-07-13T20:47:41.686,41.2
2026-07-13T20:47:42.089,41.1
2026-07-13T20:47:42.492,41.4
2026-07-13T20:47:42.895,41.2
2026-07-13T20:47:43.298,41.4
2026-07-13T20:47:43.701,41.2
2026-07-13T20:47:44.104,41.2
2026-07-13T20:47:44.507,41.2
2026-07-13T20:47:44.910,44.1
2026-07-13T20:47:45.313,44.5
2026-07-13T20:47:45.716,43.6
2026-07-13T20:47:46.119,43.1
2026-07-13T20:47:46.522,44.1
2026-07-13T20:47:46.925,43.5
2026-07-13T20:47:47.328,43.0
2026-07-13T20:47:47.731,42.5
2026-07-13T20:47:48.134,41.1
2026-07-13T20:47:48.537,41.3
2026-07-13T20:47:48.940,41.1
2026-07-13T20:47:49.343,41.3
2026-07-13T20:47:49.746,41.2
2026-07-13T20:47:50.149,41.0
2026-07-13T20:47:50.552,41.2
2026-07-13T20:47:50.955,41.2
2026-07-13T20:47:51.358,41.5
2026-07-13T20:47:51.761,41.2
2026-07-13T20:47:52.164,41.1
2026-07-13T20:47:52.567,41.1
2026-07-13T20:47:52.970,41.1
2026-07-13T20:47:53.373,41.1
2026-07-13T20:47:53.776,41.3
2026-07-13T20:47:54.179,41.0
2026-07-13T20:47:54.582,41.4
2026-07-13T20:47:54.985,41.0
2026-07-13T20:47:55.388,41.0
2026-07-13T20:47:55.791,41.4
2026-07-13T20:47:56.194,41.7
2026-07-13T20:47:56.597,42.3
2026-07-13T20:47:57.000,42.9
2026-07-13T20:47:57.403,45.4
2026-07-13T20:47:57.806,44.6
2026-07-13T20:47:58.209,43.8
2026-07-13T20:47:58.612,44.1
2026-07-13T20:47:59.015,46.1
2026-07-13T20:47:59.418,45.1
2026-07-13T20:47:59.821,44.5
2026-07-13T20:48:00.224,43.7
2026-07-13T20:48:00.628,42.2
2026-07-13T20:48:01.030,42.1
2026-07-13T20:48:01.433,41.9
2026-07-13T20:48:01.837,42.4
2026-07-13T20:48:02.240,42.3
2026-07-13T20:48:02.643,41.8
2026-07-13T20:48:03.046,41.7
2026-07-13T20:48:03.449,41.2
2026-07-13T20:48:03.852,41.3
2026-07-13T20:48:04.255,41.4
2026-07-13T20:48:04.658,41.3
2026-07-13T20:48:05.061,41.3
2026-07-13T20:48:05.464,41.4
2026-07-13T20:48:05.867,41.5
2026-07-13T20:48:06.270,41.5
2026-07-13T20:48:06.673,41.4
2026-07-13T20:48:07.076,41.1
2026-07-13T20:48:07.479,41.2
2026-07-13T20:48:07.882,41.1
2026-07-13T20:48:08.285,41.2
2026-07-13T20:48:08.688,41.2
2026-07-13T20:48:09.091,41.3
2026-07-13T20:48:09.494,41.2
2026-07-13T20:48:09.897,42.3
2026-07-13T20:48:10.300,42.0
2026-07-13T20:48:10.703,43.4
2026-07-13T20:48:11.106,50.1
2026-07-13T20:48:11.509,48.6
2026-07-13T20:48:11.912,47.0
2026-07-13T20:48:12.315,45.6
2026-07-13T20:48:12.718,41.2
2026-07-13T20:48:13.121,41.7
2026-07-13T20:48:13.524,42.9
2026-07-13T20:48:13.927,46.6
2026-07-13T20:48:14.330,45.9
2026-07-13T20:48:14.733,51.0
2026-07-13T20:48:15.136,49.2
2026-07-13T20:48:15.539,47.7
2026-07-13T20:48:15.942,46.5
2026-07-13T20:48:16.345,41.7
2026-07-13T20:48:16.748,41.4
2026-07-13T20:48:17.151,42.5
2026-07-13T20:48:17.554,42.6
2026-07-13T20:48:17.957,42.2
2026-07-13T20:48:18.360,41.9
2026-07-13T20:48:18.763,42.2
2026-07-13T20:48:19.166,42.0
2026-07-13T20:48:19.570,42.5
2026-07-13T20:48:19.972,42.3
2026-07-13T20:48:20.375,42.0
2026-07-13T20:48:20.778,41.9
2026-07-13T20:48:21.181,41.8
2026-07-13T20:48:21.584,41.9
2026-07-13T20:48:21.987,41.6
2026-07-13T20:48:22.390,41.7
2026-07-13T20:48:22.793,41.3
2026-07-13T20:48:23.196,41.1
2026-07-13T20:48:23.599,41.6
2026-07-13T20:48:24.002,41.8
2026-07-13T20:48:24.405,43.2
2026-07-13T20:48:24.808,42.9
2026-07-13T20:48:25.211,42.3
2026-07-13T20:48:25.614,42.1
2026-07-13T20:48:26.017,42.2
2026-07-13T20:48:26.420,41.9
2026-07-13T20:48:26.823,41.8
2026-07-13T20:48:27.226,41.6
2026-07-13T20:48:27.629,42.9
2026-07-13T20:48:28.032,42.4
2026-07-13T20:48:28.435,41.9
2026-07-13T20:48:28.838,41.6
2026-07-13T20:48:29.241,41.6
2026-07-13T20:48:29.644,41.2
2026-07-13T20:48:30.047,41.1
2026-07-13T20:48:30.450,41.0
2026-07-13T20:48:30.853,41.1
2026-07-13T20:48:31.256,41.3
2026-07-13T20:48:31.659,41.2
2026-07-13T20:48:32.062,41.1
2026-07-13T20:48:32.465,41.2
2026-07-13T20:48:32.868,40.9
2026-07-13T20:48:33.271,41.0
2026-07-13T20:48:33.674,41.1
2026-07-13T20:48:34.077,41.5
2026-07-13T20:48:34.479,41.8
2026-07-13T20:48:34.883,41.5
2026-07-13T20:48:35.285,41.5
2026-07-13T20:48:35.688,42.1
2026-07-13T20:48:36.091,42.9
2026-07-13T20:48:36.494,42.5
2026-07-13T20:48:36.897,42.1
2026-07-13T20:48:37.300,45.4
2026-07-13T20:48:37.703,44.8
2026-07-13T20:48:38.106,44.2
2026-07-13T20:48:38.509,43.7
2026-07-13T20:48:38.912,41.3
2026-07-13T20:48:39.315,43.1
2026-07-13T20:48:39.718,42.7
2026-07-13T20:48:40.121,42.4
2026-07-13T20:48:40.524,42.1
2026-07-13T20:48:40.927,41.3
2026-07-13T20:48:41.330,42.3
2026-07-13T20:48:41.733,42.0
2026-07-13T20:48:42.136,41.6
2026-07-13T20:48:42.539,41.5
2026-07-13T20:48:42.942,41.1
2026-07-13T20:48:43.345,41.5
2026-07-13T20:48:43.748,41.3
2026-07-13T20:48:44.151,41.4
2026-07-13T20:48:44.554,41.2
2026-07-13T20:48:44.957,41.1
2026-07-13T20:48:45.360,41.3
2026-07-13T20:48:45.763,41.2
2026-07-13T20:48:46.166,41.1
2026-07-13T20:48:46.569,40.9
2026-07-13T20:48:46.972,40.8
2026-07-13T20:48:47.375,41.0
2026-07-13T20:48:47.778,41.1
2026-07-13T20:48:48.181,41.2
2026-07-13T20:48:48.584,41.0
2026-07-13T20:48:48.987,40.9
2026-07-13T20:48:49.390,41.1
2026-07-13T20:48:49.793,41.2
2026-07-13T20:48:50.196,41.0
2026-07-13T20:48:50.599,41.1
2026-07-13T20:48:51.002,41.0
2026-07-13T20:48:51.405,41.0
2026-07-13T20:48:51.808,41.1
2026-07-13T20:48:52.211,41.1
2026-07-13T20:48:52.614,41.1
2026-07-13T20:48:53.017,41.0
2026-07-13T20:48:53.420,41.0
2026-07-13T20:48:53.823,40.9
2026-07-13T20:48:54.226,41.1
2026-07-13T20:48:54.629,41.0
2026-07-13T20:48:55.031,41.1
2026-07-13T20:48:55.434,40.9
2026-07-13T20:48:55.837,41.1
2026-07-13T20:48:56.240,41.1
2026-07-13T20:48:56.643,41.1
2026-07-13T20:48:57.046,41.2
2026-07-13T20:48:57.449,41.0
2026-07-13T20:48:57.852,41.4
2026-07-13T20:48:58.255,41.7
2026-07-13T20:48:58.658,41.6
2026-07-13T20:48:59.061,42.1
2026-07-13T20:48:59.464,42.7
2026-07-13T20:48:59.867,42.5
2026-07-13T20:49:00.270,43.1
2026-07-13T20:49:00.673,42.6
2026-07-13T20:49:01.076,42.2
2026-07-13T20:49:01.479,41.9
2026-07-13T20:49:01.882,41.7
2026-07-13T20:49:02.285,41.5
2026-07-13T20:49:02.687,42.5
2026-07-13T20:49:03.090,42.2
2026-07-13T20:49:03.493,41.9
2026-07-13T20:49:03.896,41.8
2026-07-13T20:49:04.299,41.6
2026-07-13T20:49:04.702,41.4
2026-07-13T20:49:05.105,41.2
2026-07-13T20:49:05.508,41.7
2026-07-13T20:49:05.911,41.6
2026-07-13T20:49:06.314,43.1
2026-07-13T20:49:06.717,42.8
2026-07-13T20:49:07.120,42.2
2026-07-13T20:49:07.523,41.7
2026-07-13T20:49:07.926,41.3
2026-07-13T20:49:08.329,41.4
2026-07-13T20:49:08.732,41.3
2026-07-13T20:49:09.135,41.2
2026-07-13T20:49:09.538,42.0
2026-07-13T20:49:09.941,41.8
2026-07-13T20:49:10.344,41.4
2026-07-13T20:49:10.747,41.7
2026-07-13T20:49:11.150,41.6
2026-07-13T20:49:11.552,41.3
2026-07-13T20:49:11.955,41.7
2026-07-13T20:49:12.358,47.7
2026-07-13T20:49:12.761,48.5
2026-07-13T20:49:13.164,48.1
2026-07-13T20:49:13.567,47.5
2026-07-13T20:49:13.970,50.4
2026-07-13T20:49:14.373,49.6
2026-07-13T20:49:14.776,50.3
2026-07-13T20:49:15.179,49.3
2026-07-13T20:49:15.582,52.8
2026-07-13T20:49:15.985,52.3
2026-07-13T20:49:16.388,50.1
2026-07-13T20:49:16.791,48.6
2026-07-13T20:49:17.194,42.4
2026-07-13T20:49:17.597,42.7
2026-07-13T20:49:18.000,42.6
2026-07-13T20:49:18.403,46.0
2026-07-13T20:49:18.806,51.5
2026-07-13T20:49:19.209,50.1
2026-07-13T20:49:19.611,48.7
2026-07-13T20:49:20.014,47.5
2026-07-13T20:49:20.417,45.7
2026-07-13T20:49:20.820,44.0
2026-07-13T20:49:21.223,44.8
2026-07-13T20:49:21.626,44.7
2026-07-13T20:49:22.029,44.2
2026-07-13T20:49:22.432,47.9
2026-07-13T20:49:22.835,48.1
2026-07-13T20:49:23.238,46.7
2026-07-13T20:49:23.641,45.6
2026-07-13T20:49:24.044,44.7
2026-07-13T20:49:24.447,41.5
2026-07-13T20:49:24.850,41.3
2026-07-13T20:49:25.253,41.4
2026-07-13T20:49:25.656,42.9
2026-07-13T20:49:26.059,42.3
2026-07-13T20:49:26.462,41.9
2026-07-13T20:49:26.865,41.6
2026-07-13T20:49:27.268,41.4
2026-07-13T20:49:27.671,42.3
2026-07-13T20:49:28.074,42.0
2026-07-13T20:49:28.477,41.8
2026-07-13T20:49:28.879,41.9
2026-07-13T20:49:29.282,41.6
2026-07-13T20:49:29.685,41.3
2026-07-13T20:49:30.088,41.5
2026-07-13T20:49:30.491,41.2
2026-07-13T20:49:30.894,41.7
2026-07-13T20:49:31.297,41.4
2026-07-13T20:49:31.700,41.4
2026-07-13T20:49:32.103,41.1
2026-07-13T20:49:32.506,41.1
2026-07-13T20:49:32.909,42.2
2026-07-13T20:49:33.312,41.9
2026-07-13T20:49:33.715,41.5
2026-07-13T20:49:34.118,41.4
2026-07-13T20:49:34.521,41.1
2026-07-13T20:49:34.924,41.5
2026-07-13T20:49:35.327,41.6
2026-07-13T20:49:35.730,41.4
2026-07-13T20:49:36.133,41.3
2026-07-13T20:49:36.536,42.1
2026-07-13T20:49:36.939,45.1
2026-07-13T20:49:37.342,44.5
2026-07-13T20:49:37.745,43.6
2026-07-13T20:49:38.148,43.1
2026-07-13T20:49:38.551,41.0
2026-07-13T20:49:38.954,41.6
2026-07-13T20:49:39.357,41.4
2026-07-13T20:49:39.760,41.1
2026-07-13T20:49:40.163,41.1
2026-07-13T20:49:40.566,41.0
2026-07-13T20:49:40.969,42.6
2026-07-13T20:49:41.372,42.5
2026-07-13T20:49:41.775,42.1
2026-07-13T20:49:42.177,45.0
2026-07-13T20:49:42.580,44.2
2026-07-13T20:49:42.983,50.4
2026-07-13T20:49:43.386,50.0
2026-07-13T20:49:43.789,48.4
2026-07-13T20:49:44.192,47.1
2026-07-13T20:49:44.595,41.1
2026-07-13T20:49:44.998,41.7
2026-07-13T20:49:45.401,41.6
2026-07-13T20:49:45.804,41.8
2026-07-13T20:49:46.207,49.3
2026-07-13T20:49:46.610,48.1
2026-07-13T20:49:47.013,46.7
2026-07-13T20:49:47.416,45.5
2026-07-13T20:49:47.819,41.3
2026-07-13T20:49:48.222,41.3
2026-07-13T20:49:48.625,41.5
2026-07-13T20:49:49.028,41.1
2026-07-13T20:49:49.431,42.0
2026-07-13T20:49:49.834,41.7
2026-07-13T20:49:50.237,41.3
2026-07-13T20:49:50.640,41.7
2026-07-13T20:49:51.043,42.5
2026-07-13T20:49:51.446,42.0
2026-07-13T20:49:51.849,41.8
2026-07-13T20:49:52.251,42.3
2026-07-13T20:49:52.654,42.1
2026-07-13T20:49:53.057,41.7
2026-07-13T20:49:53.460,41.5
2026-07-13T20:49:53.863,41.5
2026-07-13T20:49:54.266,43.1
2026-07-13T20:49:54.669,42.5
2026-07-13T20:49:55.072,41.9
2026-07-13T20:49:55.475,41.5
2026-07-13T20:49:55.878,41.5
2026-07-13T20:49:56.281,41.3
2026-07-13T20:49:56.684,41.3
2026-07-13T20:49:57.087,41.3
2026-07-13T20:49:57.490,41.0
2026-07-13T20:49:57.893,41.1
2026-07-13T20:49:58.296,43.7
2026-07-13T20:49:58.699,43.1
2026-07-13T20:49:59.102,42.7
2026-07-13T20:49:59.505,42.2
2026-07-13T20:49:59.908,41.4
2026-07-13T20:50:00.311,41.1
2026-07-13T20:50:00.714,41.0
2026-07-13T20:50:01.117,41.0
2026-07-13T20:50:01.520,41.1
2026-07-13T20:50:01.923,41.1
2026-07-13T20:50:02.325,42.2
2026-07-13T20:50:02.728,42.0
2026-07-13T20:50:03.131,41.7
2026-07-13T20:50:03.534,42.7
2026-07-13T20:50:03.937,42.4
2026-07-13T20:50:04.340,42.1
2026-07-13T20:50:04.743,41.7
2026-07-13T20:50:05.146,40.8
2026-07-13T20:50:05.549,41.0
2026-07-13T20:50:05.952,41.0
2026-07-13T20:50:06.355,41.2
2026-07-13T20:50:06.758,42.5
2026-07-13T20:50:07.161,42.1
2026-07-13T20:50:07.564,41.7
2026-07-13T20:50:07.967,41.3
2026-07-13T20:50:08.370,41.4
2026-07-13T20:50:08.773,41.2
2026-07-13T20:50:09.176,41.1
2026-07-13T20:50:09.579,41.2
2026-07-13T20:50:09.982,42.0
2026-07-13T20:50:10.384,41.6
2026-07-13T20:50:10.787,41.3
2026-07-13T20:50:11.190,42.4
2026-07-13T20:50:11.593,42.1
2026-07-13T20:50:11.996,41.8
2026-07-13T20:50:12.399,41.7
2026-07-13T20:50:12.802,41.7
2026-07-13T20:50:13.205,41.7
2026-07-13T20:50:13.608,41.5
2026-07-13T20:50:14.011,41.4
2026-07-13T20:50:14.414,41.4
2026-07-13T20:50:14.817,41.4
2026-07-13T20:50:15.220,41.5
2026-07-13T20:50:15.623,41.5
2026-07-13T20:50:16.026,41.4
2026-07-13T20:50:16.429,41.2
2026-07-13T20:50:16.832,41.3
2026-07-13T20:50:17.235,41.1
2026-07-13T20:50:17.638,41.3
2026-07-13T20:50:18.041,41.4
2026-07-13T20:50:18.444,41.2
2026-07-13T20:50:18.847,41.5
2026-07-13T20:50:19.250,41.7
2026-07-13T20:50:19.653,42.4
2026-07-13T20:50:20.056,42.1
2026-07-13T20:50:20.459,41.7
2026-07-13T20:50:20.862,41.5
2026-07-13T20:50:21.264,41.4
2026-07-13T20:50:21.667,41.6
2026-07-13T20:50:22.070,41.4
2026-07-13T20:50:22.473,42.1
2026-07-13T20:50:22.876,42.0
2026-07-13T20:50:23.279,42.5
2026-07-13T20:50:23.682,42.3
2026-07-13T20:50:24.085,42.6
2026-07-13T20:50:24.488,42.7
2026-07-13T20:50:24.891,42.6
2026-07-13T20:50:25.294,42.6
2026-07-13T20:50:25.697,43.2
2026-07-13T20:50:26.100,43.0
2026-07-13T20:50:26.503,42.6
2026-07-13T20:50:26.906,42.3
2026-07-13T20:50:27.309,41.8
2026-07-13T20:50:27.712,41.5
2026-07-13T20:50:28.115,41.3
2026-07-13T20:50:28.518,41.6
2026-07-13T20:50:28.921,41.4
2026-07-13T20:50:29.324,41.4
2026-07-13T20:50:29.727,41.3
2026-07-13T20:50:30.130,41.9
2026-07-13T20:50:30.533,41.7
2026-07-13T20:50:30.935,41.3
2026-07-13T20:50:31.338,40.9
2026-07-13T20:50:31.741,41.3
2026-07-13T20:50:32.144,41.4
2026-07-13T20:50:32.547,41.3
2026-07-13T20:50:32.950,41.4
2026-07-13T20:50:33.355,41.4
2026-07-13T20:50:33.756,41.5
2026-07-13T20:50:34.159,41.5
2026-07-13T20:50:34.562,42.7
2026-07-13T20:50:34.965,42.1
2026-07-13T20:50:35.368,41.7
2026-07-13T20:50:35.771,42.0
2026-07-13T20:50:36.174,41.9
2026-07-13T20:50:36.577,41.5
2026-07-13T20:50:36.980,41.5
2026-07-13T20:50:37.383,41.2
2026-07-13T20:50:37.786,41.8
2026-07-13T20:50:38.189,41.4
2026-07-13T20:50:38.592,41.1
2026-07-13T20:50:38.995,41.7
2026-07-13T20:50:39.398,41.3
2026-07-13T20:50:39.801,41.5
2026-07-13T20:50:40.204,41.2
2026-07-13T20:50:40.607,41.3
2026-07-13T20:50:41.010,41.3
2026-07-13T20:50:41.412,41.6
2026-07-13T20:50:41.815,41.4
2026-07-13T20:50:42.218,41.4
2026-07-13T20:50:42.621,41.0
2026-07-13T20:50:43.024,41.2
2026-07-13T20:50:43.427,40.9
2026-07-13T20:50:43.830,40.9
2026-07-13T20:50:44.233,41.0
2026-07-13T20:50:44.636,41.0
2026-07-13T20:50:45.039,41.6
2026-07-13T20:50:45.442,41.2
2026-07-13T20:50:45.845,41.1
2026-07-13T20:50:46.248,41.1
2026-07-13T20:50:46.651,41.6
2026-07-13T20:50:47.054,41.3
2026-07-13T20:50:47.457,41.5
2026-07-13T20:50:47.860,41.1
2026-07-13T20:50:48.263,42.1
2026-07-13T20:50:48.666,41.6
2026-07-13T20:50:49.069,41.4
2026-07-13T20:50:49.472,41.2
2026-07-13T20:50:49.875,41.0
2026-07-13T20:50:50.278,41.4
2026-07-13T20:50:50.681,41.1
2026-07-13T20:50:51.084,41.2
2026-07-13T20:50:51.487,41.3
2026-07-13T20:50:51.890,41.5
2026-07-13T20:50:52.292,41.7
2026-07-13T20:50:52.695,41.9
2026-07-13T20:50:53.098,41.7
2026-07-13T20:50:53.501,42.1
2026-07-13T20:50:53.904,41.7
2026-07-13T20:50:54.307,41.6
2026-07-13T20:50:54.710,41.2
2026-07-13T20:50:55.113,41.5
2026-07-13T20:50:55.516,41.4
2026-07-13T20:50:55.919,41.0
2026-07-13T20:50:56.322,41.0
2026-07-13T20:50:56.725,40.9
2026-07-13T20:50:57.128,40.8
2026-07-13T20:50:57.531,40.9
2026-07-13T20:50:57.934,41.0
2026-07-13T20:50:58.337,40.9
2026-07-13T20:50:58.740,41.1
2026-07-13T20:50:59.143,41.0
2026-07-13T20:50:59.546,41.2
2026-07-13T20:50:59.949,41.5
2026-07-13T20:51:00.352,41.1
2026-07-13T20:51:00.755,41.2
2026-07-13T20:51:01.158,41.1
2026-07-13T20:51:01.561,41.1
2026-07-13T20:51:01.964,41.0
2026-07-13T20:51:02.366,40.8
2026-07-13T20:51:02.769,41.0
2026-07-13T20:51:03.172,41.1
2026-07-13T20:51:03.575,41.4
2026-07-13T20:51:03.978,41.8
2026-07-13T20:51:04.381,42.6
2026-07-13T20:51:04.784,42.2
2026-07-13T20:51:05.187,42.1
2026-07-13T20:51:05.590,41.8
2026-07-13T20:51:05.993,42.0
2026-07-13T20:51:06.396,41.7
2026-07-13T20:51:06.799,41.7
2026-07-13T20:51:07.202,42.1
2026-07-13T20:51:07.605,42.4
2026-07-13T20:51:08.008,43.4
2026-07-13T20:51:08.411,42.8
2026-07-13T20:51:08.814,42.5
2026-07-13T20:51:09.217,42.1
2026-07-13T20:51:09.620,42.2
2026-07-13T20:51:10.023,42.2
2026-07-13T20:51:10.426,42.0
2026-07-13T20:51:10.829,42.0
2026-07-13T20:51:11.232,41.9
2026-07-13T20:51:11.634,41.8
2026-07-13T20:51:12.037,41.9
2026-07-13T20:51:12.440,43.6
2026-07-13T20:51:12.843,43.3
2026-07-13T20:51:13.246,43.0
2026-07-13T20:51:13.649,42.6
2026-07-13T20:51:14.052,41.5
2026-07-13T20:51:14.457,41.4
2026-07-13T20:51:14.858,41.4
2026-07-13T20:51:15.261,41.1
2026-07-13T20:51:15.664,41.9
2026-07-13T20:51:16.067,41.8
2026-07-13T20:51:16.470,41.5
2026-07-13T20:51:16.873,41.4
2026-07-13T20:51:17.276,40.9
2026-07-13T20:51:17.679,41.1
2026-07-13T20:51:18.082,41.0
2026-07-13T20:51:18.485,41.0
2026-07-13T20:51:18.888,41.0
2026-07-13T20:51:19.291,41.3
2026-07-13T20:51:19.694,40.9
2026-07-13T20:51:20.097,41.1
2026-07-13T20:51:20.500,41.4
2026-07-13T20:51:20.903,41.1
2026-07-13T20:51:21.306,41.5
2026-07-13T20:51:21.708,41.6
2026-07-13T20:51:22.111,41.5
2026-07-13T20:51:22.514,41.4
2026-07-13T20:51:22.917,41.2
2026-07-13T20:51:23.320,41.3
2026-07-13T20:51:23.723,41.1
2026-07-13T20:51:24.126,41.2
2026-07-13T20:51:24.529,41.3
2026-07-13T20:51:24.932,41.0
2026-07-13T20:51:25.335,41.5
2026-07-13T20:51:25.738,41.1
2026-07-13T20:51:26.141,40.9
2026-07-13T20:51:26.544,40.9
2026-07-13T20:51:26.947,41.0
2026-07-13T20:51:27.350,41.0
2026-07-13T20:51:27.753,43.0
2026-07-13T20:51:28.156,42.7
2026-07-13T20:51:28.559,42.1
2026-07-13T20:51:28.962,42.2
2026-07-13T20:51:29.365,41.9
2026-07-13T20:51:29.767,41.8
2026-07-13T20:51:30.170,41.5
2026-07-13T20:51:30.573,40.9
2026-07-13T20:51:30.976,41.0
2026-07-13T20:51:31.379,41.2
2026-07-13T20:51:31.782,41.3
2026-07-13T20:51:32.185,41.0
2026-07-13T20:51:32.588,41.0
2026-07-13T20:51:32.991,40.8
2026-07-13T20:51:33.394,41.1
2026-07-13T20:51:33.797,41.1
2026-07-13T20:51:34.200,41.0
2026-07-13T20:51:34.603,41.1
2026-07-13T20:51:35.006,41.1
2026-07-13T20:51:35.409,41.4
2026-07-13T20:51:35.812,41.3
2026-07-13T20:51:36.215,41.4
2026-07-13T20:51:36.618,41.4
2026-07-13T20:51:37.021,41.0
2026-07-13T20:51:37.424,41.3
2026-07-13T20:51:37.827,41.7
2026-07-13T20:51:38.230,41.5
2026-07-13T20:51:38.633,41.4
2026-07-13T20:51:39.036,41.0
2026-07-13T20:51:39.439,41.1
2026-07-13T20:51:39.842,41.4
2026-07-13T20:51:40.244,41.3
2026-07-13T20:51:40.647,41.0
2026-07-13T20:51:41.050,41.6
2026-07-13T20:51:41.453,41.7
2026-07-13T20:51:41.856,41.6
2026-07-13T20:51:42.259,41.6
2026-07-13T20:51:42.662,41.2
2026-07-13T20:51:43.065,42.2
2026-07-13T20:51:43.468,41.8
2026-07-13T20:51:43.871,41.4
2026-07-13T20:51:44.274,41.1
2026-07-13T20:51:44.677,41.5
2026-07-13T20:51:45.080,41.8
2026-07-13T20:51:45.483,41.6
2026-07-13T20:51:45.886,41.3
2026-07-13T20:51:46.289,41.0
2026-07-13T20:51:46.692,40.8
2026-07-13T20:51:47.095,41.3
2026-07-13T20:51:47.498,41.0
2026-07-13T20:51:47.901,41.0
2026-07-13T20:51:48.304,42.0
2026-07-13T20:51:48.707,41.8
2026-07-13T20:51:49.110,41.4
2026-07-13T20:51:49.513,41.3
2026-07-13T20:51:49.916,41.2
2026-07-13T20:51:50.319,41.0
2026-07-13T20:51:50.722,40.8
2026-07-13T20:51:51.125,41.2
2026-07-13T20:51:51.528,41.1
2026-07-13T20:51:51.931,40.9
2026-07-13T20:51:52.334,40.9
2026-07-13T20:51:52.737,41.3
2026-07-13T20:51:53.140,41.0
2026-07-13T20:51:53.543,41.1
2026-07-13T20:51:53.946,40.7
2026-07-13T20:51:54.349,40.9
2026-07-13T20:51:54.752,40.8
2026-07-13T20:51:55.155,41.0
2026-07-13T20:51:55.557,41.1
2026-07-13T20:51:55.960,41.1
2026-07-13T20:51:56.363,41.2
2026-07-13T20:51:56.766,41.6
2026-07-13T20:51:57.169,42.3
2026-07-13T20:51:57.572,42.5
2026-07-13T20:51:57.975,42.3
2026-07-13T20:51:58.378,41.8
2026-07-13T20:51:58.781,41.6
2026-07-13T20:51:59.184,42.4
2026-07-13T20:51:59.587,45.2
2026-07-13T20:51:59.991,44.7
2026-07-13T20:52:00.393,44.3
2026-07-13T20:52:00.796,44.1
2026-07-13T20:52:01.199,47.5
2026-07-13T20:52:01.602,47.1
2026-07-13T20:52:02.005,46.1
2026-07-13T20:52:02.408,46.1
2026-07-13T20:52:02.811,45.6
2026-07-13T20:52:03.213,45.6
2026-07-13T20:52:03.616,44.5
2026-07-13T20:52:04.019,45.0
2026-07-13T20:52:04.422,44.0
2026-07-13T20:52:04.825,46.5
2026-07-13T20:52:05.228,46.8
2026-07-13T20:52:05.631,46.4
2026-07-13T20:52:06.034,45.7
2026-07-13T20:52:06.437,44.8
2026-07-13T20:52:06.840,41.8
2026-07-13T20:52:07.243,41.9
2026-07-13T20:52:07.646,41.5
2026-07-13T20:52:08.049,41.1
2026-07-13T20:52:08.452,41.0
2026-07-13T20:52:08.855,40.9
2026-07-13T20:52:09.258,40.8
2026-07-13T20:52:09.661,40.7
2026-07-13T20:52:10.063,40.8
2026-07-13T20:52:10.466,40.8
2026-07-13T20:52:10.869,40.9
2026-07-13T20:52:11.272,40.9
2026-07-13T20:52:11.675,40.9
2026-07-13T20:52:12.078,40.9
2026-07-13T20:52:12.481,41.2
2026-07-13T20:52:12.884,41.0
2026-07-13T20:52:13.287,41.6
2026-07-13T20:52:13.690,41.2
2026-07-13T20:52:14.093,41.2
2026-07-13T20:52:14.496,41.2
2026-07-13T20:52:14.899,41.4
2026-07-13T20:52:15.302,41.2
2026-07-13T20:52:15.705,41.0
2026-07-13T20:52:16.108,40.9
2026-07-13T20:52:16.511,40.9
2026-07-13T20:52:16.913,40.9
2026-07-13T20:52:17.316,40.9
2026-07-13T20:52:17.719,41.1
2026-07-13T20:52:18.122,41.0
2026-07-13T20:52:18.525,41.2
2026-07-13T20:52:18.928,41.0
2026-07-13T20:52:19.331,41.1
2026-07-13T20:52:19.734,40.9
2026-07-13T20:52:20.137,41.0
2026-07-13T20:52:20.540,41.1
2026-07-13T20:52:20.943,41.1
2026-07-13T20:52:21.346,40.8
2026-07-13T20:52:21.749,41.4
2026-07-13T20:52:22.152,41.3
2026-07-13T20:52:22.555,41.9
2026-07-13T20:52:22.958,41.6
2026-07-13T20:52:23.360,41.2
2026-07-13T20:52:23.763,41.0
2026-07-13T20:52:24.166,41.0
2026-07-13T20:52:24.569,41.0
2026-07-13T20:52:24.972,41.1
2026-07-13T20:52:25.375,40.9
2026-07-13T20:52:25.778,41.1
2026-07-13T20:52:26.181,41.2
2026-07-13T20:52:26.584,41.1
2026-07-13T20:52:26.987,40.9
2026-07-13T20:52:27.390,40.9
2026-07-13T20:52:27.793,41.1
2026-07-13T20:52:28.196,41.1
2026-07-13T20:52:28.599,41.1
2026-07-13T20:52:29.002,41.0
2026-07-13T20:52:29.405,41.0
2026-07-13T20:52:29.808,40.9
2026-07-13T20:52:30.211,41.0
2026-07-13T20:52:30.613,40.9
2026-07-13T20:52:31.016,41.1
2026-07-13T20:52:31.419,40.8
2026-07-13T20:52:31.822,41.3
2026-07-13T20:52:32.225,41.2
2026-07-13T20:52:32.628,40.9
2026-07-13T20:52:33.031,41.0
2026-07-13T20:52:33.434,41.6
2026-07-13T20:52:33.837,41.2
2026-07-13T20:52:34.240,40.8
2026-07-13T20:52:34.643,41.0
2026-07-13T20:52:35.046,41.7
2026-07-13T20:52:35.449,41.6
2026-07-13T20:52:35.852,41.2
2026-07-13T20:52:36.255,41.2
2026-07-13T20:52:36.658,41.0
2026-07-13T20:52:37.061,40.9
2026-07-13T20:52:37.464,40.9
2026-07-13T20:52:37.866,41.2
2026-07-13T20:52:38.269,41.0
2026-07-13T20:52:38.672,41.0
2026-07-13T20:52:39.075,40.9
2026-07-13T20:52:39.478,40.9
2026-07-13T20:52:39.881,41.1
2026-07-13T20:52:40.284,40.8
2026-07-13T20:52:40.687,41.0
2026-07-13T20:52:41.090,41.0
2026-07-13T20:52:41.493,41.1
2026-07-13T20:52:41.896,41.2
2026-07-13T20:52:42.299,41.4
2026-07-13T20:52:42.702,41.1
2026-07-13T20:52:43.105,41.5
2026-07-13T20:52:43.508,41.2
2026-07-13T20:52:43.911,42.5
2026-07-13T20:52:44.314,42.1
2026-07-13T20:52:44.717,41.7
2026-07-13T20:52:45.120,41.4
2026-07-13T20:52:45.522,40.9
2026-07-13T20:52:45.925,41.0
2026-07-13T20:52:46.328,41.0
2026-07-13T20:52:46.731,41.2
2026-07-13T20:52:47.134,41.2
2026-07-13T20:52:47.537,41.2
2026-07-13T20:52:47.940,41.5
2026-07-13T20:52:48.343,41.4
2026-07-13T20:52:48.746,41.3
2026-07-13T20:52:49.149,40.9
2026-07-13T20:52:49.552,41.4
2026-07-13T20:52:49.955,41.0
2026-07-13T20:52:50.358,41.3
2026-07-13T20:52:50.761,41.2
2026-07-13T20:52:51.164,41.4
2026-07-13T20:52:51.567,41.0
2026-07-13T20:52:51.970,41.2
2026-07-13T20:52:52.373,42.2
2026-07-13T20:52:52.776,42.1
2026-07-13T20:52:53.179,41.7
2026-07-13T20:52:53.581,41.4
2026-07-13T20:52:53.984,43.3
2026-07-13T20:52:54.387,43.0
2026-07-13T20:52:54.790,43.0
2026-07-13T20:52:55.193,42.5
2026-07-13T20:52:55.598,42.3
2026-07-13T20:52:55.999,45.8
2026-07-13T20:52:56.402,50.0
2026-07-13T20:52:56.805,50.7
2026-07-13T20:52:57.208,49.0
2026-07-13T20:52:57.611,47.6
2026-07-13T20:52:58.014,46.1
2026-07-13T20:52:58.417,41.0
2026-07-13T20:52:58.820,40.9
2026-07-13T20:52:59.223,41.0
2026-07-13T20:52:59.626,43.0
2026-07-13T20:53:00.029,42.4
2026-07-13T20:53:00.432,42.1
2026-07-13T20:53:00.835,41.6
2026-07-13T20:53:01.238,41.3
2026-07-13T20:53:01.640,41.2
2026-07-13T20:53:02.043,41.6
2026-07-13T20:53:02.446,41.4
2026-07-13T20:53:02.849,41.5
2026-07-13T20:53:03.252,41.4
2026-07-13T20:53:03.655,41.5
2026-07-13T20:53:04.058,41.3
2026-07-13T20:53:04.461,41.2
2026-07-13T20:53:04.864,41.5
2026-07-13T20:53:05.267,41.1
2026-07-13T20:53:05.670,41.4
2026-07-13T20:53:06.073,41.2
2026-07-13T20:53:06.476,41.1
2026-07-13T20:53:06.879,41.5
2026-07-13T20:53:07.282,41.1
2026-07-13T20:53:07.685,41.0
2026-07-13T20:53:08.088,41.1
2026-07-13T20:53:08.491,41.0
2026-07-13T20:53:08.894,41.1
2026-07-13T20:53:09.297,41.1
2026-07-13T20:53:09.699,41.2
2026-07-13T20:53:10.102,41.1
2026-07-13T20:53:10.505,41.2
2026-07-13T20:53:10.908,41.1
2026-07-13T20:53:11.311,41.1
2026-07-13T20:53:11.714,41.2
2026-07-13T20:53:12.117,41.3
2026-07-13T20:53:12.520,41.1
2026-07-13T20:53:12.923,42.3
2026-07-13T20:53:13.326,42.1
2026-07-13T20:53:13.729,41.9
2026-07-13T20:53:14.132,42.3
2026-07-13T20:53:14.535,41.8
2026-07-13T20:53:14.938,41.5
2026-07-13T20:53:15.341,41.3
2026-07-13T20:53:15.744,41.6
2026-07-13T20:53:16.147,41.3
2026-07-13T20:53:16.550,41.0
2026-07-13T20:53:16.953,41.1
2026-07-13T20:53:17.356,41.2
2026-07-13T20:53:17.759,41.1
2026-07-13T20:53:18.161,41.2
2026-07-13T20:53:18.564,41.3
2026-07-13T20:53:18.967,43.0
2026-07-13T20:53:19.370,42.6
2026-07-13T20:53:19.773,42.1
2026-07-13T20:53:20.176,42.4
2026-07-13T20:53:20.579,41.9
2026-07-13T20:53:20.982,41.7
2026-07-13T20:53:21.385,41.9
2026-07-13T20:53:21.789,44.4
2026-07-13T20:53:22.191,43.7
2026-07-13T20:53:22.594,43.9
2026-07-13T20:53:22.997,43.3
2026-07-13T20:53:23.400,42.8
2026-07-13T20:53:23.803,42.4
2026-07-13T20:53:24.206,41.4
2026-07-13T20:53:24.609,42.7
2026-07-13T20:53:25.012,42.6
2026-07-13T20:53:25.415,42.3
2026-07-13T20:53:25.818,41.7
2026-07-13T20:53:26.221,41.3
2026-07-13T20:53:26.624,41.1
2026-07-13T20:53:27.027,41.2
2026-07-13T20:53:27.430,41.8
2026-07-13T20:53:27.832,41.4
2026-07-13T20:53:28.235,41.6
2026-07-13T20:53:28.638,42.1
2026-07-13T20:53:29.041,41.9
2026-07-13T20:53:29.444,41.5
2026-07-13T20:53:29.847,42.1
2026-07-13T20:53:30.250,42.0
2026-07-13T20:53:30.653,41.6
2026-07-13T20:53:31.056,42.0
2026-07-13T20:53:31.459,46.2
2026-07-13T20:53:31.862,45.2
2026-07-13T20:53:32.265,44.3
2026-07-13T20:53:32.668,43.8
2026-07-13T20:53:33.071,41.8
2026-07-13T20:53:33.474,41.5
2026-07-13T20:53:33.877,44.4
2026-07-13T20:53:34.280,43.8
2026-07-13T20:53:34.683,43.2
2026-07-13T20:53:35.086,42.7
2026-07-13T20:53:35.489,41.2
2026-07-13T20:53:35.892,41.5
2026-07-13T20:53:36.295,41.2
2026-07-13T20:53:36.698,40.9
2026-07-13T20:53:37.101,41.6
2026-07-13T20:53:37.503,41.5
2026-07-13T20:53:37.906,41.1
2026-07-13T20:53:38.309,40.9
2026-07-13T20:53:38.712,41.8
2026-07-13T20:53:39.115,42.4
2026-07-13T20:53:39.518,41.8
2026-07-13T20:53:39.921,41.6
2026-07-13T20:53:40.324,41.4
2026-07-13T20:53:40.727,40.8
2026-07-13T20:53:41.130,40.8
2026-07-13T20:53:41.533,41.1
2026-07-13T20:53:41.936,40.9
2026-07-13T20:53:42.339,40.9
2026-07-13T20:53:42.742,41.0
2026-07-13T20:53:43.145,41.2
2026-07-13T20:53:43.548,41.0
2026-07-13T20:53:43.951,41.2
2026-07-13T20:53:44.354,41.1
2026-07-13T20:53:44.757,41.3
2026-07-13T20:53:45.160,41.1
2026-07-13T20:53:45.563,40.9
2026-07-13T20:53:45.966,40.9
2026-07-13T20:53:46.369,41.0
2026-07-13T20:53:46.772,41.6
2026-07-13T20:53:47.175,41.4
2026-07-13T20:53:47.577,41.5
2026-07-13T20:53:47.980,41.1
2026-07-13T20:53:48.383,40.9
2026-07-13T20:53:48.786,40.9
2026-07-13T20:53:49.189,41.0
2026-07-13T20:53:49.592,41.2
2026-07-13T20:53:49.995,41.0
2026-07-13T20:53:50.398,40.8
2026-07-13T20:53:50.801,40.9
2026-07-13T20:53:51.204,41.1
2026-07-13T20:53:51.607,41.0
2026-07-13T20:53:52.010,40.9
2026-07-13T20:53:52.413,41.0
2026-07-13T20:53:52.816,40.8
2026-07-13T20:53:53.219,40.7
2026-07-13T20:53:53.622,41.1
2026-07-13T20:53:54.025,40.8
2026-07-13T20:53:54.428,40.8
2026-07-13T20:53:54.831,41.3
2026-07-13T20:53:55.233,41.7
2026-07-13T20:53:55.636,41.5
2026-07-13T20:53:56.039,41.2
2026-07-13T20:53:56.442,41.1
2026-07-13T20:53:56.845,41.0
2026-07-13T20:53:57.248,41.0
2026-07-13T20:53:57.651,40.9
2026-07-13T20:53:58.054,41.1
2026-07-13T20:53:58.457,41.5
2026-07-13T20:53:58.860,41.4
2026-07-13T20:53:59.263,41.1
2026-07-13T20:53:59.666,41.3
2026-07-13T20:54:00.069,40.9
2026-07-13T20:54:00.472,40.9
2026-07-13T20:54:00.875,40.9
2026-07-13T20:54:01.278,40.8
2026-07-13T20:54:01.681,40.9
2026-07-13T20:54:02.084,41.5
2026-07-13T20:54:02.487,41.1
2026-07-13T20:54:02.890,41.1
2026-07-13T20:54:03.293,41.1
2026-07-13T20:54:03.695,41.2
2026-07-13T20:54:04.098,41.5
2026-07-13T20:54:04.501,41.4
2026-07-13T20:54:04.906,41.3
2026-07-13T20:54:05.307,41.0
2026-07-13T20:54:05.710,41.1
2026-07-13T20:54:06.113,40.8
2026-07-13T20:54:06.516,41.0
2026-07-13T20:54:06.919,41.3
2026-07-13T20:54:07.322,41.0
2026-07-13T20:54:07.725,40.9
2026-07-13T20:54:08.128,40.9
2026-07-13T20:54:08.531,40.8
2026-07-13T20:54:08.934,40.8
2026-07-13T20:54:09.337,40.9
2026-07-13T20:54:09.740,42.3
2026-07-13T20:54:10.143,42.2
2026-07-13T20:54:10.546,43.5
2026-07-13T20:54:10.949,42.9
2026-07-13T20:54:11.352,42.4
2026-07-13T20:54:11.755,41.9
2026-07-13T20:54:12.157,40.9
2026-07-13T20:54:12.560,40.8
2026-07-13T20:54:12.963,41.1
2026-07-13T20:54:13.366,41.4
2026-07-13T20:54:13.769,41.1
2026-07-13T20:54:14.172,41.2
2026-07-13T20:54:14.575,40.9
2026-07-13T20:54:14.978,40.6
2026-07-13T20:54:15.381,41.0
2026-07-13T20:54:15.784,41.2
2026-07-13T20:54:16.187,41.2
2026-07-13T20:54:16.590,40.9
2026-07-13T20:54:16.993,41.5
2026-07-13T20:54:17.396,41.3
2026-07-13T20:54:17.799,41.1
2026-07-13T20:54:18.202,41.6
2026-07-13T20:54:18.605,41.5
2026-07-13T20:54:19.008,41.1
2026-07-13T20:54:19.411,41.7
2026-07-13T20:54:19.813,41.4
2026-07-13T20:54:20.216,41.3
2026-07-13T20:54:20.619,41.2
2026-07-13T20:54:21.022,41.0
2026-07-13T20:54:21.425,42.7
2026-07-13T20:54:21.828,42.4
2026-07-13T20:54:22.232,41.9
2026-07-13T20:54:22.634,41.5
2026-07-13T20:54:23.037,41.0
2026-07-13T20:54:23.440,41.1
2026-07-13T20:54:23.843,41.4
2026-07-13T20:54:24.246,41.1
2026-07-13T20:54:24.649,41.3
2026-07-13T20:54:25.052,41.1
2026-07-13T20:54:25.455,41.0
2026-07-13T20:54:25.858,41.3
2026-07-13T20:54:26.261,41.1
2026-07-13T20:54:26.664,41.2
2026-07-13T20:54:27.067,41.2
2026-07-13T20:54:27.470,41.0
2026-07-13T20:54:27.873,41.1
2026-07-13T20:54:28.275,41.1
2026-07-13T20:54:28.678,40.9
2026-07-13T20:54:29.081,41.3
2026-07-13T20:54:29.484,40.9
2026-07-13T20:54:29.887,41.0
2026-07-13T20:54:30.290,40.9
2026-07-13T20:54:30.693,40.7
2026-07-13T20:54:31.096,41.0
2026-07-13T20:54:31.499,41.1
2026-07-13T20:54:31.902,41.2
2026-07-13T20:54:32.305,41.2
2026-07-13T20:54:32.708,41.1
2026-07-13T20:54:33.111,40.9
2026-07-13T20:54:33.514,40.9
2026-07-13T20:54:33.917,40.9
2026-07-13T20:54:34.320,40.7
2026-07-13T20:54:34.723,40.9
2026-07-13T20:54:35.126,40.9
2026-07-13T20:54:35.529,40.9
2026-07-13T20:54:35.932,41.0
2026-07-13T20:54:36.335,41.0
2026-07-13T20:54:36.737,40.9
2026-07-13T20:54:37.140,40.9
2026-07-13T20:54:37.543,40.9
2026-07-13T20:54:37.946,41.0
2026-07-13T20:54:38.349,40.7
2026-07-13T20:54:38.752,41.0
2026-07-13T20:54:39.155,40.9
2026-07-13T20:54:39.558,40.9
2026-07-13T20:54:39.961,40.8
2026-07-13T20:54:40.364,40.9
2026-07-13T20:54:40.767,40.9
2026-07-13T20:54:41.170,40.8
2026-07-13T20:54:41.573,41.2
2026-07-13T20:54:41.976,41.0
2026-07-13T20:54:42.379,40.9
2026-07-13T20:54:42.782,40.9
2026-07-13T20:54:43.185,40.8
2026-07-13T20:54:43.588,40.7
2026-07-13T20:54:43.991,40.8
2026-07-13T20:54:44.394,41.3
2026-07-13T20:54:44.797,40.9
2026-07-13T20:54:45.200,40.9
2026-07-13T20:54:45.603,41.3
2026-07-13T20:54:46.006,41.2
2026-07-13T20:54:46.409,40.9
2026-07-13T20:54:46.812,40.8
2026-07-13T20:54:47.215,42.1
2026-07-13T20:54:47.618,41.6
2026-07-13T20:54:48.021,42.2
2026-07-13T20:54:48.424,41.8
2026-07-13T20:54:48.827,41.5
2026-07-13T20:54:49.230,41.4
2026-07-13T20:54:49.633,42.9
2026-07-13T20:54:50.036,42.5
2026-07-13T20:54:50.439,42.1
2026-07-13T20:54:50.842,41.9
2026-07-13T20:54:51.245,41.3
2026-07-13T20:54:51.648,40.9
2026-07-13T20:54:52.051,40.9
2026-07-13T20:54:52.454,40.8
2026-07-13T20:54:52.856,41.0
2026-07-13T20:54:53.259,41.0
2026-07-13T20:54:53.662,40.7
2026-07-13T20:54:54.065,40.9
2026-07-13T20:54:54.468,40.8
2026-07-13T20:54:54.871,40.9
2026-07-13T20:54:55.274,40.9
2026-07-13T20:54:55.677,41.0
2026-07-13T20:54:56.080,40.9
2026-07-13T20:54:56.483,40.9
2026-07-13T20:54:56.886,40.9
2026-07-13T20:54:57.289,41.3
2026-07-13T20:54:57.692,42.2
2026-07-13T20:54:58.095,41.8
2026-07-13T20:54:58.498,41.5
2026-07-13T20:54:58.901,41.9
2026-07-13T20:54:59.304,41.7
2026-07-13T20:54:59.707,41.5
2026-07-13T20:55:00.110,41.4
2026-07-13T20:55:00.513,41.1
2026-07-13T20:55:00.916,41.2
2026-07-13T20:55:01.319,41.0
2026-07-13T20:55:01.722,40.8
2026-07-13T20:55:02.126,41.0
2026-07-13T20:55:02.528,41.1
2026-07-13T20:55:02.931,41.3
2026-07-13T20:55:03.334,41.0
2026-07-13T20:55:03.737,42.7
2026-07-13T20:55:04.140,42.1
2026-07-13T20:55:04.543,41.8
2026-07-13T20:55:04.946,41.6
2026-07-13T20:55:05.349,42.0
2026-07-13T20:55:05.752,41.7
2026-07-13T20:55:06.155,41.3
2026-07-13T20:55:06.558,40.9
2026-07-13T20:55:06.961,41.0
2026-07-13T20:55:07.364,41.1
2026-07-13T20:55:07.767,41.4
2026-07-13T20:55:08.170,41.5
2026-07-13T20:55:08.573,41.4
2026-07-13T20:55:08.976,41.2
2026-07-13T20:55:09.379,41.0
2026-07-13T20:55:09.782,40.9
2026-07-13T20:55:10.185,41.1
2026-07-13T20:55:10.588,41.2
2026-07-13T20:55:10.991,41.0
2026-07-13T20:55:11.394,40.8
2026-07-13T20:55:11.797,40.9
2026-07-13T20:55:12.200,40.8
2026-07-13T20:55:12.603,41.0
2026-07-13T20:55:13.006,40.9
2026-07-13T20:55:13.409,40.9
2026-07-13T20:55:13.812,40.7
2026-07-13T20:55:14.215,40.6
2026-07-13T20:55:14.618,41.0
2026-07-13T20:55:15.021,41.3
2026-07-13T20:55:15.424,41.1
2026-07-13T20:55:15.827,41.3
2026-07-13T20:55:16.230,41.5
2026-07-13T20:55:16.633,41.1
2026-07-13T20:55:17.036,41.5
2026-07-13T20:55:17.438,41.2
2026-07-13T20:55:17.843,41.1
2026-07-13T20:55:18.244,41.0
2026-07-13T20:55:18.647,40.9
2026-07-13T20:55:19.050,41.0
2026-07-13T20:55:19.453,41.0
2026-07-13T20:55:19.856,40.9
2026-07-13T20:55:20.259,40.9
2026-07-13T20:55:20.662,41.2
2026-07-13T20:55:21.065,41.1
2026-07-13T20:55:21.468,41.0
2026-07-13T20:55:21.871,41.2
2026-07-13T20:55:22.274,40.9
2026-07-13T20:55:22.677,41.0
2026-07-13T20:55:23.080,40.8
2026-07-13T20:55:23.483,41.4
2026-07-13T20:55:23.886,41.2
2026-07-13T20:55:24.289,41.1
2026-07-13T20:55:24.692,40.8
2026-07-13T20:55:25.095,41.0
2026-07-13T20:55:25.498,41.0
2026-07-13T20:55:25.901,41.0
2026-07-13T20:55:26.304,40.8
2026-07-13T20:55:26.707,40.8
2026-07-13T20:55:27.110,40.7
2026-07-13T20:55:27.513,40.8
2026-07-13T20:55:27.916,40.8
2026-07-13T20:55:28.319,40.9
2026-07-13T20:55:28.722,40.9
2026-07-13T20:55:29.125,42.3
2026-07-13T20:55:29.528,42.2
2026-07-13T20:55:29.931,41.9
2026-07-13T20:55:30.334,41.7
2026-07-13T20:55:30.737,41.5
2026-07-13T20:55:31.140,41.4
2026-07-13T20:55:31.543,42.0
2026-07-13T20:55:31.946,41.8
2026-07-13T20:55:32.349,42.9
2026-07-13T20:55:32.751,42.4
2026-07-13T20:55:33.154,42.0
2026-07-13T20:55:33.557,41.6
2026-07-13T20:55:33.960,40.9
2026-07-13T20:55:34.363,40.9
2026-07-13T20:55:34.766,40.9
2026-07-13T20:55:35.169,40.7
2026-07-13T20:55:35.572,40.9
2026-07-13T20:55:35.975,40.8
2026-07-13T20:55:36.378,41.3
2026-07-13T20:55:36.781,41.5
2026-07-13T20:55:37.184,41.3
2026-07-13T20:55:37.587,41.6
2026-07-13T20:55:37.990,41.3
2026-07-13T20:55:38.393,41.4
2026-07-13T20:55:38.796,41.3
2026-07-13T20:55:39.199,41.1
2026-07-13T20:55:39.601,41.1
2026-07-13T20:55:40.004,41.1
2026-07-13T20:55:40.407,41.0
2026-07-13T20:55:40.810,40.8
2026-07-13T20:55:41.213,41.0
2026-07-13T20:55:41.616,41.7
2026-07-13T20:55:42.019,41.4
2026-07-13T20:55:42.422,41.1
2026-07-13T20:55:42.825,41.8
2026-07-13T20:55:43.228,41.7
2026-07-13T20:55:43.631,41.5
2026-07-13T20:55:44.034,41.1
2026-07-13T20:55:44.437,41.2
2026-07-13T20:55:44.840,41.1
2026-07-13T20:55:45.243,40.9
2026-07-13T20:55:45.646,40.9
2026-07-13T20:55:46.049,41.0
2026-07-13T20:55:46.452,41.1
2026-07-13T20:55:46.854,41.1
2026-07-13T20:55:47.257,40.9
2026-07-13T20:55:47.660,41.2
2026-07-13T20:55:48.063,41.1
2026-07-13T20:55:48.466,40.9
2026-07-13T20:55:48.869,40.9
2026-07-13T20:55:49.272,40.7
2026-07-13T20:55:49.675,40.7
2026-07-13T20:55:50.078,40.8
2026-07-13T20:55:50.481,41.1
2026-07-13T20:55:50.884,40.8
2026-07-13T20:55:51.287,41.7
2026-07-13T20:55:51.690,41.6
2026-07-13T20:55:52.093,41.3
2026-07-13T20:55:52.496,46.0
2026-07-13T20:55:52.899,50.0
2026-07-13T20:55:53.301,48.5
2026-07-13T20:55:53.704,48.3
2026-07-13T20:55:54.107,47.6
2026-07-13T20:55:54.510,41.9
2026-07-13T20:55:54.913,49.2
2026-07-13T20:55:55.316,48.1
2026-07-13T20:55:55.719,50.5
2026-07-13T20:55:56.122,48.5
2026-07-13T20:55:56.525,48.7
2026-07-13T20:55:56.928,48.5
2026-07-13T20:55:57.331,53.3
2026-07-13T20:55:57.734,51.2
2026-07-13T20:55:58.137,49.3
2026-07-13T20:55:58.540,47.6
2026-07-13T20:55:58.943,41.4
2026-07-13T20:55:59.346,40.9
2026-07-13T20:55:59.749,43.6
2026-07-13T20:56:00.152,43.1
2026-07-13T20:56:00.555,42.5
2026-07-13T20:56:00.958,42.2
2026-07-13T20:56:01.360,41.2
2026-07-13T20:56:01.763,41.2
2026-07-13T20:56:02.166,41.4
2026-07-13T20:56:02.569,41.3
2026-07-13T20:56:02.972,43.7
2026-07-13T20:56:03.375,42.9
2026-07-13T20:56:03.778,42.6
2026-07-13T20:56:04.181,42.4
2026-07-13T20:56:04.584,60.2
2026-07-13T20:56:04.987,57.0
2026-07-13T20:56:05.390,55.9
2026-07-13T20:56:05.793,53.5
2026-07-13T20:56:06.196,50.6
2026-07-13T20:56:06.599,45.5
2026-07-13T20:56:07.002,43.0
2026-07-13T20:56:07.405,43.8
2026-07-13T20:56:07.808,43.4
2026-07-13T20:56:08.211,50.7
2026-07-13T20:56:08.614,50.5
2026-07-13T20:56:09.017,48.9
2026-07-13T20:56:09.420,48.7
2026-07-13T20:56:09.823,43.0
2026-07-13T20:56:10.226,41.2
2026-07-13T20:56:10.629,41.4
2026-07-13T20:56:11.032,41.6
2026-07-13T20:56:11.435,41.2
2026-07-13T20:56:11.837,41.1
2026-07-13T20:56:12.240,41.9
2026-07-13T20:56:12.643,41.5
2026-07-13T20:56:13.046,41.1
2026-07-13T20:56:13.450,41.0
2026-07-13T20:56:13.852,41.2
2026-07-13T20:56:14.255,42.6
2026-07-13T20:56:14.658,42.3
2026-07-13T20:56:15.061,42.0
2026-07-13T20:56:15.464,42.5
2026-07-13T20:56:15.867,42.2
2026-07-13T20:56:16.270,42.0
2026-07-13T20:56:16.673,41.5
2026-07-13T20:56:17.076,41.2
2026-07-13T20:56:17.479,41.4
2026-07-13T20:56:17.882,41.3
2026-07-13T20:56:18.285,41.0
2026-07-13T20:56:18.688,42.7
2026-07-13T20:56:19.091,42.2
2026-07-13T20:56:19.494,41.7
2026-07-13T20:56:19.897,41.5
2026-07-13T20:56:20.300,41.2
2026-07-13T20:56:20.703,41.0
2026-07-13T20:56:21.106,41.3
2026-07-13T20:56:21.509,41.2
2026-07-13T20:56:21.912,41.2
2026-07-13T20:56:22.315,41.0
2026-07-13T20:56:22.718,42.5
2026-07-13T20:56:23.121,42.5
2026-07-13T20:56:23.525,42.1
2026-07-13T20:56:23.927,42.0
2026-07-13T20:56:24.330,41.9
2026-07-13T20:56:24.733,42.8
2026-07-13T20:56:25.136,42.7
2026-07-13T20:56:25.539,42.3
2026-07-13T20:56:25.942,43.2
2026-07-13T20:56:26.345,42.5
2026-07-13T20:56:26.748,44.0
2026-07-13T20:56:27.150,43.5
2026-07-13T20:56:27.553,46.8
2026-07-13T20:56:27.956,45.5
2026-07-13T20:56:28.359,44.5
2026-07-13T20:56:28.762,43.9
2026-07-13T20:56:29.165,41.1
2026-07-13T20:56:29.568,41.0
2026-07-13T20:56:29.971,41.8
2026-07-13T20:56:30.374,41.9
2026-07-13T20:56:30.777,43.1
2026-07-13T20:56:31.180,42.4
2026-07-13T20:56:31.583,42.1
2026-07-13T20:56:31.986,42.1
2026-07-13T20:56:32.389,42.2
2026-07-13T20:56:32.792,41.9
2026-07-13T20:56:33.195,41.8
2026-07-13T20:56:33.598,43.6
2026-07-13T20:56:34.001,45.1
2026-07-13T20:56:34.404,44.3
2026-07-13T20:56:34.807,43.6
2026-07-13T20:56:35.209,43.3
2026-07-13T20:56:35.612,47.3
2026-07-13T20:56:36.015,47.4
2026-07-13T20:56:36.418,46.5
2026-07-13T20:56:36.821,45.5
2026-07-13T20:56:37.224,44.7
2026-07-13T20:56:37.627,44.5
2026-07-13T20:56:38.030,44.9
2026-07-13T20:56:38.433,50.2
2026-07-13T20:56:38.836,49.6
2026-07-13T20:56:39.239,47.8
2026-07-13T20:56:39.642,47.6
2026-07-13T20:56:40.045,41.9
2026-07-13T20:56:40.448,41.3
2026-07-13T20:56:40.851,45.9
2026-07-13T20:56:41.254,45.3
2026-07-13T20:56:41.657,44.7
2026-07-13T20:56:42.060,44.0
2026-07-13T20:56:42.463,41.8
2026-07-13T20:56:42.866,42.0
2026-07-13T20:56:43.269,43.0
2026-07-13T20:56:43.672,46.6
2026-07-13T20:56:44.074,45.8
2026-07-13T20:56:44.477,44.9
2026-07-13T20:56:44.880,43.9
2026-07-13T20:56:45.283,42.9
2026-07-13T20:56:45.686,43.0
2026-07-13T20:56:46.089,42.5
2026-07-13T20:56:46.492,42.3
2026-07-13T20:56:46.895,41.7
2026-07-13T20:56:47.298,41.0
2026-07-13T20:56:47.701,41.2
2026-07-13T20:56:48.104,41.3
2026-07-13T20:56:48.507,41.9
2026-07-13T20:56:48.910,41.7
2026-07-13T20:56:49.313,41.9
2026-07-13T20:56:49.716,41.7
2026-07-13T20:56:50.119,43.3
2026-07-13T20:56:50.522,43.0
2026-07-13T20:56:50.925,42.5
2026-07-13T20:56:51.328,43.5
2026-07-13T20:56:51.731,44.7
2026-07-13T20:56:52.134,43.9
2026-07-13T20:56:52.536,43.2
2026-07-13T20:56:52.939,42.7
2026-07-13T20:56:53.342,40.9
2026-07-13T20:56:53.745,41.8
2026-07-13T20:56:54.148,42.4
2026-07-13T20:56:54.551,41.8
2026-07-13T20:56:54.954,42.0
2026-07-13T20:56:55.357,42.7
2026-07-13T20:56:55.760,42.3
2026-07-13T20:56:56.163,42.7
2026-07-13T20:56:56.566,42.4
2026-07-13T20:56:56.969,42.1
2026-07-13T20:56:57.372,42.2
2026-07-13T20:56:57.775,44.5
2026-07-13T20:56:58.178,46.6
2026-07-13T20:56:58.581,45.5
2026-07-13T20:56:58.984,44.6
2026-07-13T20:56:59.387,44.1
2026-07-13T20:56:59.790,41.8
2026-07-13T20:57:00.193,41.6
2026-07-13T20:57:00.596,42.3
2026-07-13T20:57:00.999,42.7
2026-07-13T20:57:01.402,42.2
2026-07-13T20:57:01.805,41.9
2026-07-13T20:57:02.208,41.7
2026-07-13T20:57:02.611,41.9
2026-07-13T20:57:03.014,43.3
2026-07-13T20:57:03.417,42.7
2026-07-13T20:57:03.820,42.4
2026-07-13T20:57:04.223,43.0
2026-07-13T20:57:04.626,43.1
2026-07-13T20:57:05.029,42.5
2026-07-13T20:57:05.432,42.3
2026-07-13T20:57:05.835,41.9
2026-07-13T20:57:06.238,45.4
2026-07-13T20:57:06.641,44.5
2026-07-13T20:57:07.044,43.8
2026-07-13T20:57:07.447,43.1
2026-07-13T20:57:07.850,41.8
2026-07-13T20:57:08.253,41.4
2026-07-13T20:57:08.656,41.6
2026-07-13T20:57:09.059,43.0
2026-07-13T20:57:09.462,42.5
2026-07-13T20:57:09.865,42.1
2026-07-13T20:57:10.268,41.8
2026-07-13T20:57:10.670,40.7
2026-07-13T20:57:11.073,40.7
2026-07-13T20:57:11.476,40.9
2026-07-13T20:57:11.879,40.9
2026-07-13T20:57:12.282,41.0
2026-07-13T20:57:12.685,41.0
2026-07-13T20:57:13.088,41.0
2026-07-13T20:57:13.491,41.7
2026-07-13T20:57:13.894,41.4
2026-07-13T20:57:14.297,41.1
2026-07-13T20:57:14.700,41.0
2026-07-13T20:57:15.103,40.8
2026-07-13T20:57:15.506,41.2
2026-07-13T20:57:15.909,40.8
2026-07-13T20:57:16.312,41.2
2026-07-13T20:57:16.715,41.1
2026-07-13T20:57:17.118,40.9
2026-07-13T20:57:17.521,40.9
2026-07-13T20:57:17.924,40.8
2026-07-13T20:57:18.327,40.8
2026-07-13T20:57:18.729,40.6
2026-07-13T20:57:19.132,40.7
2026-07-13T20:57:19.535,41.2
2026-07-13T20:57:19.938,40.9
2026-07-13T20:57:20.341,41.0
2026-07-13T20:57:20.744,40.6
2026-07-13T20:57:21.147,40.6
2026-07-13T20:57:21.550,40.6
2026-07-13T20:57:21.953,40.7
2026-07-13T20:57:22.356,40.7
2026-07-13T20:57:22.759,41.0
2026-07-13T20:57:23.162,41.6
2026-07-13T20:57:23.565,41.3
2026-07-13T20:57:23.968,40.8
2026-07-13T20:57:24.371,40.5
2026-07-13T20:57:24.774,40.5
2026-07-13T20:57:25.177,40.7
2026-07-13T20:57:25.580,40.5
2026-07-13T20:57:25.983,40.6
2026-07-13T20:57:26.386,40.7
2026-07-13T20:57:26.789,40.7
2026-07-13T20:57:27.192,40.6
2026-07-13T20:57:27.595,40.7
2026-07-13T20:57:27.997,40.9
2026-07-13T20:57:28.400,40.6
2026-07-13T20:57:28.803,40.9
2026-07-13T20:57:29.206,41.1
2026-07-13T20:57:29.609,41.0
2026-07-13T20:57:30.012,40.7
2026-07-13T20:57:30.415,40.7
2026-07-13T20:57:30.818,41.3
2026-07-13T20:57:31.221,41.1
2026-07-13T20:57:31.624,42.3
2026-07-13T20:57:32.027,41.7
2026-07-13T20:57:32.430,41.4
2026-07-13T20:57:32.833,41.2
2026-07-13T20:57:33.236,41.3
2026-07-13T20:57:33.639,41.2
2026-07-13T20:57:34.042,42.2
2026-07-13T20:57:34.445,43.3
2026-07-13T20:57:34.848,42.8
2026-07-13T20:57:35.250,42.4
2026-07-13T20:57:35.653,41.9
2026-07-13T20:57:36.056,40.9
2026-07-13T20:57:36.459,40.8
2026-07-13T20:57:36.862,40.7
2026-07-13T20:57:37.265,40.7
2026-07-13T20:57:37.668,40.7
2026-07-13T20:57:38.071,42.6
2026-07-13T20:57:38.474,44.0
2026-07-13T20:57:38.877,50.4
2026-07-13T20:57:39.280,49.2
2026-07-13T20:57:39.683,52.1
2026-07-13T20:57:40.086,50.0
2026-07-13T20:57:40.489,48.2
2026-07-13T20:57:40.892,46.6
2026-07-13T20:57:41.295,41.1
2026-07-13T20:57:41.698,40.8
2026-07-13T20:57:42.101,41.2
2026-07-13T20:57:42.504,41.0
2026-07-13T20:57:42.907,41.9
2026-07-13T20:57:43.309,41.8
2026-07-13T20:57:43.712,42.7
2026-07-13T20:57:44.115,42.4
2026-07-13T20:57:44.518,42.1
2026-07-13T20:57:44.921,41.8
2026-07-13T20:57:45.324,40.9
2026-07-13T20:57:45.727,40.9
2026-07-13T20:57:46.130,40.8
2026-07-13T20:57:46.533,41.1
2026-07-13T20:57:46.936,41.1
2026-07-13T20:57:47.339,41.3
2026-07-13T20:57:47.742,41.3
2026-07-13T20:57:48.145,41.1
2026-07-13T20:57:48.548,41.8
2026-07-13T20:57:48.951,42.1
2026-07-13T20:57:49.354,41.9
2026-07-13T20:57:49.757,41.6
2026-07-13T20:57:50.160,41.4
2026-07-13T20:57:50.562,41.4
2026-07-13T20:57:50.965,41.3
2026-07-13T20:57:51.368,42.2
2026-07-13T20:57:51.771,41.9
2026-07-13T20:57:52.174,42.4
2026-07-13T20:57:52.577,42.1
2026-07-13T20:57:52.980,41.9
2026-07-13T20:57:53.383,42.1
2026-07-13T20:57:53.786,41.9
2026-07-13T20:57:54.189,41.8
2026-07-13T20:57:54.592,42.1
2026-07-13T20:57:54.995,41.9
2026-07-13T20:57:55.398,41.8
2026-07-13T20:57:55.801,41.7
2026-07-13T20:57:56.204,41.2
2026-07-13T20:57:56.607,41.7
2026-07-13T20:57:57.010,41.7
2026-07-13T20:57:57.413,41.4
2026-07-13T20:57:57.816,41.2
2026-07-13T20:57:58.219,41.1
2026-07-13T20:57:58.622,41.0
2026-07-13T20:57:59.025,41.0
2026-07-13T20:57:59.427,41.0
2026-07-13T20:57:59.830,41.0
2026-07-13T20:58:00.233,41.1
2026-07-13T20:58:00.636,41.0
2026-07-13T20:58:01.039,40.9
2026-07-13T20:58:01.442,41.1
2026-07-13T20:58:01.845,40.9
2026-07-13T20:58:02.248,41.2
2026-07-13T20:58:02.651,40.9
2026-07-13T20:58:03.054,41.5
2026-07-13T20:58:03.457,41.3
2026-07-13T20:58:03.860,40.9
2026-07-13T20:58:04.263,41.1
2026-07-13T20:58:04.666,41.2
2026-07-13T20:58:05.069,40.9
2026-07-13T20:58:05.472,41.1
2026-07-13T20:58:05.875,41.3
2026-07-13T20:58:06.278,41.9
2026-07-13T20:58:06.681,41.4
2026-07-13T20:58:07.084,41.1
2026-07-13T20:58:07.487,40.9
2026-07-13T20:58:07.890,40.9
2026-07-13T20:58:08.292,40.9
2026-07-13T20:58:08.695,40.8
2026-07-13T20:58:09.098,40.9
2026-07-13T20:58:09.501,40.8
2026-07-13T20:58:09.904,40.9
2026-07-13T20:58:10.307,40.8
2026-07-13T20:58:10.710,40.8
2026-07-13T20:58:11.113,41.0
2026-07-13T20:58:11.516,41.0
2026-07-13T20:58:11.919,40.9
2026-07-13T20:58:12.322,41.1
2026-07-13T20:58:12.725,41.2
2026-07-13T20:58:13.128,41.3
2026-07-13T20:58:13.531,41.1
2026-07-13T20:58:13.934,41.2
2026-07-13T20:58:14.337,41.1
2026-07-13T20:58:14.740,41.0
2026-07-13T20:58:15.143,41.0
2026-07-13T20:58:15.546,41.5
2026-07-13T20:58:15.948,41.2
2026-07-13T20:58:16.351,40.9
2026-07-13T20:58:16.754,40.8
2026-07-13T20:58:17.157,40.8
2026-07-13T20:58:17.560,41.0
2026-07-13T20:58:17.963,41.2
2026-07-13T20:58:18.366,41.1
2026-07-13T20:58:18.769,41.0
2026-07-13T20:58:19.172,41.1
2026-07-13T20:58:19.575,41.3
2026-07-13T20:58:19.978,41.2
2026-07-13T20:58:20.381,41.3
2026-07-13T20:58:20.784,41.1
2026-07-13T20:58:21.187,41.1
2026-07-13T20:58:21.590,41.1
2026-07-13T20:58:21.993,41.4
2026-07-13T20:58:22.396,41.1
2026-07-13T20:58:22.799,41.0
2026-07-13T20:58:23.202,41.0
2026-07-13T20:58:23.605,40.9
2026-07-13T20:58:24.008,41.1
2026-07-13T20:58:24.410,40.9
2026-07-13T20:58:24.813,40.9
2026-07-13T20:58:25.216,40.9
2026-07-13T20:58:25.619,41.1
2026-07-13T20:58:26.022,43.3
2026-07-13T20:58:26.425,43.3
2026-07-13T20:58:26.828,42.7
2026-07-13T20:58:27.231,42.1
2026-07-13T20:58:27.634,41.8
2026-07-13T20:58:28.037,41.0
2026-07-13T20:58:28.440,41.2
2026-07-13T20:58:28.843,41.0
2026-07-13T20:58:29.246,41.3
2026-07-13T20:58:29.649,41.0
2026-07-13T20:58:30.052,41.2
2026-07-13T20:58:30.455,41.1
2026-07-13T20:58:30.858,41.4
2026-07-13T20:58:31.261,41.0
2026-07-13T20:58:31.664,41.0
2026-07-13T20:58:32.067,40.9
2026-07-13T20:58:32.470,41.0
2026-07-13T20:58:32.872,40.9
2026-07-13T20:58:33.275,44.0
2026-07-13T20:58:33.678,43.5
2026-07-13T20:58:34.081,43.1
2026-07-13T20:58:34.484,42.7
2026-07-13T20:58:34.887,41.1
2026-07-13T20:58:35.290,41.2
2026-07-13T20:58:35.693,41.2
2026-07-13T20:58:36.096,41.0
2026-07-13T20:58:36.499,41.5
2026-07-13T20:58:36.902,41.4
2026-07-13T20:58:37.305,41.0
2026-07-13T20:58:37.708,41.1
2026-07-13T20:58:38.111,41.3
2026-07-13T20:58:38.514,41.1
2026-07-13T20:58:38.917,41.0
2026-07-13T20:58:39.320,40.9
2026-07-13T20:58:39.723,41.2
2026-07-13T20:58:40.126,41.0
2026-07-13T20:58:40.528,41.1
2026-07-13T20:58:40.931,41.1
2026-07-13T20:58:41.334,42.5
2026-07-13T20:58:41.737,47.0
2026-07-13T20:58:42.140,45.7
2026-07-13T20:58:42.543,44.8
2026-07-13T20:58:42.946,43.8
2026-07-13T20:58:43.349,41.1
2026-07-13T20:58:43.752,41.2
2026-07-13T20:58:44.155,40.9
2026-07-13T20:58:44.558,41.0
2026-07-13T20:58:44.961,41.5
2026-07-13T20:58:45.364,41.2
2026-07-13T20:58:45.767,42.7
2026-07-13T20:58:46.170,42.2
2026-07-13T20:58:46.573,41.7
2026-07-13T20:58:46.976,41.7
2026-07-13T20:58:47.379,41.4
2026-07-13T20:58:47.782,41.6
2026-07-13T20:58:48.184,41.2
2026-07-13T20:58:48.588,41.6
2026-07-13T20:58:48.990,41.2
2026-07-13T20:58:49.393,40.8
2026-07-13T20:58:49.796,41.0
2026-07-13T20:58:50.199,41.0
2026-07-13T20:58:50.602,40.8
2026-07-13T20:58:51.005,40.9
2026-07-13T20:58:51.408,40.8
2026-07-13T20:58:51.811,41.2
2026-07-13T20:58:52.214,41.1
2026-07-13T20:58:52.617,41.2
2026-07-13T20:58:53.020,41.2
2026-07-13T20:58:53.423,41.3
2026-07-13T20:58:53.826,41.2
2026-07-13T20:58:54.229,41.2
2026-07-13T20:58:54.632,41.0
2026-07-13T20:58:55.035,42.3
2026-07-13T20:58:55.438,43.2
2026-07-13T20:58:55.841,42.7
2026-07-13T20:58:56.244,42.4
2026-07-13T20:58:56.646,41.9
2026-07-13T20:58:57.049,41.7
2026-07-13T20:58:57.452,41.2
2026-07-13T20:58:57.855,41.1
2026-07-13T20:58:58.258,41.6
2026-07-13T20:58:58.661,41.5
2026-07-13T20:58:59.064,41.3
2026-07-13T20:58:59.467,41.0
2026-07-13T20:58:59.870,41.0
2026-07-13T20:59:00.273,40.9
2026-07-13T20:59:00.676,40.9
2026-07-13T20:59:01.079,41.1
2026-07-13T20:59:01.482,41.2
2026-07-13T20:59:01.885,42.1
2026-07-13T20:59:02.288,41.8
2026-07-13T20:59:02.691,41.7
2026-07-13T20:59:03.094,41.6
2026-07-13T20:59:03.497,41.5
2026-07-13T20:59:03.900,41.0
2026-07-13T20:59:04.303,41.0
2026-07-13T20:59:04.706,41.5
2026-07-13T20:59:05.109,41.5
2026-07-13T20:59:05.511,41.1
2026-07-13T20:59:05.914,41.1
2026-07-13T20:59:06.317,41.3
2026-07-13T20:59:06.720,41.0
2026-07-13T20:59:07.123,41.1
2026-07-13T20:59:07.526,41.1
2026-07-13T20:59:07.929,41.1
2026-07-13T20:59:08.332,40.9
2026-07-13T20:59:08.735,41.7
2026-07-13T20:59:09.138,41.3
2026-07-13T20:59:09.541,41.4
2026-07-13T20:59:09.944,41.3
2026-07-13T20:59:10.347,41.2
2026-07-13T20:59:10.750,41.7
2026-07-13T20:59:11.153,41.8
2026-07-13T20:59:11.556,41.4
2026-07-13T20:59:11.959,41.3
2026-07-13T20:59:12.362,44.5
2026-07-13T20:59:12.765,49.5
2026-07-13T20:59:13.168,48.0
2026-07-13T20:59:13.571,46.7
2026-07-13T20:59:13.974,45.4
2026-07-13T20:59:14.377,41.9
2026-07-13T20:59:14.780,42.0
2026-07-13T20:59:15.182,42.0
2026-07-13T20:59:15.585,41.6
2026-07-13T20:59:15.988,41.3
2026-07-13T20:59:16.391,41.2
2026-07-13T20:59:16.794,41.0
2026-07-13T20:59:17.197,41.1
2026-07-13T20:59:17.600,41.1
2026-07-13T20:59:18.003,41.2
2026-07-13T20:59:18.406,41.5
2026-07-13T20:59:18.809,41.5
2026-07-13T20:59:19.212,42.9
2026-07-13T20:59:19.615,50.9
2026-07-13T20:59:20.018,50.6
2026-07-13T20:59:20.421,50.0
2026-07-13T20:59:20.824,48.6
2026-07-13T20:59:21.227,42.1
2026-07-13T20:59:21.630,42.6
2026-07-13T20:59:22.033,42.3
2026-07-13T20:59:22.436,41.8
2026-07-13T20:59:22.839,41.5
2026-07-13T20:59:23.242,43.2
2026-07-13T20:59:23.645,43.0
2026-07-13T20:59:24.047,42.6
2026-07-13T20:59:24.450,42.3
2026-07-13T20:59:24.853,40.9
2026-07-13T20:59:25.256,41.2
2026-07-13T20:59:25.659,40.9
2026-07-13T20:59:26.062,40.9
2026-07-13T20:59:26.465,41.1
2026-07-13T20:59:26.868,40.9
2026-07-13T20:59:27.271,41.0
2026-07-13T20:59:27.674,41.1
2026-07-13T20:59:28.077,40.9
2026-07-13T20:59:28.480,40.9
2026-07-13T20:59:28.883,41.5
2026-07-13T20:59:29.286,41.3
2026-07-13T20:59:29.689,41.0
2026-07-13T20:59:30.092,41.0
2026-07-13T20:59:30.495,41.2
2026-07-13T20:59:30.898,41.0
2026-07-13T20:59:31.301,41.1
2026-07-13T20:59:31.704,41.0
2026-07-13T20:59:32.107,41.2
2026-07-13T20:59:32.510,41.1
2026-07-13T20:59:32.912,40.9
2026-07-13T20:59:33.315,41.2
2026-07-13T20:59:33.718,41.1
2026-07-13T20:59:34.121,40.9
2026-07-13T20:59:34.524,40.8
2026-07-13T20:59:34.927,41.3
2026-07-13T20:59:35.330,42.4
2026-07-13T20:59:35.733,42.1
2026-07-13T20:59:36.136,41.9
2026-07-13T20:59:36.539,41.7
2026-07-13T20:59:36.942,40.8
2026-07-13T20:59:37.345,40.9
2026-07-13T20:59:37.748,40.8
2026-07-13T20:59:38.151,40.7
2026-07-13T20:59:38.554,40.9
2026-07-13T20:59:38.957,40.9
2026-07-13T20:59:39.360,41.1
2026-07-13T20:59:39.763,40.9
2026-07-13T20:59:40.166,40.8
2026-07-13T20:59:40.569,40.7
2026-07-13T20:59:40.972,40.8
2026-07-13T20:59:41.375,40.7
2026-07-13T20:59:41.778,41.0
2026-07-13T20:59:42.181,40.8
2026-07-13T20:59:42.584,40.7
2026-07-13T20:59:42.987,41.3
2026-07-13T20:59:43.390,41.1
2026-07-13T20:59:43.793,41.0
2026-07-13T20:59:44.196,40.9
2026-07-13T20:59:44.599,40.7
2026-07-13T20:59:45.001,41.0
2026-07-13T20:59:45.404,40.8
2026-07-13T20:59:45.807,41.8
2026-07-13T20:59:46.210,41.4
2026-07-13T20:59:46.613,41.3
2026-07-13T20:59:47.016,40.9
2026-07-13T20:59:47.419,40.7
2026-07-13T20:59:47.822,41.0
2026-07-13T20:59:48.225,40.7
2026-07-13T20:59:48.628,40.8
2026-07-13T20:59:49.031,40.8
2026-07-13T20:59:49.434,40.8
2026-07-13T20:59:49.837,40.9
2026-07-13T20:59:50.240,40.6
2026-07-13T20:59:50.643,41.0
2026-07-13T20:59:51.046,40.8
2026-07-13T20:59:51.449,40.7
2026-07-13T20:59:51.852,41.0
2026-07-13T20:59:52.255,40.8
2026-07-13T20:59:52.658,40.9
2026-07-13T20:59:53.061,41.1
2026-07-13T20:59:53.464,41.2
2026-07-13T20:59:53.867,40.8
2026-07-13T20:59:54.270,40.7
2026-07-13T20:59:54.673,41.1
2026-07-13T20:59:55.076,40.7
2026-07-13T20:59:55.479,41.2
2026-07-13T20:59:55.882,41.2
2026-07-13T20:59:56.285,41.9
2026-07-13T20:59:56.687,41.7
2026-07-13T20:59:57.090,41.3
2026-07-13T20:59:57.493,41.1
2026-07-13T20:59:57.896,40.9
2026-07-13T20:59:58.299,41.0
2026-07-13T20:59:58.702,40.8
2026-07-13T20:59:59.105,40.8
2026-07-13T20:59:59.508,40.8
2026-07-13T20:59:59.911,40.9
2026-07-13T21:00:00.314,40.8
2026-07-13T21:00:00.717,40.7
2026-07-13T21:00:01.120,40.8
2026-07-13T21:00:01.523,41.0
2026-07-13T21:00:01.926,40.9
2026-07-13T21:00:02.329,41.1
2026-07-13T21:00:02.732,41.2
2026-07-13T21:00:03.135,41.1
2026-07-13T21:00:03.538,41.1
2026-07-13T21:00:03.941,40.9
2026-07-13T21:00:04.344,40.9
2026-07-13T21:00:04.747,41.0
2026-07-13T21:00:05.150,42.3
2026-07-13T21:00:05.552,42.2
2026-07-13T21:00:05.955,41.7
2026-07-13T21:00:06.358,41.2
2026-07-13T21:00:06.761,40.9
2026-07-13T21:00:07.164,40.8
2026-07-13T21:00:07.567,41.9
2026-07-13T21:00:07.970,41.7
2026-07-13T21:00:08.373,41.4
2026-07-13T21:00:08.776,41.3
2026-07-13T21:00:09.179,40.9
2026-07-13T21:00:09.582,41.1
2026-07-13T21:00:09.985,41.0
2026-07-13T21:00:10.388,40.9
2026-07-13T21:00:10.791,41.1
2026-07-13T21:00:11.194,40.8
2026-07-13T21:00:11.597,41.1
2026-07-13T21:00:12.000,41.0
2026-07-13T21:00:12.403,41.2
2026-07-13T21:00:12.806,41.1
2026-07-13T21:00:13.208,41.2
2026-07-13T21:00:13.611,41.0
2026-07-13T21:00:14.014,41.5
2026-07-13T21:00:14.417,41.1
2026-07-13T21:00:14.820,41.0
2026-07-13T21:00:15.223,41.1
2026-07-13T21:00:15.626,41.3
2026-07-13T21:00:16.029,41.0
2026-07-13T21:00:16.432,41.0
2026-07-13T21:00:16.835,41.6
2026-07-13T21:00:17.238,41.3
2026-07-13T21:00:17.641,41.3
2026-07-13T21:00:18.044,41.0
2026-07-13T21:00:18.447,41.0
2026-07-13T21:00:18.850,41.0
2026-07-13T21:00:19.253,40.9
2026-07-13T21:00:19.656,40.8
2026-07-13T21:00:20.059,41.0
2026-07-13T21:00:20.461,41.2
2026-07-13T21:00:20.864,41.0
2026-07-13T21:00:21.267,44.0
2026-07-13T21:00:21.670,43.4
2026-07-13T21:00:22.073,42.8
2026-07-13T21:00:22.476,47.0
2026-07-13T21:00:22.879,45.8
2026-07-13T21:00:23.282,50.9
2026-07-13T21:00:23.685,50.3
2026-07-13T21:00:24.088,48.7
2026-07-13T21:00:24.491,47.1
2026-07-13T21:00:24.894,42.8
2026-07-13T21:00:25.297,41.6
2026-07-13T21:00:25.700,48.5
2026-07-13T21:00:26.103,46.9
2026-07-13T21:00:26.506,45.6
2026-07-13T21:00:26.909,44.7
2026-07-13T21:00:27.312,40.7
2026-07-13T21:00:27.715,41.0
2026-07-13T21:00:28.118,41.0
2026-07-13T21:00:28.520,40.9
2026-07-13T21:00:28.923,40.8
2026-07-13T21:00:29.326,40.8
2026-07-13T21:00:29.729,41.1
2026-07-13T21:00:30.132,41.4
2026-07-13T21:00:30.535,41.2
2026-07-13T21:00:30.938,41.2
2026-07-13T21:00:31.341,41.9
2026-07-13T21:00:31.744,41.7
2026-07-13T21:00:32.147,41.5
2026-07-13T21:00:32.550,41.4
2026-07-13T21:00:32.953,40.7
2026-07-13T21:00:33.356,40.7
2026-07-13T21:00:33.759,40.8
2026-07-13T21:00:34.162,40.9
2026-07-13T21:00:34.565,40.7
2026-07-13T21:00:34.968,40.8
2026-07-13T21:00:35.371,40.9
2026-07-13T21:00:35.774,40.6
2026-07-13T21:00:36.177,40.8
2026-07-13T21:00:36.579,40.8
2026-07-13T21:00:36.982,40.7
2026-07-13T21:00:37.385,45.3
2026-07-13T21:00:37.788,44.6
2026-07-13T21:00:38.191,43.6
2026-07-13T21:00:38.594,42.9
2026-07-13T21:00:38.997,41.0
2026-07-13T21:00:39.400,40.9
2026-07-13T21:00:39.803,40.8
2026-07-13T21:00:40.206,41.0
2026-07-13T21:00:40.609,40.8
2026-07-13T21:00:41.012,41.1
2026-07-13T21:00:41.415,42.7
2026-07-13T21:00:41.818,45.7
2026-07-13T21:00:42.221,45.1
2026-07-13T21:00:42.624,44.9
2026-07-13T21:00:43.027,46.2
2026-07-13T21:00:43.430,45.6
2026-07-13T21:00:43.833,44.6
2026-07-13T21:00:44.236,43.9
2026-07-13T21:00:44.639,41.4
2026-07-13T21:00:45.042,41.5
2026-07-13T21:00:45.445,41.4
2026-07-13T21:00:45.848,41.2
2026-07-13T21:00:46.251,40.9
2026-07-13T21:00:46.654,41.4
2026-07-13T21:00:47.057,41.0
2026-07-13T21:00:47.460,41.1
2026-07-13T21:00:47.863,40.7
2026-07-13T21:00:48.266,41.0
2026-07-13T21:00:48.669,40.9
2026-07-13T21:00:49.072,50.1
2026-07-13T21:00:49.475,49.5
2026-07-13T21:00:49.878,62.3
2026-07-13T21:00:50.281,62.3
2026-07-13T21:00:50.684,61.2
2026-07-13T21:00:51.087,59.6
2026-07-13T21:00:51.490,62.0
2026-07-13T21:00:51.893,60.7
2026-07-13T21:00:52.295,88.5
2026-07-13T21:00:52.699,80.5
2026-07-13T21:00:53.102,73.6
2026-07-13T21:00:53.505,67.3
2026-07-13T21:00:53.908,41.3
2026-07-13T21:00:54.310,41.1
2026-07-13T21:00:54.713,40.9
2026-07-13T21:00:55.116,41.5
2026-07-13T21:00:55.519,41.1
2026-07-13T21:00:55.922,41.2
2026-07-13T21:00:56.325,41.2
2026-07-13T21:00:56.728,41.5
2026-07-13T21:00:57.131,41.8
2026-07-13T21:00:57.534,42.2
2026-07-13T21:00:57.937,42.2
2026-07-13T21:00:58.340,42.1
2026-07-13T21:00:58.743,42.0
2026-07-13T21:00:59.146,42.1
2026-07-13T21:00:59.549,42.0
2026-07-13T21:00:59.952,42.4
2026-07-13T21:01:00.355,42.2
2026-07-13T21:01:00.758,41.8
2026-07-13T21:01:01.161,41.7
2026-07-13T21:01:01.564,41.7
2026-07-13T21:01:01.967,41.4
2026-07-13T21:01:02.370,41.2
2026-07-13T21:01:02.773,41.3
2026-07-13T21:01:03.176,41.0
2026-07-13T21:01:03.579,41.3
2026-07-13T21:01:03.982,41.2
2026-07-13T21:01:04.385,41.1
2026-07-13T21:01:04.788,41.2
2026-07-13T21:01:05.191,41.1
2026-07-13T21:01:05.594,41.4
2026-07-13T21:01:05.997,41.5
2026-07-13T21:01:06.400,41.1
2026-07-13T21:01:06.803,41.5
2026-07-13T21:01:07.206,41.1
2026-07-13T21:01:07.609,41.4
2026-07-13T21:01:08.012,41.2
2026-07-13T21:01:08.415,41.3
2026-07-13T21:01:08.818,41.3
2026-07-13T21:01:09.221,41.3
2026-07-13T21:01:09.624,41.3
2026-07-13T21:01:10.027,41.4
2026-07-13T21:01:10.430,41.1
2026-07-13T21:01:10.834,41.4
2026-07-13T21:01:11.236,41.3
2026-07-13T21:01:11.639,41.4
2026-07-13T21:01:12.041,41.5
2026-07-13T21:01:12.444,41.4
2026-07-13T21:01:12.847,41.2
2026-07-13T21:01:13.250,41.6
2026-07-13T21:01:13.653,42.5
2026-07-13T21:01:14.056,42.2
2026-07-13T21:01:14.459,49.0
2026-07-13T21:01:14.862,70.0
2026-07-13T21:01:15.265,66.1
2026-07-13T21:01:15.668,63.0
2026-07-13T21:01:16.071,60.5
2026-07-13T21:01:16.474,56.1
2026-07-13T21:01:16.877,52.5
2026-07-13T21:01:17.280,42.6
2026-07-13T21:01:17.683,46.1
2026-07-13T21:01:18.086,53.1
2026-07-13T21:01:18.489,57.8
2026-07-13T21:01:18.892,56.3
2026-07-13T21:01:19.295,54.1
2026-07-13T21:01:19.698,56.6
2026-07-13T21:01:20.101,55.2
2026-07-13T21:01:20.504,53.6
2026-07-13T21:01:20.907,52.3
2026-07-13T21:01:21.310,53.4
2026-07-13T21:01:21.713,51.7
2026-07-13T21:01:22.116,50.4
2026-07-13T21:01:22.519,49.6
2026-07-13T21:01:22.922,44.4
2026-07-13T21:01:23.325,44.7
2026-07-13T21:01:23.728,49.7
2026-07-13T21:01:24.131,48.5
2026-07-13T21:01:24.534,47.2
2026-07-13T21:01:24.937,46.6
2026-07-13T21:01:25.340,42.7
2026-07-13T21:01:25.743,43.6
2026-07-13T21:01:26.146,43.5
2026-07-13T21:01:26.549,44.6
2026-07-13T21:01:26.952,45.3
2026-07-13T21:01:27.355,44.8
2026-07-13T21:01:27.758,44.3
2026-07-13T21:01:28.161,43.6
2026-07-13T21:01:28.564,41.5
2026-07-13T21:01:28.967,41.7
2026-07-13T21:01:29.370,41.9
2026-07-13T21:01:29.773,41.6
2026-07-13T21:01:30.176,44.9
2026-07-13T21:01:30.579,44.4
2026-07-13T21:01:30.982,44.1
2026-07-13T21:01:31.385,43.6
2026-07-13T21:01:31.788,41.3
2026-07-13T21:01:32.191,41.0
2026-07-13T21:01:32.594,41.5
2026-07-13T21:01:32.997,42.1
2026-07-13T21:01:33.400,41.8
2026-07-13T21:01:33.803,46.7
2026-07-13T21:01:34.206,45.4
2026-07-13T21:01:34.609,45.2
2026-07-13T21:01:35.012,44.4
2026-07-13T21:01:35.415,45.0
2026-07-13T21:01:35.818,44.4
2026-07-13T21:01:36.221,43.8
2026-07-13T21:01:36.624,43.1
2026-07-13T21:01:37.027,45.7
2026-07-13T21:01:37.430,50.0
2026-07-13T21:01:37.833,48.3
2026-07-13T21:01:38.236,47.5
2026-07-13T21:01:38.639,46.5
2026-07-13T21:01:39.042,43.7
2026-07-13T21:01:39.445,44.7
2026-07-13T21:01:39.848,51.4
2026-07-13T21:01:40.250,49.5
2026-07-13T21:01:40.653,48.0
2026-07-13T21:01:41.056,47.0
2026-07-13T21:01:41.459,44.8
2026-07-13T21:01:41.862,41.5
2026-07-13T21:01:42.265,41.4
2026-07-13T21:01:42.668,51.1
2026-07-13T21:01:43.071,50.7
2026-07-13T21:01:43.474,48.6
2026-07-13T21:01:43.877,47.3
2026-07-13T21:01:44.280,42.1
2026-07-13T21:01:44.683,42.5
2026-07-13T21:01:45.086,44.8
2026-07-13T21:01:45.489,44.1
2026-07-13T21:01:45.892,43.4
2026-07-13T21:01:46.295,43.8
2026-07-13T21:01:46.698,43.6
2026-07-13T21:01:47.101,43.2
2026-07-13T21:01:47.504,43.6
2026-07-13T21:01:47.907,43.3
2026-07-13T21:01:48.310,43.3
2026-07-13T21:01:48.713,42.8
2026-07-13T21:01:49.116,42.5
2026-07-13T21:01:49.519,42.4
2026-07-13T21:01:49.922,41.6
2026-07-13T21:01:50.325,41.6
2026-07-13T21:01:50.728,41.5
2026-07-13T21:01:51.131,41.7
2026-07-13T21:01:51.534,41.9
2026-07-13T21:01:51.937,42.4
2026-07-13T21:01:52.340,42.2
2026-07-13T21:01:52.743,42.6
2026-07-13T21:01:53.146,42.7
2026-07-13T21:01:53.549,43.4
2026-07-13T21:01:53.952,43.1
2026-07-13T21:01:54.355,44.4
2026-07-13T21:01:54.758,47.0
2026-07-13T21:01:55.161,46.2
2026-07-13T21:01:55.564,45.4
2026-07-13T21:01:55.967,45.3
2026-07-13T21:01:56.370,54.9
2026-07-13T21:01:56.773,52.6
2026-07-13T21:01:57.176,51.2
2026-07-13T21:01:57.579,50.2
2026-07-13T21:01:57.982,49.4
2026-07-13T21:01:58.385,44.8
2026-07-13T21:01:58.788,41.7
2026-07-13T21:01:59.191,41.6
2026-07-13T21:01:59.594,43.3
2026-07-13T21:01:59.997,51.2
2026-07-13T21:02:00.400,50.1
2026-07-13T21:02:00.803,49.0
2026-07-13T21:02:01.206,50.5
2026-07-13T21:02:01.609,49.9
2026-07-13T21:02:02.012,49.6
2026-07-13T21:02:02.415,48.6
2026-07-13T21:02:02.818,47.8
2026-07-13T21:02:03.221,42.3
2026-07-13T21:02:03.624,46.0
2026-07-13T21:02:04.027,45.1
2026-07-13T21:02:04.430,44.5
2026-07-13T21:02:04.833,43.6
2026-07-13T21:02:05.236,42.3
2026-07-13T21:02:05.639,43.6
2026-07-13T21:02:06.042,44.9
2026-07-13T21:02:06.445,48.3
2026-07-13T21:02:06.848,47.1
2026-07-13T21:02:07.251,46.0
2026-07-13T21:02:07.654,45.1
2026-07-13T21:02:08.056,41.2
2026-07-13T21:02:08.459,43.4
2026-07-13T21:02:08.862,45.7
2026-07-13T21:02:09.265,45.2
2026-07-13T21:02:09.668,45.0
2026-07-13T21:02:10.071,47.1
2026-07-13T21:02:10.474,46.4
2026-07-13T21:02:10.877,45.7
2026-07-13T21:02:11.280,50.0
2026-07-13T21:02:11.683,48.2
2026-07-13T21:02:12.086,47.1
2026-07-13T21:02:12.489,46.0
2026-07-13T21:02:12.892,42.2
2026-07-13T21:02:13.295,50.4
2026-07-13T21:02:13.698,49.0
2026-07-13T21:02:14.101,48.4
2026-07-13T21:02:14.504,51.7
2026-07-13T21:02:14.907,50.0
2026-07-13T21:02:15.310,48.4
2026-07-13T21:02:15.713,47.5
2026-07-13T21:02:16.116,43.4
2026-07-13T21:02:16.519,50.8
2026-07-13T21:02:16.922,49.7
2026-07-13T21:02:17.325,48.6
2026-07-13T21:02:17.728,48.0
2026-07-13T21:02:18.131,45.8
2026-07-13T21:02:18.534,42.4
2026-07-13T21:02:18.937,42.0
2026-07-13T21:02:19.340,41.8
2026-07-13T21:02:19.743,41.9
2026-07-13T21:02:20.146,42.8
2026-07-13T21:02:20.549,46.5
2026-07-13T21:02:20.952,46.1
2026-07-13T21:02:21.355,45.6
2026-07-13T21:02:21.758,45.1
2026-07-13T21:02:22.161,50.2
2026-07-13T21:02:22.564,49.0
2026-07-13T21:02:22.967,47.9
2026-07-13T21:02:23.370,46.5
2026-07-13T21:02:23.773,52.7
2026-07-13T21:02:24.176,51.4
2026-07-13T21:02:24.579,49.7
2026-07-13T21:02:24.982,48.6
2026-07-13T21:02:25.385,42.9
2026-07-13T21:02:25.788,41.4
2026-07-13T21:02:26.191,41.4
2026-07-13T21:02:26.594,43.5
2026-07-13T21:02:26.997,43.0
2026-07-13T21:02:27.400,42.4
2026-07-13T21:02:27.803,50.2
2026-07-13T21:02:28.206,48.3
2026-07-13T21:02:28.609,47.5
2026-07-13T21:02:29.012,51.0
2026-07-13T21:02:29.415,50.2
2026-07-13T21:02:29.818,48.2
2026-07-13T21:02:30.221,47.4
2026-07-13T21:02:30.624,42.2
2026-07-13T21:02:31.027,46.3
2026-07-13T21:02:31.430,45.3
2026-07-13T21:02:31.833,44.3
2026-07-13T21:02:32.236,51.7
2026-07-13T21:02:32.639,49.5
2026-07-13T21:02:33.042,47.8
2026-07-13T21:02:33.445,46.9
2026-07-13T21:02:33.848,42.8
2026-07-13T21:02:34.251,45.0
2026-07-13T21:02:34.654,44.9
2026-07-13T21:02:35.057,44.1
2026-07-13T21:02:35.460,43.5
2026-07-13T21:02:35.863,40.9
2026-07-13T21:02:36.266,41.1
2026-07-13T21:02:36.669,41.0
2026-07-13T21:02:37.072,44.5
2026-07-13T21:02:37.475,44.5
2026-07-13T21:02:37.878,43.8
2026-07-13T21:02:38.281,43.7
2026-07-13T21:02:38.684,44.7
2026-07-13T21:02:39.087,43.8
2026-07-13T21:02:39.490,43.2
2026-07-13T21:02:39.893,42.5
2026-07-13T21:02:40.296,41.6
2026-07-13T21:02:40.699,49.9
2026-07-13T21:02:41.102,51.6
2026-07-13T21:02:41.505,50.5
2026-07-13T21:02:41.908,49.8
2026-07-13T21:02:42.311,48.0
2026-07-13T21:02:42.714,45.7
2026-07-13T21:02:43.117,42.8
2026-07-13T21:02:43.520,43.1
2026-07-13T21:02:43.923,45.6
2026-07-13T21:02:44.326,44.9
2026-07-13T21:02:44.728,44.1
2026-07-13T21:02:45.131,43.7
2026-07-13T21:02:45.534,48.3
2026-07-13T21:02:45.937,46.8
2026-07-13T21:02:46.340,45.9
2026-07-13T21:02:46.743,45.2
2026-07-13T21:02:47.146,45.9
2026-07-13T21:02:47.549,45.0
2026-07-13T21:02:47.952,44.0
2026-07-13T21:02:48.355,43.2
2026-07-13T21:02:48.758,44.7
2026-07-13T21:02:49.161,50.0
2026-07-13T21:02:49.564,49.6
2026-07-13T21:02:49.967,47.8
2026-07-13T21:02:50.370,46.9
2026-07-13T21:02:50.773,41.7
2026-07-13T21:02:51.176,48.3
2026-07-13T21:02:51.579,47.2
2026-07-13T21:02:51.982,46.4
2026-07-13T21:02:52.385,45.4
2026-07-13T21:02:52.788,41.7
2026-07-13T21:02:53.191,48.3
2026-07-13T21:02:53.594,47.0
2026-07-13T21:02:53.997,45.9
2026-07-13T21:02:54.400,45.0
2026-07-13T21:02:54.803,41.7
2026-07-13T21:02:55.206,42.8
2026-07-13T21:02:55.609,43.3
2026-07-13T21:02:56.012,43.6
2026-07-13T21:02:56.415,43.4
2026-07-13T21:02:56.818,45.3
2026-07-13T21:02:57.221,45.4
2026-07-13T21:02:57.624,44.6
2026-07-13T21:02:58.027,45.4
2026-07-13T21:02:58.430,44.8
2026-07-13T21:02:58.833,44.4
2026-07-13T21:02:59.236,44.2
2026-07-13T21:02:59.639,50.6
2026-07-13T21:03:00.042,49.7
2026-07-13T21:03:00.445,48.3
2026-07-13T21:03:00.848,50.1
2026-07-13T21:03:01.251,49.0
2026-07-13T21:03:01.654,48.4
2026-07-13T21:03:02.057,47.2
2026-07-13T21:03:02.460,51.2
2026-07-13T21:03:02.863,54.1
2026-07-13T21:03:03.266,53.5
2026-07-13T21:03:03.669,52.8
2026-07-13T21:03:04.072,52.2
2026-07-13T21:03:04.475,50.3
2026-07-13T21:03:04.878,45.7
2026-07-13T21:03:05.281,54.8
2026-07-13T21:03:05.684,54.4
2026-07-13T21:03:06.087,53.6
2026-07-13T21:03:06.490,52.1
2026-07-13T21:03:06.893,42.4
2026-07-13T21:03:07.296,41.4
2026-07-13T21:03:07.699,43.3
2026-07-13T21:03:08.102,42.8
2026-07-13T21:03:08.505,53.7
2026-07-13T21:03:08.908,52.1
2026-07-13T21:03:09.311,51.8
2026-07-13T21:03:09.714,51.4
2026-07-13T21:03:10.117,41.9
2026-07-13T21:03:10.520,51.2
2026-07-13T21:03:10.922,51.0
2026-07-13T21:03:11.325,50.0
2026-07-13T21:03:11.728,49.1
2026-07-13T21:03:12.131,42.6
2026-07-13T21:03:12.534,53.9
2026-07-13T21:03:12.937,54.3
2026-07-13T21:03:13.340,53.3
2026-07-13T21:03:13.743,52.8
2026-07-13T21:03:14.146,51.7
2026-07-13T21:03:14.549,53.6
2026-07-13T21:03:14.952,51.4
2026-07-13T21:03:15.355,50.8
2026-07-13T21:03:15.758,49.9
2026-07-13T21:03:16.161,52.4
2026-07-13T21:03:16.564,52.3
2026-07-13T21:03:16.967,56.5
2026-07-13T21:03:17.370,55.0
2026-07-13T21:03:17.773,53.3
2026-07-13T21:03:18.176,52.3
2026-07-13T21:03:18.579,41.9
2026-07-13T21:03:18.982,41.5
2026-07-13T21:03:19.385,50.1
2026-07-13T21:03:19.788,48.8
2026-07-13T21:03:20.191,51.8
2026-07-13T21:03:20.594,50.1
2026-07-13T21:03:20.997,49.5
2026-07-13T21:03:21.400,51.2
2026-07-13T21:03:21.803,52.1
2026-07-13T21:03:22.206,51.8
2026-07-13T21:03:22.609,51.2
2026-07-13T21:03:23.012,50.9
2026-07-13T21:03:23.415,43.2
2026-07-13T21:03:23.818,41.3
2026-07-13T21:03:24.221,41.3
2026-07-13T21:03:24.624,51.6
2026-07-13T21:03:25.027,50.8
2026-07-13T21:03:25.430,49.9
2026-07-13T21:03:25.833,48.8
2026-07-13T21:03:26.236,42.1
2026-07-13T21:03:26.639,43.3
2026-07-13T21:03:27.042,43.0
2026-07-13T21:03:27.445,42.8
2026-07-13T21:03:27.848,51.1
2026-07-13T21:03:28.251,52.8
2026-07-13T21:03:28.654,81.0
2026-07-13T21:03:29.057,75.1
2026-07-13T21:03:29.460,69.6
2026-07-13T21:03:29.863,65.2
2026-07-13T21:03:30.266,44.3
2026-07-13T21:03:30.669,52.6
2026-07-13T21:03:31.072,50.5
2026-07-13T21:03:31.475,48.6
2026-07-13T21:03:31.878,47.3
2026-07-13T21:03:32.281,43.4
2026-07-13T21:03:32.684,41.4
2026-07-13T21:03:33.087,42.0
2026-07-13T21:03:33.490,42.4
2026-07-13T21:03:33.893,48.5
2026-07-13T21:03:34.296,48.3
2026-07-13T21:03:34.699,46.9
2026-07-13T21:03:35.102,46.3
2026-07-13T21:03:35.505,45.1
2026-07-13T21:03:35.908,51.0
2026-07-13T21:03:36.311,49.4
2026-07-13T21:03:36.714,48.2
2026-07-13T21:03:37.117,46.6
2026-07-13T21:03:37.520,44.3
2026-07-13T21:03:37.923,43.9
2026-07-13T21:03:38.326,48.9
2026-07-13T21:03:38.729,47.7
2026-07-13T21:03:39.132,50.7
2026-07-13T21:03:39.535,49.4
2026-07-13T21:03:39.938,49.3
2026-07-13T21:03:40.341,47.9
2026-07-13T21:03:40.744,43.0
2026-07-13T21:03:41.147,45.6
2026-07-13T21:03:41.550,44.9
2026-07-13T21:03:41.953,44.6
2026-07-13T21:03:42.356,43.8
2026-07-13T21:03:42.759,48.7
2026-07-13T21:03:43.162,49.1
2026-07-13T21:03:43.565,52.1
2026-07-13T21:03:43.968,51.9
2026-07-13T21:03:44.370,51.5
2026-07-13T21:03:44.773,59.5
2026-07-13T21:03:45.176,57.3
2026-07-13T21:03:45.579,81.5
2026-07-13T21:03:45.983,74.7
2026-07-13T21:03:46.386,68.6
2026-07-13T21:03:46.788,63.7
2026-07-13T21:03:47.191,42.4
2026-07-13T21:03:47.594,49.7
2026-07-13T21:03:47.997,48.6
2026-07-13T21:03:48.400,47.2
2026-07-13T21:03:48.803,46.0
2026-07-13T21:03:49.206,44.5
2026-07-13T21:03:49.609,43.1
2026-07-13T21:03:50.012,42.0
2026-07-13T21:03:50.415,43.2
2026-07-13T21:03:50.818,42.9
2026-07-13T21:03:51.221,42.7
2026-07-13T21:03:51.624,42.1
2026-07-13T21:03:52.027,41.1
2026-07-13T21:03:52.430,41.3
2026-07-13T21:03:52.833,41.1
2026-07-13T21:03:53.236,41.4
2026-07-13T21:03:53.639,41.1
2026-07-13T21:03:54.042,41.2
2026-07-13T21:03:54.445,41.6
2026-07-13T21:03:54.848,41.4
2026-07-13T21:03:55.251,43.6
2026-07-13T21:03:55.654,45.6
2026-07-13T21:03:56.057,46.7
2026-07-13T21:03:56.460,47.6
2026-07-13T21:03:56.863,46.4
2026-07-13T21:03:57.266,46.2
2026-07-13T21:03:57.669,45.8
2026-07-13T21:03:58.072,41.4
2026-07-13T21:03:58.475,41.1
2026-07-13T21:03:58.878,41.0
2026-07-13T21:03:59.281,41.2
2026-07-13T21:03:59.684,41.1
2026-07-13T21:04:00.087,41.3
2026-07-13T21:04:00.490,41.0
2026-07-13T21:04:00.893,41.0
2026-07-13T21:04:01.296,41.2
2026-07-13T21:04:01.699,41.4
2026-07-13T21:04:02.102,41.0
2026-07-13T21:04:02.505,41.1
2026-07-13T21:04:02.908,41.4
2026-07-13T21:04:03.311,41.3
2026-07-13T21:04:03.714,41.3
2026-07-13T21:04:04.117,41.5
2026-07-13T21:04:04.520,42.4
2026-07-13T21:04:04.923,42.1
2026-07-13T21:04:05.326,41.7
2026-07-13T21:04:05.729,41.3
2026-07-13T21:04:06.132,41.1
2026-07-13T21:04:06.535,41.1
2026-07-13T21:04:06.938,41.3
2026-07-13T21:04:07.341,41.3
2026-07-13T21:04:07.744,41.1
2026-07-13T21:04:08.147,41.6
2026-07-13T21:04:08.550,41.3
2026-07-13T21:04:08.953,41.3
2026-07-13T21:04:09.356,41.0
2026-07-13T21:04:09.759,41.3
2026-07-13T21:04:10.162,41.1
2026-07-13T21:04:10.565,41.2
2026-07-13T21:04:10.968,41.2
2026-07-13T21:04:11.371,41.5
2026-07-13T21:04:11.774,41.1
2026-07-13T21:04:12.177,41.1
2026-07-13T21:04:12.580,41.0
2026-07-13T21:04:12.983,41.1
2026-07-13T21:04:13.386,41.1
2026-07-13T21:04:13.789,40.9
2026-07-13T21:04:14.192,41.0
2026-07-13T21:04:14.595,41.1
2026-07-13T21:04:14.998,41.2
2026-07-13T21:04:15.401,41.3
2026-07-13T21:04:15.804,41.5
2026-07-13T21:04:16.207,41.7
2026-07-13T21:04:16.610,41.6
2026-07-13T21:04:17.013,41.3
2026-07-13T21:04:17.416,41.9
2026-07-13T21:04:17.819,41.7
2026-07-13T21:04:18.222,41.6
2026-07-13T21:04:18.625,41.3
2026-07-13T21:04:19.028,41.4
2026-07-13T21:04:19.431,41.4
2026-07-13T21:04:19.834,42.6
2026-07-13T21:04:20.238,45.6
2026-07-13T21:04:20.640,44.9
2026-07-13T21:04:21.043,44.4
2026-07-13T21:04:21.446,43.7
2026-07-13T21:04:21.849,41.3
2026-07-13T21:04:22.251,41.4
2026-07-13T21:04:22.654,42.8
2026-07-13T21:04:23.057,47.5
2026-07-13T21:04:23.460,46.4
2026-07-13T21:04:23.863,45.7
2026-07-13T21:04:24.266,45.2
2026-07-13T21:04:24.669,41.6
2026-07-13T21:04:25.072,48.5
2026-07-13T21:04:25.475,48.1
2026-07-13T21:04:25.878,47.6
2026-07-13T21:04:26.281,47.2
2026-07-13T21:04:26.684,50.3
2026-07-13T21:04:27.087,48.4
2026-07-13T21:04:27.490,47.5
2026-07-13T21:04:27.893,46.8
2026-07-13T21:04:28.296,42.7
2026-07-13T21:04:28.699,42.7
2026-07-13T21:04:29.102,42.6
2026-07-13T21:04:29.505,43.9
2026-07-13T21:04:29.908,43.5
2026-07-13T21:04:30.311,43.1
2026-07-13T21:04:30.714,42.7
2026-07-13T21:04:31.117,43.3
2026-07-13T21:04:31.520,43.2
2026-07-13T21:04:31.923,43.1
2026-07-13T21:04:32.326,43.0
2026-07-13T21:04:32.729,46.2
2026-07-13T21:04:33.132,45.6
2026-07-13T21:04:33.535,49.3
2026-07-13T21:04:33.938,49.6
2026-07-13T21:04:34.341,48.9
2026-07-13T21:04:34.744,48.3
2026-07-13T21:04:35.147,52.5
2026-07-13T21:04:35.550,51.3
2026-07-13T21:04:35.952,49.4
2026-07-13T21:04:36.355,50.7
2026-07-13T21:04:36.758,50.2
2026-07-13T21:04:37.161,53.4
2026-07-13T21:04:37.564,51.0
2026-07-13T21:04:37.967,49.8
2026-07-13T21:04:38.370,51.0
2026-07-13T21:04:38.773,54.5
2026-07-13T21:04:39.176,53.4
2026-07-13T21:04:39.579,51.7
2026-07-13T21:04:39.982,50.9
2026-07-13T21:04:40.385,52.2
2026-07-13T21:04:40.788,51.5
2026-07-13T21:04:41.191,50.7
2026-07-13T21:04:41.594,72.2
2026-07-13T21:04:41.997,67.4
2026-07-13T21:04:42.400,62.4
2026-07-13T21:04:42.803,58.2
2026-07-13T21:04:43.206,41.7
2026-07-13T21:04:43.609,42.9
2026-07-13T21:04:44.012,47.2
2026-07-13T21:04:44.415,47.0
2026-07-13T21:04:44.818,49.6
2026-07-13T21:04:45.221,49.4
2026-07-13T21:04:45.623,51.7
2026-07-13T21:04:46.026,50.3
2026-07-13T21:04:46.429,49.1
2026-07-13T21:04:46.832,48.1
2026-07-13T21:04:47.235,44.3
2026-07-13T21:04:47.638,42.7
2026-07-13T21:04:48.041,49.6
2026-07-13T21:04:48.444,49.2
2026-07-13T21:04:48.847,48.5
2026-07-13T21:04:49.250,47.1
2026-07-13T21:04:49.653,41.8
2026-07-13T21:04:50.056,41.7
2026-07-13T21:04:50.459,46.1
2026-07-13T21:04:50.862,49.9
2026-07-13T21:04:51.265,51.0
2026-07-13T21:04:51.668,49.5
2026-07-13T21:04:52.071,48.2
2026-07-13T21:04:52.474,52.2
2026-07-13T21:04:52.877,51.8
2026-07-13T21:04:53.280,50.6
2026-07-13T21:04:53.682,49.5
2026-07-13T21:04:54.085,56.6
2026-07-13T21:04:54.488,54.4
2026-07-13T21:04:54.891,53.2
2026-07-13T21:04:55.294,51.0
2026-07-13T21:04:55.697,43.0
2026-07-13T21:04:56.100,44.2
2026-07-13T21:04:56.503,52.3
2026-07-13T21:04:56.906,53.7
2026-07-13T21:04:57.309,51.9
2026-07-13T21:04:57.712,51.5
2026-07-13T21:04:58.115,49.9
2026-07-13T21:04:58.518,44.1
2026-07-13T21:04:58.921,44.9
2026-07-13T21:04:59.324,44.3
2026-07-13T21:04:59.727,44.8
2026-07-13T21:05:00.130,44.2
2026-07-13T21:05:00.533,43.9
2026-07-13T21:05:00.936,43.6
2026-07-13T21:05:01.339,42.3
2026-07-13T21:05:01.742,42.7
2026-07-13T21:05:02.145,42.6
2026-07-13T21:05:02.547,45.8
2026-07-13T21:05:02.950,46.1
2026-07-13T21:05:03.353,45.1
2026-07-13T21:05:03.756,44.5
2026-07-13T21:05:04.159,43.8
2026-07-13T21:05:04.562,44.8
2026-07-13T21:05:04.965,44.6
2026-07-13T21:05:05.368,43.9
2026-07-13T21:05:05.771,46.7
2026-07-13T21:05:06.174,51.2
2026-07-13T21:05:06.577,51.3
2026-07-13T21:05:06.980,51.0
2026-07-13T21:05:07.383,49.5
2026-07-13T21:05:07.786,50.5
2026-07-13T21:05:08.189,53.4
2026-07-13T21:05:08.592,53.3
2026-07-13T21:05:08.995,53.0
2026-07-13T21:05:09.398,53.6
2026-07-13T21:05:09.801,53.0
2026-07-13T21:05:10.204,51.6
2026-07-13T21:05:10.607,51.1
2026-07-13T21:05:11.010,50.1
2026-07-13T21:05:11.413,50.7
2026-07-13T21:05:11.816,50.6
2026-07-13T21:05:12.219,52.9
2026-07-13T21:05:12.622,52.3
2026-07-13T21:05:13.024,50.4
2026-07-13T21:05:13.427,50.1
2026-07-13T21:05:13.830,48.5
2026-07-13T21:05:14.233,50.5
2026-07-13T21:05:14.636,48.9
2026-07-13T21:05:15.039,47.7
2026-07-13T21:05:15.442,47.3
2026-07-13T21:05:15.845,42.8
2026-07-13T21:05:16.248,45.6
2026-07-13T21:05:16.651,46.8
2026-07-13T21:05:17.054,45.9
2026-07-13T21:05:17.457,45.1
2026-07-13T21:05:17.860,44.7
2026-07-13T21:05:18.263,49.7
2026-07-13T21:05:18.666,48.6
2026-07-13T21:05:19.069,47.1
2026-07-13T21:05:19.472,47.5
2026-07-13T21:05:19.875,46.8
2026-07-13T21:05:20.278,45.8
2026-07-13T21:05:20.681,45.0
2026-07-13T21:05:21.084,46.3
2026-07-13T21:05:21.487,50.8
2026-07-13T21:05:21.890,49.9
2026-07-13T21:05:22.293,49.1
2026-07-13T21:05:22.696,50.6
2026-07-13T21:05:23.099,50.0
2026-07-13T21:05:23.502,49.4
2026-07-13T21:05:23.905,50.4
2026-07-13T21:05:24.308,50.5
2026-07-13T21:05:24.711,49.3
2026-07-13T21:05:25.114,47.8
2026-07-13T21:05:25.517,51.5
2026-07-13T21:05:25.920,50.4
2026-07-13T21:05:26.323,49.8
2026-07-13T21:05:26.725,49.1
2026-07-13T21:05:27.129,52.4
2026-07-13T21:05:27.531,50.4
2026-07-13T21:05:27.934,48.9
2026-07-13T21:05:28.337,48.4
2026-07-13T21:05:28.740,44.0
2026-07-13T21:05:29.143,52.1
2026-07-13T21:05:29.546,51.6
2026-07-13T21:05:29.949,51.3
2026-07-13T21:05:30.352,49.6
2026-07-13T21:05:30.755,46.0
2026-07-13T21:05:31.158,44.7
2026-07-13T21:05:31.561,45.4
2026-07-13T21:05:31.964,54.2
2026-07-13T21:05:32.367,53.7
2026-07-13T21:05:32.770,53.4
2026-07-13T21:05:33.173,52.0
2026-07-13T21:05:33.576,52.3
2026-07-13T21:05:33.979,51.8
2026-07-13T21:05:34.382,51.6
2026-07-13T21:05:34.785,61.2
2026-07-13T21:05:35.188,59.6
2026-07-13T21:05:35.591,58.6
2026-07-13T21:05:35.994,58.0
2026-07-13T21:05:36.397,53.7
2026-07-13T21:05:36.800,50.9
2026-07-13T21:05:37.203,41.3
2026-07-13T21:05:37.606,41.9
2026-07-13T21:05:38.009,72.8
2026-07-13T21:05:38.412,66.8
2026-07-13T21:05:38.815,61.8
2026-07-13T21:05:39.218,58.0
2026-07-13T21:05:39.621,43.4
2026-07-13T21:05:40.024,47.1
2026-07-13T21:05:40.427,47.5
2026-07-13T21:05:40.830,50.2
2026-07-13T21:05:41.233,51.3
2026-07-13T21:05:41.636,52.0
2026-07-13T21:05:42.039,50.7
2026-07-13T21:05:42.442,48.7
2026-07-13T21:05:42.845,47.2
2026-07-13T21:05:43.248,54.8
2026-07-13T21:05:43.651,53.4
2026-07-13T21:05:44.054,52.1
2026-07-13T21:05:44.457,52.8
2026-07-13T21:05:44.860,52.0
2026-07-13T21:05:45.263,51.7
2026-07-13T21:05:45.666,50.7
2026-07-13T21:05:46.069,71.0
2026-07-13T21:05:46.472,66.9
2026-07-13T21:05:46.875,63.8
2026-07-13T21:05:47.278,62.9
2026-07-13T21:05:47.681,60.9
2026-07-13T21:05:48.084,61.3
2026-07-13T21:05:48.487,69.1
2026-07-13T21:05:48.890,74.9
2026-07-13T21:05:49.293,71.9
2026-07-13T21:05:49.696,69.7
2026-07-13T21:05:50.099,68.3
2026-07-13T21:05:50.502,87.0
2026-07-13T21:05:50.905,83.2
2026-07-13T21:05:51.308,78.4
2026-07-13T21:05:51.711,74.7
2026-07-13T21:05:52.114,66.3
2026-07-13T21:05:52.517,66.3
2026-07-13T21:05:52.920,88.9
2026-07-13T21:05:53.323,81.2
2026-07-13T21:05:53.726,74.8
2026-07-13T21:05:54.129,69.6
2026-07-13T21:05:54.532,51.6
2026-07-13T21:05:54.935,45.5
2026-07-13T21:05:55.338,45.5
2026-07-13T21:05:55.741,45.2
2026-07-13T21:05:56.144,44.9
2026-07-13T21:05:56.547,53.2
2026-07-13T21:05:56.950,52.6
2026-07-13T21:05:57.353,50.7
2026-07-13T21:05:57.756,48.6
2026-07-13T21:05:58.159,41.8
2026-07-13T21:05:58.562,41.0
2026-07-13T21:05:58.965,41.3
2026-07-13T21:05:59.368,42.0
2026-07-13T21:05:59.771,41.9
2026-07-13T21:06:00.176,43.6
2026-07-13T21:06:00.577,43.4
2026-07-13T21:06:00.980,43.9
2026-07-13T21:06:01.383,43.4
2026-07-13T21:06:01.786,42.7
2026-07-13T21:06:02.189,42.2
2026-07-13T21:06:02.592,47.8
2026-07-13T21:06:02.995,55.5
2026-07-13T21:06:03.398,53.1
2026-07-13T21:06:03.801,54.4
2026-07-13T21:06:04.204,53.0
2026-07-13T21:06:04.607,51.4
2026-07-13T21:06:05.010,49.5
2026-07-13T21:06:05.413,41.3
2026-07-13T21:06:05.816,41.1
2026-07-13T21:06:06.219,43.6
2026-07-13T21:06:06.622,43.1
2026-07-13T21:06:07.025,43.1
2026-07-13T21:06:07.428,45.6
2026-07-13T21:06:07.831,50.5
2026-07-13T21:06:08.234,48.8
2026-07-13T21:06:08.637,47.7
2026-07-13T21:06:09.040,47.6
2026-07-13T21:06:09.443,53.1
2026-07-13T21:06:09.846,50.9
2026-07-13T21:06:10.249,49.6
2026-07-13T21:06:10.652,47.9
2026-07-13T21:06:11.055,41.1
2026-07-13T21:06:11.458,40.9
2026-07-13T21:06:11.861,41.5
2026-07-13T21:06:12.264,41.6
2026-07-13T21:06:12.667,41.4
2026-07-13T21:06:13.070,42.4
2026-07-13T21:06:13.473,42.0
2026-07-13T21:06:13.876,46.4
2026-07-13T21:06:14.279,48.7
2026-07-13T21:06:14.682,58.5
2026-07-13T21:06:15.085,57.4
2026-07-13T21:06:15.487,80.0
2026-07-13T21:06:15.891,77.1
2026-07-13T21:06:16.294,74.5
2026-07-13T21:06:16.697,69.3
2026-07-13T21:06:17.100,61.4
2026-07-13T21:06:17.502,71.8
2026-07-13T21:06:17.906,69.3
2026-07-13T21:06:18.309,66.8
2026-07-13T21:06:18.712,63.9
2026-07-13T21:06:19.114,80.2
2026-07-13T21:06:19.518,77.8
2026-07-13T21:06:19.920,80.5
2026-07-13T21:06:20.324,75.9
2026-07-13T21:06:20.727,70.9
2026-07-13T21:06:21.130,65.7
2026-07-13T21:06:21.533,44.0
2026-07-13T21:06:21.936,45.8
2026-07-13T21:06:22.338,62.9
2026-07-13T21:06:22.741,60.6
2026-07-13T21:06:23.144,58.3
2026-07-13T21:06:23.547,55.0
2026-07-13T21:06:23.950,41.8
2026-07-13T21:06:24.353,41.5
2026-07-13T21:06:24.756,41.0
2026-07-13T21:06:25.159,41.7
2026-07-13T21:06:25.562,46.5
2026-07-13T21:06:25.965,51.6
2026-07-13T21:06:26.368,52.7
2026-07-13T21:06:26.771,52.2
2026-07-13T21:06:27.174,51.2
2026-07-13T21:06:27.578,49.5
2026-07-13T21:06:27.980,42.5
2026-07-13T21:06:28.383,42.1
2026-07-13T21:06:28.786,46.4
2026-07-13T21:06:29.189,47.9
2026-07-13T21:06:29.592,47.2
2026-07-13T21:06:29.995,47.9
2026-07-13T21:06:30.398,46.5
2026-07-13T21:06:30.801,50.8
2026-07-13T21:06:31.204,52.9
2026-07-13T21:06:31.607,51.8
2026-07-13T21:06:32.010,50.4
2026-07-13T21:06:32.413,50.9
2026-07-13T21:06:32.816,50.2
2026-07-13T21:06:33.219,49.4
2026-07-13T21:06:33.622,49.1
2026-07-13T21:06:34.025,51.2
2026-07-13T21:06:34.428,50.6
2026-07-13T21:06:34.831,48.9
2026-07-13T21:06:35.234,47.2
2026-07-13T21:06:35.636,44.8
2026-07-13T21:06:36.039,55.9
2026-07-13T21:06:36.442,53.5
2026-07-13T21:06:36.845,51.4
2026-07-13T21:06:37.248,49.4
2026-07-13T21:06:37.651,50.4
2026-07-13T21:06:38.054,57.8
2026-07-13T21:06:38.458,57.6
2026-07-13T21:06:38.860,55.5
2026-07-13T21:06:39.263,54.0
2026-07-13T21:06:39.666,49.8
2026-07-13T21:06:40.069,46.7
2026-07-13T21:06:40.472,53.2
2026-07-13T21:06:40.875,51.9
2026-07-13T21:06:41.278,51.2
2026-07-13T21:06:41.681,49.5
2026-07-13T21:06:42.084,48.1
2026-07-13T21:06:42.487,49.1
2026-07-13T21:06:42.891,53.5
2026-07-13T21:06:43.293,54.8
2026-07-13T21:06:43.696,54.9
2026-07-13T21:06:44.099,56.4
2026-07-13T21:06:44.502,55.4
2026-07-13T21:06:44.905,57.0
2026-07-13T21:06:45.308,56.7
2026-07-13T21:06:45.711,55.7
2026-07-13T21:06:46.113,55.2
2026-07-13T21:06:46.516,53.2
2026-07-13T21:06:46.919,54.2
2026-07-13T21:06:47.322,54.2
2026-07-13T21:06:47.725,54.2
2026-07-13T21:06:48.128,60.1
2026-07-13T21:06:48.531,58.5
2026-07-13T21:06:48.934,58.3
2026-07-13T21:06:49.337,57.5
2026-07-13T21:06:49.740,57.5
2026-07-13T21:06:50.143,60.1
2026-07-13T21:06:50.546,62.7
2026-07-13T21:06:50.949,62.4
2026-07-13T21:06:51.352,71.2
2026-07-13T21:06:51.755,67.9
2026-07-13T21:06:52.158,65.2
2026-07-13T21:06:52.561,62.3
2026-07-13T21:06:52.964,55.6
2026-07-13T21:06:53.367,45.4
2026-07-13T21:06:53.770,44.9
2026-07-13T21:06:54.173,51.2
2026-07-13T21:06:54.576,49.2
2026-07-13T21:06:54.979,56.3
2026-07-13T21:06:55.382,54.1
2026-07-13T21:06:55.785,53.7
2026-07-13T21:06:56.188,52.8
2026-07-13T21:06:56.591,49.5
2026-07-13T21:06:56.994,48.7
2026-07-13T21:06:57.397,50.0
2026-07-13T21:06:57.800,50.0
2026-07-13T21:06:58.203,49.6
2026-07-13T21:06:58.605,52.5
2026-07-13T21:06:59.008,51.5
2026-07-13T21:06:59.411,50.2
2026-07-13T21:06:59.814,49.7
2026-07-13T21:07:00.217,51.4
2026-07-13T21:07:00.620,50.3
2026-07-13T21:07:01.023,49.0
2026-07-13T21:07:01.426,47.3
2026-07-13T21:07:01.829,41.0
2026-07-13T21:07:02.232,41.5
2026-07-13T21:07:02.635,45.4
2026-07-13T21:07:03.038,44.9
2026-07-13T21:07:03.441,44.4
2026-07-13T21:07:03.844,49.4
2026-07-13T21:07:04.247,48.0
2026-07-13T21:07:04.650,46.7
2026-07-13T21:07:05.053,45.7
2026-07-13T21:07:05.456,47.3
2026-07-13T21:07:05.859,46.8
2026-07-13T21:07:06.262,48.5
2026-07-13T21:07:06.665,47.7
2026-07-13T21:07:07.068,46.9
2026-07-13T21:07:07.471,48.3
2026-07-13T21:07:07.874,47.3
2026-07-13T21:07:08.277,47.5
2026-07-13T21:07:08.680,48.1
2026-07-13T21:07:09.082,47.6
2026-07-13T21:07:09.485,51.4
2026-07-13T21:07:09.888,50.3
2026-07-13T21:07:10.291,49.0
2026-07-13T21:07:10.694,48.4
2026-07-13T21:07:11.097,50.0
2026-07-13T21:07:11.500,49.0
2026-07-13T21:07:11.903,47.7
2026-07-13T21:07:12.306,47.2
2026-07-13T21:07:12.709,47.6
2026-07-13T21:07:13.112,50.0
2026-07-13T21:07:13.515,49.5
2026-07-13T21:07:13.918,51.6
2026-07-13T21:07:14.321,51.3
2026-07-13T21:07:14.724,51.0
2026-07-13T21:07:15.127,50.3
2026-07-13T21:07:15.530,45.7
2026-07-13T21:07:15.933,42.5
2026-07-13T21:07:16.336,46.6
2026-07-13T21:07:16.739,45.7
2026-07-13T21:07:17.142,45.0
2026-07-13T21:07:17.545,51.6
2026-07-13T21:07:17.948,52.3
2026-07-13T21:07:18.350,50.1
2026-07-13T21:07:18.753,50.4
2026-07-13T21:07:19.156,48.6
2026-07-13T21:07:19.559,48.3
2026-07-13T21:07:19.962,47.9
2026-07-13T21:07:20.365,53.2
2026-07-13T21:07:20.768,51.7
2026-07-13T21:07:21.171,50.9
2026-07-13T21:07:21.574,50.6
2026-07-13T21:07:21.977,49.3
2026-07-13T21:07:22.380,43.7
2026-07-13T21:07:22.783,52.2
2026-07-13T21:07:23.186,52.1
2026-07-13T21:07:23.589,51.3
2026-07-13T21:07:23.992,50.9
2026-07-13T21:07:24.395,42.9
2026-07-13T21:07:24.798,43.2
2026-07-13T21:07:25.201,51.8
2026-07-13T21:07:25.604,51.7
2026-07-13T21:07:26.007,52.6
2026-07-13T21:07:26.410,52.2
2026-07-13T21:07:26.813,50.5
2026-07-13T21:07:27.216,48.9
2026-07-13T21:07:27.619,50.2
2026-07-13T21:07:28.022,49.4
2026-07-13T21:07:28.425,48.7
2026-07-13T21:07:28.828,48.2
2026-07-13T21:07:29.231,42.6
2026-07-13T21:07:29.634,53.8
2026-07-13T21:07:30.037,52.8
2026-07-13T21:07:30.440,50.6
2026-07-13T21:07:30.843,48.7
2026-07-13T21:07:31.246,47.1
2026-07-13T21:07:31.649,55.8
2026-07-13T21:07:32.052,55.3
2026-07-13T21:07:32.455,53.2
2026-07-13T21:07:32.858,52.6
2026-07-13T21:07:33.261,48.3
2026-07-13T21:07:33.664,53.3
2026-07-13T21:07:34.067,52.3
2026-07-13T21:07:34.470,51.6
2026-07-13T21:07:34.873,50.3
2026-07-13T21:07:35.276,44.8
2026-07-13T21:07:35.679,51.6
2026-07-13T21:07:36.082,50.3
2026-07-13T21:07:36.485,49.8
2026-07-13T21:07:36.888,50.7
2026-07-13T21:07:37.291,49.0
2026-07-13T21:07:37.694,48.4
2026-07-13T21:07:38.097,47.8
2026-07-13T21:07:38.500,45.7
2026-07-13T21:07:38.903,44.3
2026-07-13T21:07:39.306,44.6
2026-07-13T21:07:39.709,51.5
2026-07-13T21:07:40.112,49.7
2026-07-13T21:07:40.515,49.1
2026-07-13T21:07:40.917,54.5
2026-07-13T21:07:41.320,52.3
2026-07-13T21:07:41.723,51.2
2026-07-13T21:07:42.126,50.8
2026-07-13T21:07:42.529,47.2
2026-07-13T21:07:42.932,48.0
2026-07-13T21:07:43.335,46.4
2026-07-13T21:07:43.738,47.9
2026-07-13T21:07:44.141,53.6
2026-07-13T21:07:44.544,52.8
2026-07-13T21:07:44.947,51.0
2026-07-13T21:07:45.350,49.4
2026-07-13T21:07:45.753,45.9
2026-07-13T21:07:46.156,47.1
2026-07-13T21:07:46.559,45.8
2026-07-13T21:07:46.962,44.7
2026-07-13T21:07:47.365,44.4
2026-07-13T21:07:47.768,41.7
2026-07-13T21:07:48.171,50.0
2026-07-13T21:07:48.574,48.6
2026-07-13T21:07:48.977,48.1
2026-07-13T21:07:49.380,48.0
2026-07-13T21:07:49.783,50.9
2026-07-13T21:07:50.186,50.5
2026-07-13T21:07:50.589,48.6
2026-07-13T21:07:50.992,47.0
2026-07-13T21:07:51.395,41.3
2026-07-13T21:07:51.798,51.8
2026-07-13T21:07:52.201,55.5
2026-07-13T21:07:52.604,72.1
2026-07-13T21:07:53.007,67.5
2026-07-13T21:07:53.410,64.1
2026-07-13T21:07:53.813,59.5
2026-07-13T21:07:54.216,42.0
2026-07-13T21:07:54.619,41.0
2026-07-13T21:07:55.022,41.0
2026-07-13T21:07:55.425,41.0
2026-07-13T21:07:55.828,41.4
2026-07-13T21:07:56.231,41.4
2026-07-13T21:07:56.634,42.9
2026-07-13T21:07:57.037,46.9
2026-07-13T21:07:57.440,45.8
2026-07-13T21:07:57.843,45.0
2026-07-13T21:07:58.246,44.8
2026-07-13T21:07:58.649,51.0
2026-07-13T21:07:59.052,49.6
2026-07-13T21:07:59.455,54.7
2026-07-13T21:07:59.858,52.1
2026-07-13T21:08:00.261,50.1
2026-07-13T21:08:00.664,48.2
2026-07-13T21:08:01.067,41.7
2026-07-13T21:08:01.470,45.4
2026-07-13T21:08:01.873,44.5
2026-07-13T21:08:02.276,43.9
2026-07-13T21:08:02.679,43.3
2026-07-13T21:08:03.082,46.0
2026-07-13T21:08:03.485,44.9
2026-07-13T21:08:03.887,44.1
2026-07-13T21:08:04.290,43.9
2026-07-13T21:08:04.693,49.6
2026-07-13T21:08:05.096,49.0
2026-07-13T21:08:05.499,48.0
2026-07-13T21:08:05.902,46.4
2026-07-13T21:08:06.305,41.1
2026-07-13T21:08:06.708,43.3
2026-07-13T21:08:07.111,44.6
2026-07-13T21:08:07.514,44.0
2026-07-13T21:08:07.917,44.4
2026-07-13T21:08:08.320,45.9
2026-07-13T21:08:08.723,45.0
2026-07-13T21:08:09.126,44.5
2026-07-13T21:08:09.529,43.9
2026-07-13T21:08:09.932,51.0
2026-07-13T21:08:10.335,49.4
2026-07-13T21:08:10.738,47.7
2026-07-13T21:08:11.141,47.2
2026-07-13T21:08:11.544,44.0
2026-07-13T21:08:11.947,44.1
2026-07-13T21:08:12.350,48.9
2026-07-13T21:08:12.753,47.8
2026-07-13T21:08:13.156,49.2
2026-07-13T21:08:13.558,53.8
2026-07-13T21:08:13.961,51.8
2026-07-13T21:08:14.364,49.8
2026-07-13T21:08:14.767,48.4
2026-07-13T21:08:15.170,41.4
2026-07-13T21:08:15.573,41.7
2026-07-13T21:08:15.976,41.5
2026-07-13T21:08:16.379,43.0
2026-07-13T21:08:16.782,47.0
2026-07-13T21:08:17.185,46.4
2026-07-13T21:08:17.588,45.7
2026-07-13T21:08:17.991,44.9
2026-07-13T21:08:18.394,44.7
2026-07-13T21:08:18.797,73.6
2026-07-13T21:08:19.200,71.2
2026-07-13T21:08:19.603,69.7
2026-07-13T21:08:20.006,67.8
2026-07-13T21:08:20.409,59.2
2026-07-13T21:08:20.812,56.9
2026-07-13T21:08:21.215,75.9
2026-07-13T21:08:21.618,74.6
2026-07-13T21:08:22.021,71.9
2026-07-13T21:08:22.424,66.1
2026-07-13T21:08:22.827,43.8
2026-07-13T21:08:23.230,43.3
2026-07-13T21:08:23.633,61.6
2026-07-13T21:08:24.036,60.8
2026-07-13T21:08:24.439,62.6
2026-07-13T21:08:24.842,61.9
2026-07-13T21:08:25.245,59.2
2026-07-13T21:08:25.648,56.0
2026-07-13T21:08:26.050,42.2
2026-07-13T21:08:26.453,43.9
2026-07-13T21:08:26.856,43.5
2026-07-13T21:08:27.259,45.6
2026-07-13T21:08:27.662,45.2
2026-07-13T21:08:28.065,44.7
2026-07-13T21:08:28.468,44.2
2026-07-13T21:08:28.871,41.8
2026-07-13T21:08:29.274,42.9
2026-07-13T21:08:29.677,42.7
2026-07-13T21:08:30.080,42.2
2026-07-13T21:08:30.483,43.0
2026-07-13T21:08:30.886,42.8
2026-07-13T21:08:31.289,42.3
2026-07-13T21:08:31.692,43.8
2026-07-13T21:08:32.095,43.0
2026-07-13T21:08:32.498,45.6
2026-07-13T21:08:32.901,45.2
2026-07-13T21:08:33.304,46.6
2026-07-13T21:08:33.707,45.4
2026-07-13T21:08:34.110,44.7
2026-07-13T21:08:34.513,43.7
2026-07-13T21:08:34.916,41.7
2026-07-13T21:08:35.319,55.1
2026-07-13T21:08:35.722,53.1
2026-07-13T21:08:36.125,51.9
2026-07-13T21:08:36.527,95.1
2026-07-13T21:08:36.930,91.9
2026-07-13T21:08:37.334,85.4
2026-07-13T21:08:37.736,79.6
2026-07-13T21:08:38.139,70.7
2026-07-13T21:08:38.542,53.3
2026-07-13T21:08:38.945,51.8
2026-07-13T21:08:39.348,54.6
2026-07-13T21:08:39.751,52.8
2026-07-13T21:08:40.154,50.2
2026-07-13T21:08:40.557,48.0
2026-07-13T21:08:40.960,42.8
2026-07-13T21:08:41.363,43.1
2026-07-13T21:08:41.766,45.5
2026-07-13T21:08:42.169,44.7
2026-07-13T21:08:42.572,44.4
2026-07-13T21:08:42.975,43.9
2026-07-13T21:08:43.378,46.5
2026-07-13T21:08:43.781,45.3
2026-07-13T21:08:44.184,49.3
2026-07-13T21:08:44.587,48.0
2026-07-13T21:08:44.990,50.2
2026-07-13T21:08:45.393,50.1
2026-07-13T21:08:45.796,48.9
2026-07-13T21:08:46.199,47.5
2026-07-13T21:08:46.602,50.7
2026-07-13T21:08:47.005,50.3
2026-07-13T21:08:47.408,48.6
2026-07-13T21:08:47.811,47.1
2026-07-13T21:08:48.214,41.3
2026-07-13T21:08:48.616,41.3
2026-07-13T21:08:49.020,41.2
2026-07-13T21:08:49.422,40.9
2026-07-13T21:08:49.825,41.0
2026-07-13T21:08:50.228,41.0
2026-07-13T21:08:50.631,41.7
2026-07-13T21:08:51.034,41.6
2026-07-13T21:08:51.437,41.3
2026-07-13T21:08:51.840,41.3
2026-07-13T21:08:52.243,45.7
2026-07-13T21:08:52.646,50.9
2026-07-13T21:08:53.049,49.0
2026-07-13T21:08:53.452,47.3
2026-07-13T21:08:53.855,51.9
2026-07-13T21:08:54.258,49.9
2026-07-13T21:08:54.661,48.1
2026-07-13T21:08:55.064,46.7
2026-07-13T21:08:55.467,43.2
2026-07-13T21:08:55.870,46.7
2026-07-13T21:08:56.273,46.2
2026-07-13T21:08:56.676,45.7
2026-07-13T21:08:57.079,49.4
2026-07-13T21:08:57.482,49.5
2026-07-13T21:08:57.885,53.1
2026-07-13T21:08:58.288,52.5
2026-07-13T21:08:58.691,55.4
2026-07-13T21:08:59.094,54.6
2026-07-13T21:08:59.497,53.6
2026-07-13T21:08:59.900,53.3
2026-07-13T21:09:00.303,50.4
2026-07-13T21:09:00.706,50.9
2026-07-13T21:09:01.108,50.9
2026-07-13T21:09:01.512,61.1
2026-07-13T21:09:01.914,59.2
2026-07-13T21:09:02.317,57.5
2026-07-13T21:09:02.720,56.3
2026-07-13T21:09:03.123,52.7
2026-07-13T21:09:03.526,50.6
2026-07-13T21:09:03.929,50.7
2026-07-13T21:09:04.332,50.2
2026-07-13T21:09:04.735,50.1
2026-07-13T21:09:05.138,54.5
2026-07-13T21:09:05.541,76.4
2026-07-13T21:09:05.944,69.9
2026-07-13T21:09:06.347,66.4
2026-07-13T21:09:06.750,61.7
2026-07-13T21:09:07.153,44.4
2026-07-13T21:09:07.556,42.4
2026-07-13T21:09:07.959,46.0
2026-07-13T21:09:08.362,59.5
2026-07-13T21:09:08.765,58.9
2026-07-13T21:09:09.168,55.9
2026-07-13T21:09:09.571,53.4
2026-07-13T21:09:09.974,52.8
2026-07-13T21:09:10.377,51.2
2026-07-13T21:09:10.780,55.7
2026-07-13T21:09:11.183,61.2
2026-07-13T21:09:11.586,59.9
2026-07-13T21:09:11.989,58.7
2026-07-13T21:09:12.392,57.0
2026-07-13T21:09:12.795,54.5
2026-07-13T21:09:13.198,57.1
2026-07-13T21:09:13.601,54.9
2026-07-13T21:09:14.004,52.4
2026-07-13T21:09:14.407,51.2
2026-07-13T21:09:14.810,42.5
2026-07-13T21:09:15.213,43.3
2026-07-13T21:09:15.616,50.2
2026-07-13T21:09:16.019,49.0
2026-07-13T21:09:16.422,50.6
2026-07-13T21:09:16.825,49.7
2026-07-13T21:09:17.228,51.1
2026-07-13T21:09:17.631,49.4
2026-07-13T21:09:18.034,47.6
2026-07-13T21:09:18.437,45.9
2026-07-13T21:09:18.840,41.1
2026-07-13T21:09:19.243,41.5
2026-07-13T21:09:19.646,47.6
2026-07-13T21:09:20.049,50.2
2026-07-13T21:09:20.452,50.1
2026-07-13T21:09:20.855,48.6
2026-07-13T21:09:21.258,47.7
2026-07-13T21:09:21.661,42.1
2026-07-13T21:09:22.063,41.5
2026-07-13T21:09:22.466,40.8
2026-07-13T21:09:22.869,40.7
2026-07-13T21:09:23.272,40.5
2026-07-13T21:09:23.675,40.8
2026-07-13T21:09:24.078,40.8
2026-07-13T21:09:24.481,41.0
2026-07-13T21:09:24.884,40.9
2026-07-13T21:09:25.287,41.0
2026-07-13T21:09:25.690,40.9
2026-07-13T21:09:26.093,40.7
2026-07-13T21:09:26.496,41.2
2026-07-13T21:09:26.899,40.9
2026-07-13T21:09:27.302,40.9
2026-07-13T21:09:27.705,40.8
2026-07-13T21:09:28.108,42.6
2026-07-13T21:09:28.511,45.5
2026-07-13T21:09:28.914,44.6
2026-07-13T21:09:29.317,43.6
2026-07-13T21:09:29.720,42.9
2026-07-13T21:09:30.123,43.4
2026-07-13T21:09:30.526,45.0
2026-07-13T21:09:30.929,44.4
2026-07-13T21:09:31.332,44.5
2026-07-13T21:09:31.735,45.1
2026-07-13T21:09:32.138,44.2
2026-07-13T21:09:32.541,43.5
2026-07-13T21:09:32.944,42.8
2026-07-13T21:09:33.347,40.7
2026-07-13T21:09:33.750,40.4
2026-07-13T21:09:34.153,40.2
2026-07-13T21:09:34.556,40.5
2026-07-13T21:09:34.959,41.0
2026-07-13T21:09:35.362,42.2
2026-07-13T21:09:35.765,41.9
2026-07-13T21:09:36.168,41.6
2026-07-13T21:09:36.571,42.4
2026-07-13T21:09:36.974,42.7
2026-07-13T21:09:37.377,50.2
2026-07-13T21:09:37.780,49.5
2026-07-13T21:09:38.183,60.4
2026-07-13T21:09:38.586,60.1
2026-07-13T21:09:38.989,64.8
2026-07-13T21:09:39.392,63.4
2026-07-13T21:09:39.795,61.0
2026-07-13T21:09:40.198,58.7
2026-07-13T21:09:40.601,53.1
2026-07-13T21:09:41.004,48.9
2026-07-13T21:09:41.407,52.3
2026-07-13T21:09:41.810,54.2
2026-07-13T21:09:42.213,52.5
2026-07-13T21:09:42.616,50.7
2026-07-13T21:09:43.019,53.0
2026-07-13T21:09:43.422,51.4
2026-07-13T21:09:43.825,49.2
2026-07-13T21:09:44.228,47.5
2026-07-13T21:09:44.631,40.7
2026-07-13T21:09:45.034,42.1
2026-07-13T21:09:45.437,45.5
2026-07-13T21:09:45.840,45.5
2026-07-13T21:09:46.243,50.4
2026-07-13T21:09:46.646,49.4
2026-07-13T21:09:47.049,48.0
2026-07-13T21:09:47.452,46.4
2026-07-13T21:09:47.855,41.9
2026-07-13T21:09:48.258,41.2
2026-07-13T21:09:48.661,41.5
2026-07-13T21:09:49.064,41.4
2026-07-13T21:09:49.467,43.2
2026-07-13T21:09:49.870,44.3
2026-07-13T21:09:50.273,45.5
2026-07-13T21:09:50.676,44.4
2026-07-13T21:09:51.079,43.7
2026-07-13T21:09:51.482,43.1
2026-07-13T21:09:51.885,40.8
2026-07-13T21:09:52.288,40.5
2026-07-13T21:09:52.691,40.8
2026-07-13T21:09:53.094,41.3
2026-07-13T21:09:53.497,41.6
2026-07-13T21:09:53.900,41.3
2026-07-13T21:09:54.303,41.1
2026-07-13T21:09:54.706,40.8
2026-07-13T21:09:55.109,41.1
2026-07-13T21:09:55.512,45.1
2026-07-13T21:09:55.915,44.7
2026-07-13T21:09:56.318,44.2
2026-07-13T21:09:56.721,44.2
2026-07-13T21:09:57.124,43.7
2026-07-13T21:09:57.527,42.9
2026-07-13T21:09:57.930,42.3
2026-07-13T21:09:58.333,41.2
2026-07-13T21:09:58.736,41.3
2026-07-13T21:09:59.139,41.5
2026-07-13T21:09:59.542,41.1
2026-07-13T21:09:59.945,40.8
2026-07-13T21:10:00.348,40.4
2026-07-13T21:10:00.751,40.9
2026-07-13T21:10:01.154,40.6
2026-07-13T21:10:01.557,40.7
2026-07-13T21:10:01.960,41.0
2026-07-13T21:10:02.363,41.2
2026-07-13T21:10:02.766,41.5
2026-07-13T21:10:03.168,41.4
2026-07-13T21:10:03.571,41.4
2026-07-13T21:10:03.974,42.9
2026-07-13T21:10:04.377,45.7
2026-07-13T21:10:04.780,45.8
2026-07-13T21:10:05.183,45.2
2026-07-13T21:10:05.586,44.5
2026-07-13T21:10:05.989,43.8
2026-07-13T21:10:06.392,41.4
2026-07-13T21:10:06.795,40.9
2026-07-13T21:10:07.198,40.9
2026-07-13T21:10:07.601,40.8
2026-07-13T21:10:08.004,42.2
2026-07-13T21:10:08.407,44.3
2026-07-13T21:10:08.810,44.0
2026-07-13T21:10:09.213,43.5
2026-07-13T21:10:09.616,42.8
2026-07-13T21:10:10.019,40.7
2026-07-13T21:10:10.422,41.2
2026-07-13T21:10:10.825,41.2
2026-07-13T21:10:11.228,41.0
2026-07-13T21:10:11.631,40.8
2026-07-13T21:10:12.034,41.3
2026-07-13T21:10:12.436,41.1
2026-07-13T21:10:12.839,43.2
2026-07-13T21:10:13.242,42.8
2026-07-13T21:10:13.645,42.3
2026-07-13T21:10:14.048,43.7
2026-07-13T21:10:14.451,43.2
2026-07-13T21:10:14.854,42.7
2026-07-13T21:10:15.257,42.0
2026-07-13T21:10:15.660,40.6
2026-07-13T21:10:16.063,40.9
2026-07-13T21:10:16.466,43.1
2026-07-13T21:10:16.869,42.5
2026-07-13T21:10:17.272,41.9
2026-07-13T21:10:17.675,41.4
2026-07-13T21:10:18.078,41.2
2026-07-13T21:10:18.481,44.1
2026-07-13T21:10:18.884,43.8
2026-07-13T21:10:19.287,43.5
2026-07-13T21:10:19.690,43.0
2026-07-13T21:10:20.093,42.7
2026-07-13T21:10:20.495,43.2
2026-07-13T21:10:20.898,42.9
2026-07-13T21:10:21.301,42.2
2026-07-13T21:10:21.704,42.0
2026-07-13T21:10:22.107,45.7
2026-07-13T21:10:22.510,45.1
2026-07-13T21:10:22.913,45.0
2026-07-13T21:10:23.316,44.7
2026-07-13T21:10:23.719,43.1
2026-07-13T21:10:24.122,41.6
2026-07-13T21:10:24.525,44.9
2026-07-13T21:10:24.928,43.9
2026-07-13T21:10:25.331,45.0
2026-07-13T21:10:25.734,44.0
2026-07-13T21:10:26.137,43.3
2026-07-13T21:10:26.540,42.6
2026-07-13T21:10:26.943,41.6
2026-07-13T21:10:27.346,41.7
2026-07-13T21:10:27.749,44.0
2026-07-13T21:10:28.152,43.5
2026-07-13T21:10:28.555,44.9
2026-07-13T21:10:28.958,44.1
2026-07-13T21:10:29.361,43.4
2026-07-13T21:10:29.763,45.2
2026-07-13T21:10:30.166,44.7
2026-07-13T21:10:30.569,49.3
2026-07-13T21:10:30.972,48.1
2026-07-13T21:10:31.375,46.9
2026-07-13T21:10:31.778,45.4
2026-07-13T21:10:32.181,41.5
2026-07-13T21:10:32.584,43.8
2026-07-13T21:10:32.987,45.1
2026-07-13T21:10:33.390,49.0
2026-07-13T21:10:33.793,49.0
2026-07-13T21:10:34.196,55.4
2026-07-13T21:10:34.599,57.2
2026-07-13T21:10:35.002,56.7
2026-07-13T21:10:35.405,55.2
2026-07-13T21:10:35.808,54.4
2026-07-13T21:10:36.211,48.8
2026-07-13T21:10:36.614,45.4
2026-07-13T21:10:37.017,50.1
2026-07-13T21:10:37.420,52.7
2026-07-13T21:10:37.823,51.4
2026-07-13T21:10:38.226,49.7
2026-07-13T21:10:38.629,49.3
2026-07-13T21:10:39.032,49.8
2026-07-13T21:10:39.435,56.0
2026-07-13T21:10:39.838,54.7
2026-07-13T21:10:40.241,54.0
2026-07-13T21:10:40.644,51.9
2026-07-13T21:10:41.047,48.4
2026-07-13T21:10:41.450,43.7
2026-07-13T21:10:41.853,43.9
2026-07-13T21:10:42.255,48.7
2026-07-13T21:10:42.658,48.0
2026-07-13T21:10:43.061,46.9
2026-07-13T21:10:43.464,45.8
2026-07-13T21:10:43.867,42.6
2026-07-13T21:10:44.270,42.3
2026-07-13T21:10:44.673,42.5
2026-07-13T21:10:45.076,43.1
2026-07-13T21:10:45.480,43.4
2026-07-13T21:10:45.882,47.7
2026-07-13T21:10:46.286,46.9
2026-07-13T21:10:46.689,50.4
2026-07-13T21:10:47.092,49.6
2026-07-13T21:10:47.494,48.2
2026-07-13T21:10:47.897,47.2
2026-07-13T21:10:48.301,43.1
2026-07-13T21:10:48.704,42.1
2026-07-13T21:10:49.106,41.0
2026-07-13T21:10:49.510,41.2
2026-07-13T21:10:49.913,40.8
2026-07-13T21:10:50.315,41.6
2026-07-13T21:10:50.718,45.0
2026-07-13T21:10:51.122,46.5
2026-07-13T21:10:51.525,49.6
2026-07-13T21:10:51.927,48.1
2026-07-13T21:10:52.331,47.0
2026-07-13T21:10:52.734,46.2
2026-07-13T21:10:53.136,44.0
2026-07-13T21:10:53.539,43.4
2026-07-13T21:10:53.942,42.7
2026-07-13T21:10:54.345,42.8
2026-07-13T21:10:54.749,43.6
2026-07-13T21:10:55.152,50.0
2026-07-13T21:10:55.554,48.2
2026-07-13T21:10:55.957,46.6
2026-07-13T21:10:56.360,45.3
2026-07-13T21:10:56.763,41.3
2026-07-13T21:10:57.166,41.5
2026-07-13T21:10:57.569,41.2
2026-07-13T21:10:57.972,41.4
2026-07-13T21:10:58.375,41.3
2026-07-13T21:10:58.778,41.0
2026-07-13T21:10:59.181,40.8
2026-07-13T21:10:59.584,42.0
2026-07-13T21:10:59.987,42.3
2026-07-13T21:11:00.390,41.9
2026-07-13T21:11:00.793,45.3
2026-07-13T21:11:01.196,44.4
2026-07-13T21:11:01.599,43.5
2026-07-13T21:11:02.002,42.9
2026-07-13T21:11:02.405,40.8
2026-07-13T21:11:02.808,40.8
2026-07-13T21:11:03.211,41.8
2026-07-13T21:11:03.614,42.0
2026-07-13T21:11:04.017,41.9
2026-07-13T21:11:04.420,42.9
2026-07-13T21:11:04.823,43.0
2026-07-13T21:11:05.226,42.3
2026-07-13T21:11:05.629,42.1
2026-07-13T21:11:06.032,41.7
2026-07-13T21:11:06.435,41.0
2026-07-13T21:11:06.838,41.5
2026-07-13T21:11:07.241,43.1
2026-07-13T21:11:07.644,50.5
2026-07-13T21:11:08.047,49.2
2026-07-13T21:11:08.450,47.6
2026-07-13T21:11:08.853,46.3
2026-07-13T21:11:09.256,41.0
2026-07-13T21:11:09.659,44.5
2026-07-13T21:11:10.062,50.0
2026-07-13T21:11:10.465,48.4
2026-07-13T21:11:10.868,47.9
2026-07-13T21:11:11.271,47.0
2026-07-13T21:11:11.674,43.0
2026-07-13T21:11:12.077,48.8
2026-07-13T21:11:12.480,48.2
2026-07-13T21:11:12.883,47.5
2026-07-13T21:11:13.286,50.0
2026-07-13T21:11:13.689,56.8
2026-07-13T21:11:14.092,54.9
2026-07-13T21:11:14.495,52.6
2026-07-13T21:11:14.898,50.2
2026-07-13T21:11:15.301,51.5
2026-07-13T21:11:15.704,50.0
2026-07-13T21:11:16.107,50.2
2026-07-13T21:11:16.510,49.1
2026-07-13T21:11:16.913,48.3
2026-07-13T21:11:17.316,49.0
2026-07-13T21:11:17.719,47.5
2026-07-13T21:11:18.122,46.2
2026-07-13T21:11:18.525,45.3
2026-07-13T21:11:18.928,40.9
2026-07-13T21:11:19.331,42.2
2026-07-13T21:11:19.733,44.1
2026-07-13T21:11:20.136,43.6
2026-07-13T21:11:20.539,46.7
2026-07-13T21:11:20.942,45.4
2026-07-13T21:11:21.345,44.6
2026-07-13T21:11:21.748,44.1
2026-07-13T21:11:22.151,44.0
2026-07-13T21:11:22.554,50.3
2026-07-13T21:11:22.957,48.6
2026-07-13T21:11:23.360,47.8
2026-07-13T21:11:23.763,46.8
2026-07-13T21:11:24.166,43.4
2026-07-13T21:11:24.569,41.6
2026-07-13T21:11:24.972,47.9
2026-07-13T21:11:25.375,50.4
2026-07-13T21:11:25.778,49.5
2026-07-13T21:11:26.181,47.5
2026-07-13T21:11:26.584,46.0
2026-07-13T21:11:26.987,40.9
2026-07-13T21:11:27.390,42.6
2026-07-13T21:11:27.792,47.8
2026-07-13T21:11:28.195,48.4
2026-07-13T21:11:28.598,47.8
2026-07-13T21:11:29.001,46.4
2026-07-13T21:11:29.404,45.5
2026-07-13T21:11:29.807,41.7
2026-07-13T21:11:30.210,42.5
2026-07-13T21:11:30.613,42.1
2026-07-13T21:11:31.016,42.0
2026-07-13T21:11:31.419,42.4
2026-07-13T21:11:31.822,42.1
2026-07-13T21:11:32.225,43.3
2026-07-13T21:11:32.628,45.3
2026-07-13T21:11:33.031,45.1
2026-07-13T21:11:33.434,44.9
2026-07-13T21:11:33.837,47.4
2026-07-13T21:11:34.240,46.6
2026-07-13T21:11:34.643,45.6
2026-07-13T21:11:35.046,44.7
2026-07-13T21:11:35.449,40.9
2026-07-13T21:11:35.851,51.0
2026-07-13T21:11:36.254,49.7
2026-07-13T21:11:36.657,48.1
2026-07-13T21:11:37.060,47.1
2026-07-13T21:11:37.463,42.7
2026-07-13T21:11:37.866,50.9
2026-07-13T21:11:38.269,49.3
2026-07-13T21:11:38.672,47.7
2026-07-13T21:11:39.075,46.4
2026-07-13T21:11:39.478,43.3
2026-07-13T21:11:39.881,42.3
2026-07-13T21:11:40.284,51.5
2026-07-13T21:11:40.687,49.9
2026-07-13T21:11:41.090,48.6
2026-07-13T21:11:41.493,49.4
2026-07-13T21:11:41.896,50.5
2026-07-13T21:11:42.299,50.2
2026-07-13T21:11:42.702,48.9
2026-07-13T21:11:43.105,48.4
2026-07-13T21:11:43.508,45.5
2026-07-13T21:11:43.911,42.5
2026-07-13T21:11:44.314,45.0
2026-07-13T21:11:44.717,45.1
2026-07-13T21:11:45.120,49.0
2026-07-13T21:11:45.522,47.9
2026-07-13T21:11:45.925,46.5
2026-07-13T21:11:46.328,45.2
2026-07-13T21:11:46.731,41.1
2026-07-13T21:11:47.134,41.0
2026-07-13T21:11:47.537,41.4
2026-07-13T21:11:47.940,47.7
2026-07-13T21:11:48.343,46.4
2026-07-13T21:11:48.746,45.7
2026-07-13T21:11:49.149,45.5
2026-07-13T21:11:49.552,48.2
2026-07-13T21:11:49.955,47.5
2026-07-13T21:11:50.358,46.0
2026-07-13T21:11:50.761,45.0
2026-07-13T21:11:51.164,41.2
2026-07-13T21:11:51.567,41.4
2026-07-13T21:11:51.970,41.2
2026-07-13T21:11:52.373,41.9
2026-07-13T21:11:52.776,43.0
2026-07-13T21:11:53.179,43.0
2026-07-13T21:11:53.582,42.6
2026-07-13T21:11:53.985,42.3
2026-07-13T21:11:54.388,41.8
2026-07-13T21:11:54.791,43.7
2026-07-13T21:11:55.194,43.5
2026-07-13T21:11:55.597,42.8
2026-07-13T21:11:56.000,42.4
2026-07-13T21:11:56.403,41.5
2026-07-13T21:11:56.806,40.8
2026-07-13T21:11:57.208,41.0
2026-07-13T21:11:57.611,41.1
2026-07-13T21:11:58.014,40.9
2026-07-13T21:11:58.417,41.4
2026-07-13T21:11:58.820,41.0
2026-07-13T21:11:59.223,41.1
2026-07-13T21:11:59.626,44.2
2026-07-13T21:12:00.029,45.6
2026-07-13T21:12:00.432,46.9
2026-07-13T21:12:00.835,46.0
2026-07-13T21:12:01.238,45.7
2026-07-13T21:12:01.641,45.1
2026-07-13T21:12:02.044,43.8
2026-07-13T21:12:02.447,45.7
2026-07-13T21:12:02.850,45.0
2026-07-13T21:12:03.253,44.2
2026-07-13T21:12:03.656,43.4
2026-07-13T21:12:04.059,41.5
2026-07-13T21:12:04.462,42.7
2026-07-13T21:12:04.865,49.2
2026-07-13T21:12:05.268,47.7
2026-07-13T21:12:05.671,46.5
2026-07-13T21:12:06.074,45.5
2026-07-13T21:12:06.477,43.0
2026-07-13T21:12:06.880,45.2
2026-07-13T21:12:07.283,44.4
2026-07-13T21:12:07.686,44.1
2026-07-13T21:12:08.089,51.1
2026-07-13T21:12:08.492,49.7
2026-07-13T21:12:08.895,50.2
2026-07-13T21:12:09.298,48.3
2026-07-13T21:12:09.701,47.0
2026-07-13T21:12:10.104,46.0
2026-07-13T21:12:10.507,42.6
2026-07-13T21:12:10.910,43.7
2026-07-13T21:12:11.313,43.3
2026-07-13T21:12:11.716,42.9
2026-07-13T21:12:12.119,42.7
2026-07-13T21:12:12.522,41.6
2026-07-13T21:12:12.925,46.0
2026-07-13T21:12:13.328,45.2
2026-07-13T21:12:13.731,44.2
2026-07-13T21:12:14.134,45.0
2026-07-13T21:12:14.537,45.5
2026-07-13T21:12:14.940,44.6
2026-07-13T21:12:15.343,44.2
2026-07-13T21:12:15.746,48.8
2026-07-13T21:12:16.149,48.1
2026-07-13T21:12:16.552,46.8
2026-07-13T21:12:16.955,47.3
2026-07-13T21:12:17.358,46.7
2026-07-13T21:12:17.761,45.7
2026-07-13T21:12:18.164,49.0
2026-07-13T21:12:18.567,47.5
2026-07-13T21:12:18.970,46.1
2026-07-13T21:12:19.373,45.4
2026-07-13T21:12:19.775,42.0
2026-07-13T21:12:20.178,44.9
2026-07-13T21:12:20.581,45.4
2026-07-13T21:12:20.984,50.0
2026-07-13T21:12:21.387,48.8
2026-07-13T21:12:21.790,47.8
2026-07-13T21:12:22.193,47.1
2026-07-13T21:12:22.596,50.4
2026-07-13T21:12:22.999,49.5
2026-07-13T21:12:23.402,48.2
2026-07-13T21:12:23.805,47.5
2026-07-13T21:12:24.208,46.7
2026-07-13T21:12:24.611,44.9
2026-07-13T21:12:25.014,44.7
2026-07-13T21:12:25.417,47.6
2026-07-13T21:12:25.820,46.9
2026-07-13T21:12:26.223,47.1
2026-07-13T21:12:26.626,46.7
2026-07-13T21:12:27.029,55.7
2026-07-13T21:12:27.432,77.3
2026-07-13T21:12:27.835,73.0
2026-07-13T21:12:28.238,69.9
2026-07-13T21:12:28.641,67.7
2026-07-13T21:12:29.044,57.0
2026-07-13T21:12:29.447,51.9
2026-07-13T21:12:29.850,51.1
2026-07-13T21:12:30.253,50.7
2026-07-13T21:12:30.656,53.7
2026-07-13T21:12:31.059,52.5
2026-07-13T21:12:31.462,55.1
2026-07-13T21:12:31.865,53.6
2026-07-13T21:12:32.268,51.3
2026-07-13T21:12:32.671,50.5
2026-07-13T21:12:33.074,52.4
2026-07-13T21:12:33.477,52.0
2026-07-13T21:12:33.880,50.7
2026-07-13T21:12:34.283,50.7
2026-07-13T21:12:34.686,49.7
2026-07-13T21:12:35.089,48.2
2026-07-13T21:12:35.492,50.0
2026-07-13T21:12:35.894,52.3
2026-07-13T21:12:36.297,50.6
2026-07-13T21:12:36.700,48.6
2026-07-13T21:12:37.103,47.2
2026-07-13T21:12:37.506,52.5
2026-07-13T21:12:37.909,51.0
2026-07-13T21:12:38.312,50.7
2026-07-13T21:12:38.715,49.7
2026-07-13T21:12:39.118,40.7
2026-07-13T21:12:39.521,41.0
2026-07-13T21:12:39.924,40.9
2026-07-13T21:12:40.327,40.7
2026-07-13T21:12:40.730,40.8
2026-07-13T21:12:41.133,40.9
2026-07-13T21:12:41.536,41.0
2026-07-13T21:12:41.939,40.8
2026-07-13T21:12:42.342,40.7
2026-07-13T21:12:42.745,41.0
2026-07-13T21:12:43.148,46.5
2026-07-13T21:12:43.551,46.5
2026-07-13T21:12:43.954,54.6
2026-07-13T21:12:44.357,51.9
2026-07-13T21:12:44.760,49.7
2026-07-13T21:12:45.163,50.4
2026-07-13T21:12:45.566,49.4
2026-07-13T21:12:45.969,47.5
2026-07-13T21:12:46.372,46.0
2026-07-13T21:12:46.775,41.0
2026-07-13T21:12:47.178,41.1
2026-07-13T21:12:47.581,41.3
2026-07-13T21:12:47.984,41.7
2026-07-13T21:12:48.387,41.7
2026-07-13T21:12:48.790,41.3
2026-07-13T21:12:49.193,41.5
2026-07-13T21:12:49.596,44.3
2026-07-13T21:12:49.999,43.4
2026-07-13T21:12:50.402,42.8
2026-07-13T21:12:50.805,42.3
2026-07-13T21:12:51.208,40.9
2026-07-13T21:12:51.611,40.4
2026-07-13T21:12:52.014,42.5
2026-07-13T21:12:52.417,42.0
2026-07-13T21:12:52.820,42.1
2026-07-13T21:12:53.223,41.6
2026-07-13T21:12:53.626,41.4
2026-07-13T21:12:54.029,42.8
2026-07-13T21:12:54.432,42.3
2026-07-13T21:12:54.835,42.6
2026-07-13T21:12:55.238,42.2
2026-07-13T21:12:55.641,41.7
2026-07-13T21:12:56.044,41.5
2026-07-13T21:12:56.447,41.3
2026-07-13T21:12:56.850,40.6
2026-07-13T21:12:57.252,40.6
2026-07-13T21:12:57.655,40.7
2026-07-13T21:12:58.058,40.7
2026-07-13T21:12:58.461,41.0
2026-07-13T21:12:58.864,40.6
2026-07-13T21:12:59.267,40.6
2026-07-13T21:12:59.670,40.7
2026-07-13T21:13:00.073,40.9
2026-07-13T21:13:00.476,41.5
2026-07-13T21:13:00.879,41.4
2026-07-13T21:13:01.282,41.2
2026-07-13T21:13:01.685,40.9
2026-07-13T21:13:02.088,40.6
2026-07-13T21:13:02.491,40.8
2026-07-13T21:13:02.894,40.8
2026-07-13T21:13:03.297,40.5
2026-07-13T21:13:03.700,43.4
2026-07-13T21:13:04.103,46.2
2026-07-13T21:13:04.506,45.6
2026-07-13T21:13:04.909,46.6
2026-07-13T21:13:05.312,46.2
2026-07-13T21:13:05.715,45.2
2026-07-13T21:13:06.118,44.4
2026-07-13T21:13:06.521,41.2
2026-07-13T21:13:06.924,43.5
2026-07-13T21:13:07.327,42.9
2026-07-13T21:13:07.730,42.4
2026-07-13T21:13:08.133,42.1
2026-07-13T21:13:08.536,41.1
2026-07-13T21:13:08.939,40.5
2026-07-13T21:13:09.341,42.6
2026-07-13T21:13:09.744,43.0
2026-07-13T21:13:10.147,42.5
2026-07-13T21:13:10.550,41.9
2026-07-13T21:13:10.953,41.7
2026-07-13T21:13:11.356,40.8
2026-07-13T21:13:11.759,40.7
2026-07-13T21:13:12.162,40.6
2026-07-13T21:13:12.565,40.7
2026-07-13T21:13:12.968,41.1
2026-07-13T21:13:13.371,40.7
2026-07-13T21:13:13.774,40.7
2026-07-13T21:13:14.177,42.7
2026-07-13T21:13:14.580,42.0
2026-07-13T21:13:14.983,41.7
2026-07-13T21:13:15.386,43.4
2026-07-13T21:13:15.789,42.7
2026-07-13T21:13:16.192,42.0
2026-07-13T21:13:16.595,41.5
2026-07-13T21:13:16.998,51.1
2026-07-13T21:13:17.401,50.0
2026-07-13T21:13:17.804,48.3
2026-07-13T21:13:18.207,47.8
2026-07-13T21:13:18.610,41.8
2026-07-13T21:13:19.013,41.8
2026-07-13T21:13:19.416,46.2
2026-07-13T21:13:19.819,45.3
2026-07-13T21:13:20.221,45.1
2026-07-13T21:13:20.624,44.5
2026-07-13T21:13:21.027,41.2
2026-07-13T21:13:21.430,41.4
2026-07-13T21:13:21.834,43.7
2026-07-13T21:13:22.236,43.6
2026-07-13T21:13:22.639,50.7
2026-07-13T21:13:23.042,51.0
2026-07-13T21:13:23.445,49.6
2026-07-13T21:13:23.848,54.0
2026-07-13T21:13:24.251,51.7
2026-07-13T21:13:24.654,49.4
2026-07-13T21:13:25.057,48.0
2026-07-13T21:13:25.460,41.6
2026-07-13T21:13:25.863,44.0
2026-07-13T21:13:26.266,43.4
2026-07-13T21:13:26.669,42.9
2026-07-13T21:13:27.072,42.5
